"sæson","hold","niveau_denne_sæson","placering","hændelse","kval_modstander","kval_resultat","niveau_næste_sæson_algoritme","niveau_næste_sæson_faktisk","christoffer_bekræftet","source_league_group_id","source_group_name_raw","source_group_type","source_match_id","related_qualification_group_ids"
"2010/2011","Team Skælskør-Slagelse 1","Ligaen","1","Liga-grundspil","","","ikke fundet","ikke fundet","","398","Badmintonligaen","grundspil","",""
"2010/2011","Greve 1","Ligaen","2","Liga-grundspil","","","ikke fundet","ikke fundet","","398","Badmintonligaen","grundspil","",""
"2010/2011","Værløse 1","Ligaen","3","Liga-grundspil","","","ikke fundet","ikke fundet","","398","Badmintonligaen","grundspil","",""
"2010/2011","Team Aarhus 1","Ligaen","4","Liga-grundspil","","","ikke fundet","ikke fundet","","398","Badmintonligaen","grundspil","",""
"2010/2011","Lillerød 1","Ligaen","5","Liga-grundspil","","","ikke fundet","ikke fundet","","398","Badmintonligaen","grundspil","",""
"2010/2011","Vendsyssel 1","Ligaen","6","Liga-grundspil","","","ikke fundet","ikke fundet","","398","Badmintonligaen","grundspil","",""
"2010/2011","Skovshoved 1","Ligaen","7","forbliver i Ligaen (nr. 7-8)","","","ikke fundet","ikke fundet","","398","Badmintonligaen","grundspil","",""
"2010/2011","Gentofte 1","Ligaen","8","forbliver i Ligaen (nr. 7-8)","","","ikke fundet","ikke fundet","","398","Badmintonligaen","grundspil","",""
"2010/2011","Odense OBK 1","Ligaen","9","Ligakvalifikationspulje (ikke direkte 2-holds kamp)","","","ikke fundet","ikke fundet","","398","Badmintonligaen","grundspil","","420"
"2010/2011","Ikast 1","Ligaen","10","automatisk nedrykning","","","ikke fundet","ikke fundet","","398","Badmintonligaen","grundspil","","420"
"2010/2011","Aarhus AB 1","1. division","1","1. divisions kvalifikationsgruppe mod Ligaen","","","ikke fundet","ikke fundet","","405","Grundspil","grundspil","","420"
"2010/2011","Solrød Strand 1","1. division","2","1. divisions kvalifikationsgruppe mod Ligaen","","","ikke fundet","ikke fundet","","405","Grundspil","grundspil","","420"
"2010/2011","Randers BK 1","1. division","3","1. divisions nedrykningsspil mod 2. division","","","ikke fundet","ikke fundet","","405","Grundspil","grundspil","","406"
"2010/2011","Aalborg Triton 1","1. division","4","1. divisions nedrykningsspil mod 2. division","","","ikke fundet","ikke fundet","","405","Grundspil","grundspil","","406"
"2010/2011","Værløse 2","1. division","5","1. divisions nedrykningsspil mod 2. division","","","ikke fundet","1. division","","405","Grundspil","grundspil","","406"
"2010/2011","Højbjerg 1","1. division","6","1. divisions nedrykningsspil mod 2. division","","","ikke fundet","ikke fundet","","405","Grundspil","grundspil","","406"
"2010/2011","Team Fredericia 1","1. division","7","1. divisions nedrykningsspil mod 2. division","","","ikke fundet","ikke fundet","","405","Grundspil","grundspil","","406"
"2010/2011","Humlebæk 1","1. division","8","1. divisions nedrykningsspil mod 2. division","","","ikke fundet","ikke fundet","","405","Grundspil","grundspil","","406"
"2010/2011","Silkeborg BK 1","Danmarksserien","1","forbliver i Danmarksserien (midterfelt)","","","ikke fundet","ikke fundet","","424","Vest pulje 1","grundspil","",""
"2010/2011","BK Aalborg 2","Danmarksserien","2","forbliver i Danmarksserien (midterfelt)","","","ikke fundet","3. division","","424","Vest pulje 1","grundspil","",""
"2010/2011","Højbjerg 3","Danmarksserien","3","forbliver i Danmarksserien (midterfelt)","","","ikke fundet","Danmarksserien","","424","Vest pulje 1","grundspil","",""
"2010/2011","Vejgaard 1","Danmarksserien","4","forbliver i Danmarksserien (midterfelt)","","","ikke fundet","ikke fundet","","424","Vest pulje 1","grundspil","",""
"2010/2011","Viby J 2","Danmarksserien","5","Danmarksseriens nedrykningsspil mod regional række","","","ikke fundet","Danmarksserien","","424","Vest pulje 1","grundspil","","434"
"2010/2011","Randers BK 3","Danmarksserien","6","Danmarksseriens nedrykningsspil mod regional række","","","ikke fundet","Danmarksserien","","424","Vest pulje 1","grundspil","","434"
"2010/2011","Skive-Resen 1","Danmarksserien","7","Danmarksseriens nedrykningsspil mod regional række","","","ikke fundet","ikke fundet","","424","Vest pulje 1","grundspil","","434"
"2010/2011","Aars 1","Danmarksserien","8","Danmarksseriens nedrykningsspil mod regional række","","","ikke fundet","ikke fundet","","424","Vest pulje 1","grundspil","","434"
"2010/2011","Aalborg Triton 3","Danmarksserien","1","forbliver i Danmarksserien (midterfelt)","","","ikke fundet","Danmarksserien","","425","Vest pulje 2","grundspil","",""
"2010/2011","Ikast 3","Danmarksserien","2","forbliver i Danmarksserien (midterfelt)","","","ikke fundet","Danmarksserien","","425","Vest pulje 2","grundspil","",""
"2010/2011","Skovbakken 3","Danmarksserien","3","forbliver i Danmarksserien (midterfelt)","","","ikke fundet","Danmarksserien","","425","Vest pulje 2","grundspil","",""
"2010/2011","&#216;ster Hurup 1","Danmarksserien","4","forbliver i Danmarksserien (midterfelt)","","","ikke fundet","ikke fundet","","425","Vest pulje 2","grundspil","",""
"2010/2011","Svenstrup 1","Danmarksserien","5","Danmarksseriens nedrykningsspil mod regional række","","","ikke fundet","ikke fundet","","425","Vest pulje 2","grundspil","","434"
"2010/2011","Beder-Malling 1","Danmarksserien","6","Danmarksseriens nedrykningsspil mod regional række","","","ikke fundet","ikke fundet","","425","Vest pulje 2","grundspil","","434"
"2010/2011","Støvring 1","Danmarksserien","7","Danmarksseriens nedrykningsspil mod regional række","","","ikke fundet","ikke fundet","","425","Vest pulje 2","grundspil","","434"
"2010/2011","Vendsyssel 3","Danmarksserien","8","Danmarksseriens nedrykningsspil mod regional række","","","ikke fundet","ikke fundet","","425","Vest pulje 2","grundspil","","434"
"2010/2011","Team Fyn 1","Danmarksserien","1","forbliver i Danmarksserien (midterfelt)","","","ikke fundet","ikke fundet","","426","Vest pulje 3","grundspil","",""
"2010/2011","Kolding BK 1","Danmarksserien","2","forbliver i Danmarksserien (midterfelt)","","","ikke fundet","ikke fundet","","426","Vest pulje 3","grundspil","",""
"2010/2011","Odense OBK 4","Danmarksserien","3","forbliver i Danmarksserien (midterfelt)","","","ikke fundet","Danmarksserien","","426","Vest pulje 3","grundspil","",""
"2010/2011","Odense BK77 1","Danmarksserien","4","forbliver i Danmarksserien (midterfelt)","","","ikke fundet","ikke fundet","","426","Vest pulje 3","grundspil","",""
"2010/2011","Badminton Esbjerg 2","Danmarksserien","5","Danmarksseriens nedrykningsspil mod regional række","","","ikke fundet","Danmarksserien","","426","Vest pulje 3","grundspil","","435"
"2010/2011","Svendborg 2","Danmarksserien","6","Danmarksseriens nedrykningsspil mod regional række","","","ikke fundet","Danmarksserien","","426","Vest pulje 3","grundspil","","435"
"2010/2011","Ringe 1","Danmarksserien","7","Danmarksseriens nedrykningsspil mod regional række","","","ikke fundet","ikke fundet","","426","Vest pulje 3","grundspil","","435"
"2010/2011","Broager 1","Danmarksserien","8","Danmarksseriens nedrykningsspil mod regional række","","","ikke fundet","ikke fundet","","426","Vest pulje 3","grundspil","","435"
"2010/2011","Horsens 1","Danmarksserien","1","forbliver i Danmarksserien (midterfelt)","","","ikke fundet","ikke fundet","","427","Vest pulje 4","grundspil","",""
"2010/2011","Middelfart 1","Danmarksserien","2","forbliver i Danmarksserien (midterfelt)","","","ikke fundet","ikke fundet","","427","Vest pulje 4","grundspil","",""
"2010/2011","Næsby 1","Danmarksserien","3","forbliver i Danmarksserien (midterfelt)","","","ikke fundet","ikke fundet","","427","Vest pulje 4","grundspil","",""
"2010/2011","Korup 1","Danmarksserien","4","forbliver i Danmarksserien (midterfelt)","","","ikke fundet","ikke fundet","","427","Vest pulje 4","grundspil","",""
"2010/2011","Vejle 1","Danmarksserien","5","Danmarksseriens nedrykningsspil mod regional række","","","ikke fundet","ikke fundet","","427","Vest pulje 4","grundspil","","435"
"2010/2011","Bolbro 1","Danmarksserien","6","Danmarksseriens nedrykningsspil mod regional række","","","ikke fundet","ikke fundet","","427","Vest pulje 4","grundspil","","435"
"2010/2011","Erritsø 2","Danmarksserien","7","Danmarksseriens nedrykningsspil mod regional række","","","ikke fundet","ikke fundet","","427","Vest pulje 4","grundspil","","435"
"2010/2011","Viby J 3","Danmarksserien","8","Danmarksseriens nedrykningsspil mod regional række","","","ikke fundet","ikke fundet","","427","Vest pulje 4","grundspil","","435"
"2010/2011","Skovshoved 3","Danmarksserien","1","forbliver i Danmarksserien (midterfelt)","","","ikke fundet","3. division","","428","&#216;st pulje 1","grundspil","",""
"2010/2011","Værløse 4","Danmarksserien","2","forbliver i Danmarksserien (midterfelt)","","","ikke fundet","Danmarksserien","","428","&#216;st pulje 1","grundspil","",""
"2010/2011","Farum 1","Danmarksserien","3","forbliver i Danmarksserien (midterfelt)","","","ikke fundet","ikke fundet","","428","&#216;st pulje 1","grundspil","",""
"2010/2011","Holte 2","Danmarksserien","4","forbliver i Danmarksserien (midterfelt)","","","ikke fundet","Danmarksserien","","428","&#216;st pulje 1","grundspil","",""
"2010/2011","Lillerød 3","Danmarksserien","5","Danmarksseriens nedrykningsspil mod regional række","","","ikke fundet","Danmarksserien","","428","&#216;st pulje 1","grundspil","","432"
"2010/2011","Ballerup BC58 1","Danmarksserien","6","Danmarksseriens nedrykningsspil mod regional række","","","ikke fundet","ikke fundet","","428","&#216;st pulje 1","grundspil","","432"
"2010/2011","KBK Kbh. 4","Danmarksserien","7","Danmarksseriens nedrykningsspil mod regional række","","","ikke fundet","Danmarksserien","","428","&#216;st pulje 1","grundspil","","432"
"2010/2011","SMASH 1","Danmarksserien","8","Danmarksseriens nedrykningsspil mod regional række","","","ikke fundet","ikke fundet","","428","&#216;st pulje 1","grundspil","","432"
"2010/2011","Holbæk 2","Danmarksserien","1","forbliver i Danmarksserien (midterfelt)","","","ikke fundet","3. division","","429","&#216;st pulje 2","grundspil","",""
"2010/2011","Drive 2","Danmarksserien","2","forbliver i Danmarksserien (midterfelt)","","","ikke fundet","Danmarksserien","","429","&#216;st pulje 2","grundspil","",""
"2010/2011","BC37 Amager 1","Danmarksserien","3","forbliver i Danmarksserien (midterfelt)","","","ikke fundet","ikke fundet","","429","&#216;st pulje 2","grundspil","",""
"2010/2011","BKPOINT Kbh. 1","Danmarksserien","4","forbliver i Danmarksserien (midterfelt)","","","ikke fundet","ikke fundet","","429","&#216;st pulje 2","grundspil","",""
"2010/2011","Hørsholm 1","Danmarksserien","5","Danmarksseriens nedrykningsspil mod regional række","","","ikke fundet","ikke fundet","","429","&#216;st pulje 2","grundspil","","432"
"2010/2011","Skovlunde 1","Danmarksserien","6","Danmarksseriens nedrykningsspil mod regional række","","","ikke fundet","ikke fundet","","429","&#216;st pulje 2","grundspil","","432"
"2010/2011","Team Roskilde 3","Danmarksserien","7","Danmarksseriens nedrykningsspil mod regional række","","","ikke fundet","ikke fundet","","429","&#216;st pulje 2","grundspil","","432"
"2010/2011","Humlebæk 2","Danmarksserien","8","Danmarksseriens nedrykningsspil mod regional række","","","ikke fundet","ikke fundet","","429","&#216;st pulje 2","grundspil","","432"
"2010/2011","Rødovre 1","Danmarksserien","1","forbliver i Danmarksserien (midterfelt)","","","ikke fundet","ikke fundet","","430","&#216;st pulje 3","grundspil","",""
"2010/2011","Taastrup Elite 1","Danmarksserien","2","forbliver i Danmarksserien (midterfelt)","","","ikke fundet","ikke fundet","","430","&#216;st pulje 3","grundspil","",""
"2010/2011","KBK Kbh. 3","Danmarksserien","3","forbliver i Danmarksserien (midterfelt)","","","ikke fundet","Danmarksserien","","430","&#216;st pulje 3","grundspil","",""
"2010/2011","Vordingborg 1","Danmarksserien","4","forbliver i Danmarksserien (midterfelt)","","","ikke fundet","ikke fundet","","430","&#216;st pulje 3","grundspil","",""
"2010/2011","Køge-Strøby 1","Danmarksserien","5","Danmarksseriens nedrykningsspil mod regional række","","","ikke fundet","ikke fundet","","430","&#216;st pulje 3","grundspil","","433"
"2010/2011","Ishøj SB 50 1","Danmarksserien","6","Danmarksseriens nedrykningsspil mod regional række","","","ikke fundet","ikke fundet","","430","&#216;st pulje 3","grundspil","","433"
"2010/2011","&#216;nslev-Eskildstrup 1","Danmarksserien","7","Danmarksseriens nedrykningsspil mod regional række","","","ikke fundet","ikke fundet","","430","&#216;st pulje 3","grundspil","","433"
"2010/2011","Dragør 1","Danmarksserien","8","Danmarksseriens nedrykningsspil mod regional række","","","ikke fundet","ikke fundet","","430","&#216;st pulje 3","grundspil","","433"
"2010/2011","Karlslunde 1","Danmarksserien","1","forbliver i Danmarksserien (midterfelt)","","","ikke fundet","ikke fundet","","431","&#216;st pulje 4","grundspil","",""
"2010/2011","SAIF Kbh. 1","Danmarksserien","2","forbliver i Danmarksserien (midterfelt)","","","ikke fundet","ikke fundet","","431","&#216;st pulje 4","grundspil","",""
"2010/2011","Gladsaxe Søborg 1","Danmarksserien","3","forbliver i Danmarksserien (midterfelt)","","","ikke fundet","ikke fundet","","431","&#216;st pulje 4","grundspil","",""
"2010/2011","Charlottenlund 1","Danmarksserien","4","forbliver i Danmarksserien (midterfelt)","","","ikke fundet","ikke fundet","","431","&#216;st pulje 4","grundspil","",""
"2010/2011","Skibby 2","Danmarksserien","5","Danmarksseriens nedrykningsspil mod regional række","","","ikke fundet","ikke fundet","","431","&#216;st pulje 4","grundspil","","433"
"2010/2011","Solrød Strand 4","Danmarksserien","6","Danmarksseriens nedrykningsspil mod regional række","","","ikke fundet","ikke fundet","","431","&#216;st pulje 4","grundspil","","433"
"2010/2011","Team Roskilde 2","Danmarksserien","7","Danmarksseriens nedrykningsspil mod regional række","","","ikke fundet","Danmarksserien","","431","&#216;st pulje 4","grundspil","","433"
"2010/2011","Herlev/Hjorten 2","Danmarksserien","8","Danmarksseriens nedrykningsspil mod regional række","","","ikke fundet","ikke fundet","","431","&#216;st pulje 4","grundspil","","433"
"2011/2012","Team Skælskør-Slagelse","Ligaen","1","Liga-grundspil","","","ikke fundet","Ligaen","","3","Grundspil","grundspil","",""
"2011/2012","Greve","Ligaen","2","Liga-grundspil","","","ikke fundet","Ligaen","","3","Grundspil","grundspil","",""
"2011/2012","Vendsyssel","Ligaen","3","Liga-grundspil","","","ikke fundet","Ligaen","","3","Grundspil","grundspil","",""
"2011/2012","Værløse","Ligaen","4","Liga-grundspil","","","ikke fundet","Ligaen","","3","Grundspil","grundspil","",""
"2011/2012","Aarhus AB (O)","Ligaen","5","Liga-grundspil","","","ikke fundet","Ligaen","","3","Grundspil","grundspil","",""
"2011/2012","Skovshoved","Ligaen","6","Liga-grundspil","","","ikke fundet","Ligaen","","3","Grundspil","grundspil","",""
"2011/2012","Solrød Strand (O)","Ligaen","7","forbliver i Ligaen (nr. 7-8)","","","ikke fundet","Ligaen","","3","Grundspil","grundspil","",""
"2011/2012","Gentofte","Ligaen","8","forbliver i Ligaen (nr. 7-8)","","","ikke fundet","Ligaen","","3","Grundspil","grundspil","",""
"2011/2012","Team Aarhus","Ligaen","9","Ligakvalifikationspulje (ikke direkte 2-holds kamp)","","","ikke fundet","ikke fundet","","3","Grundspil","grundspil","","1078"
"2011/2012","Lillerød","Ligaen","10","automatisk nedrykning","","","ikke fundet","Ligaen","","3","Grundspil","grundspil","","1078"
"2011/2012","Odense OBK (N)","1. division","1","1. divisions kvalifikationsgruppe mod Ligaen; BD (N) = historisk bevægelsesmarkør","","","ikke fundet","Ligaen","","4","1. division","grundspil","","1078"
"2011/2012","Ikast (N)","1. division","2","1. divisions kvalifikationsgruppe mod Ligaen; BD (N) = historisk bevægelsesmarkør","","","ikke fundet","ikke fundet","","4","1. division","grundspil","","1078"
"2011/2012","Aalborg Triton","1. division","3","1. divisions nedrykningsspil mod 2. division","","","ikke fundet","1. division","","4","1. division","grundspil","","1079"
"2011/2012","Randers BK","1. division","4","1. divisions nedrykningsspil mod 2. division","","","ikke fundet","1. division","","4","1. division","grundspil","","1079"
"2011/2012","Værløse 2","1. division","5","1. divisions nedrykningsspil mod 2. division","","","ikke fundet","1. division","","4","1. division","grundspil","","1079"
"2011/2012","Gentofte 2 (O)","1. division","6","1. divisions nedrykningsspil mod 2. division; BD (O) = historisk bevægelsesmarkør","","","ikke fundet","1. division","","4","1. division","grundspil","","1079"
"2011/2012","Solrød Strand 2 (O)","1. division","7","1. divisions nedrykningsspil mod 2. division; BD (O) = historisk bevægelsesmarkør","","","ikke fundet","2. division","","4","1. division","grundspil","","1079"
"2011/2012","Team Fredericia","1. division","8","1. divisions nedrykningsspil mod 2. division","","","ikke fundet","2. division","","4","1. division","grundspil","","1079"
"2011/2012","Skovshoved 2 (O)","2. division","1","2. divisions oprykningsspil/kvalifikation mod 1. division; BD (O) = historisk bevægelsesmarkør","","","ikke fundet","2. division","","5","Pulje 1","grundspil","","1074"
"2011/2012","Odense OBK 2","2. division","2","2. divisions oprykningsspil/kvalifikation mod 1. division","","","ikke fundet","2. division","","5","Pulje 1","grundspil","","1074"
"2011/2012","Aarhus AB 2 (O)","2. division","3","2. divisions oprykningsspil/kvalifikation mod 1. division; BD (O) = historisk bevægelsesmarkør","","","ikke fundet","2. division","","5","Pulje 1","grundspil","","1074"
"2011/2012","Skovbakken","2. division","4","2. divisions oprykningsspil/kvalifikation mod 1. division","","","ikke fundet","2. division","","5","Pulje 1","grundspil","","1074"
"2011/2012","Højbjerg (N)","2. division","5","2. divisions nedrykningsspil/kvalifikation mod 3. division; BD (N) = historisk bevægelsesmarkør","","","ikke fundet","ikke fundet","","5","Pulje 1","grundspil","","1069"
"2011/2012","Badminton Esbjerg","2. division","6","2. divisions nedrykningsspil/kvalifikation mod 3. division","","","ikke fundet","2. division","","5","Pulje 1","grundspil","","1069"
"2011/2012","BK Aalborg","2. division","7","2. divisions nedrykningsspil/kvalifikation mod 3. division","","","ikke fundet","ikke fundet","","5","Pulje 1","grundspil","","1069"
"2011/2012","Viby J","2. division","8","2. divisions nedrykningsspil/kvalifikation mod 3. division","","","ikke fundet","3. division","","5","Pulje 1","grundspil","","1069"
"2011/2012","Hvidovre","2. division","1","2. divisions oprykningsspil/kvalifikation mod 1. division","","","ikke fundet","1. division","","6","Pulje 2","grundspil","","1074"
"2011/2012","KBK Kbh.","2. division","2","2. divisions oprykningsspil/kvalifikation mod 1. division","","","ikke fundet","1. division","","6","Pulje 2","grundspil","","1074"
"2011/2012","Greve 2","2. division","3","2. divisions oprykningsspil/kvalifikation mod 1. division","","","ikke fundet","2. division","","6","Pulje 2","grundspil","","1074"
"2011/2012","Holbæk (O)","2. division","4","2. divisions oprykningsspil/kvalifikation mod 1. division; BD (O) = historisk bevægelsesmarkør","","","ikke fundet","2. division","","6","Pulje 2","grundspil","","1074"
"2011/2012","KMB2010","2. division","5","2. divisions nedrykningsspil/kvalifikation mod 3. division","","","ikke fundet","2. division","","6","Pulje 2","grundspil","","1069"
"2011/2012","Drive","2. division","6","2. divisions nedrykningsspil/kvalifikation mod 3. division","","","ikke fundet","3. division","","6","Pulje 2","grundspil","","1069"
"2011/2012","Lillerød 2 (O)","2. division","7","2. divisions nedrykningsspil/kvalifikation mod 3. division; BD (O) = historisk bevægelsesmarkør","","","ikke fundet","3. division","","6","Pulje 2","grundspil","","1069"
"2011/2012","Humlebæk (N)","2. division","8","2. divisions nedrykningsspil/kvalifikation mod 3. division; BD (N) = historisk bevægelsesmarkør","","","ikke fundet","3. division","","6","Pulje 2","grundspil","","1069"
"2011/2012","Brønderslev","3. division","1","3. divisions kvalifikationsgruppe mod 2. division","","","ikke fundet","2. division","","7","Pulje 1","grundspil","","1046"
"2011/2012","Aalborg Triton 2","3. division","2","3. divisions kvalifikationsgruppe mod 2. division","","","ikke fundet","3. division","","7","Pulje 1","grundspil","","1046"
"2011/2012","Randers BK 2","3. division","3","3. divisions kvalifikationsgruppe mod 2. division","","","ikke fundet","3. division","","7","Pulje 1","grundspil","","1046"
"2011/2012","Vendsyssel 2","3. division","4","3. divisions kvalifikationsgruppe mod 2. division","","","ikke fundet","3. division","","7","Pulje 1","grundspil","","1046"
"2011/2012","Silkeborg BK","3. division","5","3. divisions nedrykningsspil/kvalifikation mod Danmarksserien","","","ikke fundet","Danmarksserien","","7","Pulje 1","grundspil","","1048"
"2011/2012","Højbjerg 2 (N)","3. division","6","3. divisions nedrykningsspil/kvalifikation mod Danmarksserien; BD (N) = historisk bevægelsesmarkør","","","ikke fundet","2. division","","7","Pulje 1","grundspil","","1048"
"2011/2012","Skovbakken 2","3. division","7","3. divisions nedrykningsspil/kvalifikation mod Danmarksserien","","","ikke fundet","3. division","","7","Pulje 1","grundspil","","1048"
"2011/2012","BK Aalborg 2 (O)","3. division","8","3. divisions nedrykningsspil/kvalifikation mod Danmarksserien; BD (O) = historisk bevægelsesmarkør","","","ikke fundet","ikke fundet","","7","Pulje 1","grundspil","","1048"
"2011/2012","Ikast 2","3. division","1","3. divisions kvalifikationsgruppe mod 2. division","","","ikke fundet","2. division","","8","Pulje 2","grundspil","","1046"
"2011/2012","Svendborg (N)","3. division","2","3. divisions kvalifikationsgruppe mod 2. division; BD (N) = historisk bevægelsesmarkør","","","ikke fundet","3. division","","8","Pulje 2","grundspil","","1046"
"2011/2012","Odense OBK 3","3. division","3","3. divisions kvalifikationsgruppe mod 2. division","","","ikke fundet","3. division","","8","Pulje 2","grundspil","","1046"
"2011/2012","Skælskør (N)","3. division","4","3. divisions kvalifikationsgruppe mod 2. division; BD (N) = historisk bevægelsesmarkør","","","ikke fundet","3. division","","8","Pulje 2","grundspil","","1046"
"2011/2012","Horsens (O)","3. division","5","3. divisions nedrykningsspil/kvalifikation mod Danmarksserien; BD (O) = historisk bevægelsesmarkør","","","ikke fundet","3. division","","8","Pulje 2","grundspil","","1048"
"2011/2012","Team Fyn (O)","3. division","6","3. divisions nedrykningsspil/kvalifikation mod Danmarksserien; BD (O) = historisk bevægelsesmarkør","","","ikke fundet","3. division","","8","Pulje 2","grundspil","","1048"
"2011/2012","Haderslev","3. division","7","3. divisions nedrykningsspil/kvalifikation mod Danmarksserien","","","ikke fundet","Danmarksserien","","8","Pulje 2","grundspil","","1048"
"2011/2012","Team SVS Elite","3. division","8","3. divisions nedrykningsspil/kvalifikation mod Danmarksserien","","","ikke fundet","Danmarksserien","","8","Pulje 2","grundspil","","1048"
"2011/2012","Hillerød","3. division","1","3. divisions kvalifikationsgruppe mod 2. division","","","ikke fundet","2. division","","9","Pulje 3","grundspil","","1047"
"2011/2012","Holte","3. division","2","3. divisions kvalifikationsgruppe mod 2. division","","","ikke fundet","2. division","","9","Pulje 3","grundspil","","1047"
"2011/2012","Gentofte 3","3. division","3","3. divisions kvalifikationsgruppe mod 2. division","","","ikke fundet","3. division","","9","Pulje 3","grundspil","","1047"
"2011/2012","Værløse 3","3. division","4","3. divisions kvalifikationsgruppe mod 2. division","","","ikke fundet","3. division","","9","Pulje 3","grundspil","","1047"
"2011/2012","Bornholm.","3. division","5","3. divisions nedrykningsspil/kvalifikation mod Danmarksserien","","","ikke fundet","Danmarksserien","","9","Pulje 3","grundspil","","1049"
"2011/2012","Skovshoved 3 (O)","3. division","6","3. divisions nedrykningsspil/kvalifikation mod Danmarksserien; BD (O) = historisk bevægelsesmarkør","","","ikke fundet","3. division","","9","Pulje 3","grundspil","","1049"
"2011/2012","Skibby","3. division","7","3. divisions nedrykningsspil/kvalifikation mod Danmarksserien","","","ikke fundet","Danmarksserien","","9","Pulje 3","grundspil","","1049"
"2011/2012","Rødovre (O)","3. division","8","3. divisions nedrykningsspil/kvalifikation mod Danmarksserien; BD (O) = historisk bevægelsesmarkør","","","ikke fundet","ikke fundet","","9","Pulje 3","grundspil","","1049"
"2011/2012","Solrød Strand 3","3. division","1","3. divisions kvalifikationsgruppe mod 2. division","","","ikke fundet","3. division","","10","Pulje 4","grundspil","","1047"
"2011/2012","Lyngby","3. division","2","3. divisions kvalifikationsgruppe mod 2. division","","","ikke fundet","3. division","","10","Pulje 4","grundspil","","1047"
"2011/2012","Holbæk 2 (O)","3. division","3","3. divisions kvalifikationsgruppe mod 2. division; BD (O) = historisk bevægelsesmarkør","","","ikke fundet","3. division","","10","Pulje 4","grundspil","","1047"
"2011/2012","Hvidovre 2","3. division","4","3. divisions kvalifikationsgruppe mod 2. division","","","ikke fundet","3. division","","10","Pulje 4","grundspil","","1047"
"2011/2012","Karlslunde (O)","3. division","5","3. divisions nedrykningsspil/kvalifikation mod Danmarksserien; BD (O) = historisk bevægelsesmarkør","","","ikke fundet","3. division","","10","Pulje 4","grundspil","","1049"
"2011/2012","Team Roskilde (N)","3. division","6","3. divisions nedrykningsspil/kvalifikation mod Danmarksserien; BD (N) = historisk bevægelsesmarkør","","","ikke fundet","3. division","","10","Pulje 4","grundspil","","1049"
"2011/2012","KBK Kbh. 2","3. division","7","3. divisions nedrykningsspil/kvalifikation mod Danmarksserien","","","ikke fundet","3. division","","10","Pulje 4","grundspil","","1049"
"2011/2012","Ringsted","3. division","8","3. divisions nedrykningsspil/kvalifikation mod Danmarksserien","","","ikke fundet","Danmarksserien","","10","Pulje 4","grundspil","","1049"
"2011/2012","Odense BK77","Danmarksserien","1","Danmarksseriens kvalifikationsgruppe mod 3. division","","","ikke fundet","Danmarksserien","","27","Vest pulje 1","grundspil","","1070"
"2011/2012","Middelfart","Danmarksserien","2","Danmarksseriens kvalifikationsgruppe mod 3. division","","","ikke fundet","3. division","","27","Vest pulje 1","grundspil","","1070"
"2011/2012","Odense OBK 4","Danmarksserien","3","Danmarksseriens kvalifikationsgruppe mod 3. division","","","ikke fundet","Danmarksserien","","27","Vest pulje 1","grundspil","","1070"
"2011/2012","Vejle","Danmarksserien","4","Danmarksseriens kvalifikationsgruppe mod 3. division","","","ikke fundet","Danmarksserien","","27","Vest pulje 1","grundspil","","1070"
"2011/2012","Tarup-Pårup (O)","Danmarksserien","5","Danmarksseriens nedrykningsspil mod regional række; BD (O) = historisk bevægelsesmarkør","","","ikke fundet","Danmarksserien","","27","Vest pulje 1","grundspil","","981"
"2011/2012","Badminton Esbjerg 2","Danmarksserien","6","Danmarksseriens nedrykningsspil mod regional række","","","ikke fundet","Danmarksserien","","27","Vest pulje 1","grundspil","","981"
"2011/2012","Næsby","Danmarksserien","7","Danmarksseriens nedrykningsspil mod regional række","","","ikke fundet","Danmarksserien","","27","Vest pulje 1","grundspil","","981"
"2011/2012","Grindsted BK (O)","Danmarksserien","8","Danmarksseriens nedrykningsspil mod regional række; BD (O) = historisk bevægelsesmarkør","","","ikke fundet","ikke fundet","","27","Vest pulje 1","grundspil","","981"
"2011/2012","Kolding BK","Danmarksserien","1","Danmarksseriens kvalifikationsgruppe mod 3. division","","","ikke fundet","3. division","","28","Vest pulje 2","grundspil","","1070"
"2011/2012","Ringe","Danmarksserien","2","Danmarksseriens kvalifikationsgruppe mod 3. division","","","ikke fundet","Danmarksserien","","28","Vest pulje 2","grundspil","","1070"
"2011/2012","Korup","Danmarksserien","3","Danmarksseriens kvalifikationsgruppe mod 3. division","","","ikke fundet","Danmarksserien","","28","Vest pulje 2","grundspil","","1070"
"2011/2012","Odense OBK 5 (O)","Danmarksserien","4","Danmarksseriens kvalifikationsgruppe mod 3. division; BD (O) = historisk bevægelsesmarkør","","","ikke fundet","Danmarksserien","","28","Vest pulje 2","grundspil","","1071"
"2011/2012","Aarhus AB 3 (O)","Danmarksserien","5","Danmarksseriens nedrykningsspil mod regional række; BD (O) = historisk bevægelsesmarkør","","","ikke fundet","ikke fundet","","28","Vest pulje 2","grundspil","","981"
"2011/2012","Erritsø (N)","Danmarksserien","6","Danmarksseriens nedrykningsspil mod regional række; BD (N) = historisk bevægelsesmarkør","","","ikke fundet","Danmarksserien","","28","Vest pulje 2","grundspil","","981"
"2011/2012","Svendborg 2","Danmarksserien","7","Danmarksseriens nedrykningsspil mod regional række","","","ikke fundet","Danmarksserien","","28","Vest pulje 2","grundspil","","981"
"2011/2012","Bolbro","Danmarksserien","8","Danmarksseriens nedrykningsspil mod regional række","","","ikke fundet","ikke fundet","","28","Vest pulje 2","grundspil","","981"
"2011/2012","Skovbakken 3","Danmarksserien","1","Danmarksseriens kvalifikationsgruppe mod 3. division","","","ikke fundet","Danmarksserien","","29","Vest pulje 3","grundspil","","1071"
"2011/2012","Højbjerg 3","Danmarksserien","2","Danmarksseriens kvalifikationsgruppe mod 3. division","","","ikke fundet","3. division","","29","Vest pulje 3","grundspil","","1071"
"2011/2012","Beder-Malling","Danmarksserien","3","Danmarksseriens kvalifikationsgruppe mod 3. division","","","ikke fundet","Danmarksserien","","29","Vest pulje 3","grundspil","","1071"
"2011/2012","Randers BK 3","Danmarksserien","4","Danmarksseriens kvalifikationsgruppe mod 3. division","","","ikke fundet","Danmarksserien","","29","Vest pulje 3","grundspil","","1071"
"2011/2012","Aalborg Triton 3","Danmarksserien","5","Danmarksseriens nedrykningsspil mod regional række","","","ikke fundet","Danmarksserien","","29","Vest pulje 3","grundspil","","982"
"2011/2012","Silkeborg BK 2 (O)","Danmarksserien","6","Danmarksseriens nedrykningsspil mod regional række; BD (O) = historisk bevægelsesmarkør","","","ikke fundet","ikke fundet","","29","Vest pulje 3","grundspil","","982"
"2011/2012","Team Hjørring (N)","Danmarksserien","7","Danmarksseriens nedrykningsspil mod regional række; BD (N) = historisk bevægelsesmarkør","","","ikke fundet","ikke fundet","","29","Vest pulje 3","grundspil","","982"
"2011/2012","Brønderslev 2 (O)","Danmarksserien","8","Danmarksseriens nedrykningsspil mod regional række; BD (O) = historisk bevægelsesmarkør","","","ikke fundet","ikke fundet","","29","Vest pulje 3","grundspil","","982"
"2011/2012","Ikast 3","Danmarksserien","1","Danmarksseriens kvalifikationsgruppe mod 3. division","","","ikke fundet","3. division","","30","Vest pulje 4","grundspil","","1071"
"2011/2012","Vejlby IK (N)","Danmarksserien","2","Danmarksseriens kvalifikationsgruppe mod 3. division; BD (N) = historisk bevægelsesmarkør","","","ikke fundet","3. division","","30","Vest pulje 4","grundspil","","1071"
"2011/2012","BK Aalborg 3 (O)","Danmarksserien","3","Danmarksseriens kvalifikationsgruppe mod 3. division; BD (O) = historisk bevægelsesmarkør","","","ikke fundet","ikke fundet","","30","Vest pulje 4","grundspil","","1071"
"2011/2012","Viby J 2","Danmarksserien","4","Danmarksseriens kvalifikationsgruppe mod 3. division","","","ikke fundet","Danmarksserien","","30","Vest pulje 4","grundspil","","1070"
"2011/2012","Svenstrup","Danmarksserien","5","Danmarksseriens nedrykningsspil mod regional række","","","ikke fundet","Danmarksserien","","30","Vest pulje 4","grundspil","","982"
"2011/2012","Skødstrup (O)","Danmarksserien","6","Danmarksseriens nedrykningsspil mod regional række; BD (O) = historisk bevægelsesmarkør","","","ikke fundet","Danmarksserien","","30","Vest pulje 4","grundspil","","982"
"2011/2012","Vejgaard","Danmarksserien","7","Danmarksseriens nedrykningsspil mod regional række","","","ikke fundet","Danmarksserien","","30","Vest pulje 4","grundspil","","982"
"2011/2012","&#216;ster Hurup","Danmarksserien","8","Danmarksseriens nedrykningsspil mod regional række","","","ikke fundet","Danmarksserien","","30","Vest pulje 4","grundspil","","982"
"2011/2012","Drive 2","Danmarksserien","1","Danmarksseriens kvalifikationsgruppe mod 3. division","","","ikke fundet","Danmarksserien","","71","&#216;st pulje 2","grundspil","","1072"
"2011/2012","Greve 3 (N)","Danmarksserien","2","Danmarksseriens kvalifikationsgruppe mod 3. division; BD (N) = historisk bevægelsesmarkør","","","ikke fundet","Danmarksserien","","71","&#216;st pulje 2","grundspil","","1072"
"2011/2012","Charlottenlund","Danmarksserien","3","Danmarksseriens kvalifikationsgruppe mod 3. division","","","ikke fundet","3. division","","71","&#216;st pulje 2","grundspil","","1072"
"2011/2012","Holbæk 3 (O)","Danmarksserien","4","Danmarksseriens kvalifikationsgruppe mod 3. division; BD (O) = historisk bevægelsesmarkør","","","ikke fundet","Danmarksserien","","71","&#216;st pulje 2","grundspil","","1072"
"2011/2012","KBK Kbh. 4","Danmarksserien","5","Danmarksseriens nedrykningsspil mod regional række","","","ikke fundet","Danmarksserien","","71","&#216;st pulje 2","grundspil","","983"
"2011/2012","Gladsaxe Søborg","Danmarksserien","6","Danmarksseriens nedrykningsspil mod regional række","","","ikke fundet","Danmarksserien","","71","&#216;st pulje 2","grundspil","","983"
"2011/2012","Team Roskilde 2","Danmarksserien","7","Danmarksseriens nedrykningsspil mod regional række","","","ikke fundet","ikke fundet","","71","&#216;st pulje 2","grundspil","","983"
"2011/2012","Kalundborg *udgået*","Danmarksserien","8","Danmarksseriens nedrykningsspil mod regional række","","","ikke fundet","ikke fundet","","71","&#216;st pulje 2","grundspil","","983"
"2011/2012","Frederiksberg (N)","Danmarksserien","1","Danmarksseriens kvalifikationsgruppe mod 3. division; BD (N) = historisk bevægelsesmarkør","","","ikke fundet","3. division","","94","&#216;st pulje 3","grundspil","","1073"
"2011/2012","Taastrup Elite","Danmarksserien","2","Danmarksseriens kvalifikationsgruppe mod 3. division","","","ikke fundet","Danmarksserien","","94","&#216;st pulje 3","grundspil","","1073"
"2011/2012","Hillerød 2 (O)","Danmarksserien","3","Danmarksseriens kvalifikationsgruppe mod 3. division; BD (O) = historisk bevægelsesmarkør","","","ikke fundet","Danmarksserien","","94","&#216;st pulje 3","grundspil","","1073"
"2011/2012","Ballerup BC58","Danmarksserien","4","Danmarksseriens kvalifikationsgruppe mod 3. division","","","ikke fundet","Danmarksserien","","94","&#216;st pulje 3","grundspil","","1073"
"2011/2012","Holte 2","Danmarksserien","5","Danmarksseriens nedrykningsspil mod regional række","","","ikke fundet","Danmarksserien","","94","&#216;st pulje 3","grundspil","","984"
"2011/2012","Værløse 4","Danmarksserien","6","Danmarksseriens nedrykningsspil mod regional række","","","ikke fundet","Danmarksserien","","94","&#216;st pulje 3","grundspil","","984"
"2011/2012","Gentofte 4 (O)","Danmarksserien","7","Danmarksseriens nedrykningsspil mod regional række; BD (O) = historisk bevægelsesmarkør","","","ikke fundet","ikke fundet","","94","&#216;st pulje 3","grundspil","","984"
"2011/2012","BC37 Amager *udgået*","Danmarksserien","8","Danmarksseriens nedrykningsspil mod regional række","","","ikke fundet","ikke fundet","","94","&#216;st pulje 3","grundspil","","984"
"2011/2012","Herlev/Hjorten (N)","Danmarksserien","1","Danmarksseriens kvalifikationsgruppe mod 3. division; BD (N) = historisk bevægelsesmarkør","","","ikke fundet","Danmarksserien","","95","&#216;st pulje 4","grundspil","","1073"
"2011/2012","KMB2010 2 (N)","Danmarksserien","2","Danmarksseriens kvalifikationsgruppe mod 3. division; BD (N) = historisk bevægelsesmarkør","","","ikke fundet","3. division","","95","&#216;st pulje 4","grundspil","","1073"
"2011/2012","Lillerød 3","Danmarksserien","3","Danmarksseriens kvalifikationsgruppe mod 3. division","","","ikke fundet","Danmarksserien","","95","&#216;st pulje 4","grundspil","","1073"
"2011/2012","KBK Kbh. 3","Danmarksserien","4","Danmarksseriens kvalifikationsgruppe mod 3. division","","","ikke fundet","Danmarksserien","","95","&#216;st pulje 4","grundspil","","1073"
"2011/2012","Hørsholm","Danmarksserien","5","Danmarksseriens nedrykningsspil mod regional række","","","ikke fundet","Danmarksserien","","95","&#216;st pulje 4","grundspil","","984"
"2011/2012","Drive 3 (O)","Danmarksserien","6","Danmarksseriens nedrykningsspil mod regional række; BD (O) = historisk bevægelsesmarkør","","","ikke fundet","Danmarksserien","","95","&#216;st pulje 4","grundspil","","984"
"2011/2012","Blistrup (O)","Danmarksserien","7","Danmarksseriens nedrykningsspil mod regional række; BD (O) = historisk bevægelsesmarkør","","","ikke fundet","ikke fundet","","95","&#216;st pulje 4","grundspil","","984"
"2011/2012","Farum","Danmarksserien","8","Danmarksseriens nedrykningsspil mod regional række","","","ikke fundet","ikke fundet","","95","&#216;st pulje 4","grundspil","","984"
"2011/2012","SAIF Kbh.","Danmarksserien","1","Danmarksseriens kvalifikationsgruppe mod 3. division","","","ikke fundet","3. division","","70","&#216;st pulje1","grundspil","","1072"
"2011/2012","Køge-Strøby","Danmarksserien","2","Danmarksseriens kvalifikationsgruppe mod 3. division","","","ikke fundet","Danmarksserien","","70","&#216;st pulje1","grundspil","","1072"
"2011/2012","Hvidovre 3 (O)","Danmarksserien","3","Danmarksseriens kvalifikationsgruppe mod 3. division; BD (O) = historisk bevægelsesmarkør","","","ikke fundet","Danmarksserien","","70","&#216;st pulje1","grundspil","","1072"
"2011/2012","BKPOINT Kbh.","Danmarksserien","4","Danmarksseriens kvalifikationsgruppe mod 3. division","","","ikke fundet","ikke fundet","","70","&#216;st pulje1","grundspil","","1072"
"2011/2012","Vordingborg","Danmarksserien","5","Danmarksseriens nedrykningsspil mod regional række","","","ikke fundet","Danmarksserien","","70","&#216;st pulje1","grundspil","","983"
"2011/2012","Brøndby Strand (O)","Danmarksserien","6","Danmarksseriens nedrykningsspil mod regional række; BD (O) = historisk bevægelsesmarkør","","","ikke fundet","Danmarksserien","","70","&#216;st pulje1","grundspil","","983"
"2011/2012","Slagelse (N)","Danmarksserien","7","Danmarksseriens nedrykningsspil mod regional række; BD (N) = historisk bevægelsesmarkør","","","ikke fundet","ikke fundet","","70","&#216;st pulje1","grundspil","","983"
"2011/2012","Ishøj SB 50","Danmarksserien","8","Danmarksseriens nedrykningsspil mod regional række","","","ikke fundet","ikke fundet","","70","&#216;st pulje1","grundspil","","983"
"2012/2013","Skovshoved","Ligaen","1","Liga-grundspil","","","ikke fundet","Ligaen","","1637","Grundspil","grundspil","",""
"2012/2013","Team Skælskør-Slagelse","Ligaen","2","Liga-grundspil","","","ikke fundet","Ligaen","","1637","Grundspil","grundspil","",""
"2012/2013","Odense OBK (O)","Ligaen","3","Liga-grundspil","","","ikke fundet","Ligaen","","1637","Grundspil","grundspil","",""
"2012/2013","Værløse","Ligaen","4","Liga-grundspil","","","ikke fundet","Ligaen","","1637","Grundspil","grundspil","",""
"2012/2013","Solrød Strand","Ligaen","5","Liga-grundspil","","","ikke fundet","Ligaen","","1637","Grundspil","grundspil","",""
"2012/2013","Greve","Ligaen","6","Liga-grundspil","","","ikke fundet","Ligaen","","1637","Grundspil","grundspil","",""
"2012/2013","Vendsyssel","Ligaen","7","forbliver i Ligaen (nr. 7-8)","","","ikke fundet","Ligaen","","1637","Grundspil","grundspil","",""
"2012/2013","Aarhus AB","Ligaen","8","forbliver i Ligaen (nr. 7-8)","","","ikke fundet","Ligaen","","1637","Grundspil","grundspil","",""
"2012/2013","Gentofte","Ligaen","9","Ligakvalifikationspulje (ikke direkte 2-holds kamp)","","","ikke fundet","Ligaen","","1637","Grundspil","grundspil","","2181"
"2012/2013","Lillerød","Ligaen","10","automatisk nedrykning","","","ikke fundet","1. division","","1637","Grundspil","grundspil","","2181"
"2012/2013","Højbjerg (N)","1. division","1","1. divisions kvalifikationsgruppe mod Ligaen; BD (N) = historisk bevægelsesmarkør","","","ikke fundet","Ligaen","","1643","Grundspil","grundspil","","2181"
"2012/2013","Ikast","1. division","2","1. divisions kvalifikationsgruppe mod Ligaen","","","ikke fundet","ikke fundet","","1643","Grundspil","grundspil","","2181"
"2012/2013","Hvidovre","1. division","3","forbliver i 1. division (midterfelt)","","","ikke fundet","1. division","","1643","Grundspil","grundspil","",""
"2012/2013","Aalborg Triton","1. division","4","forbliver i 1. division (midterfelt)","","","ikke fundet","ikke fundet","","1643","Grundspil","grundspil","",""
"2012/2013","Værløse 2","1. division","5","forbliver i 1. division (midterfelt)","","","ikke fundet","1. division","","1643","Grundspil","grundspil","",""
"2012/2013","KBK Kbh.","1. division","6","forbliver i 1. division (midterfelt)","","","ikke fundet","2. division","","1643","Grundspil","grundspil","",""
"2012/2013","Gentofte 2","1. division","7","forbliver i 1. division (midterfelt)","","","ikke fundet","1. division","","1643","Grundspil","grundspil","",""
"2012/2013","Randers BK","1. division","8","forbliver i 1. division (midterfelt)","","","ikke fundet","2. division","","1643","Grundspil","grundspil","",""
"2012/2013","Badminton Esbjerg","2. division","1","2. divisions oprykningsspil/kvalifikation mod 1. division","","","ikke fundet","2. division","","1338","Pulje 1","grundspil","","2164"
"2012/2013","Aarhus AB 2","2. division","2","2. divisions oprykningsspil/kvalifikation mod 1. division","","","ikke fundet","2. division","","1338","Pulje 1","grundspil","","2164"
"2012/2013","Ikast 2 (O)","2. division","3","2. divisions oprykningsspil/kvalifikation mod 1. division; BD (O) = historisk bevægelsesmarkør","","","ikke fundet","2. division","","1338","Pulje 1","grundspil","","2164"
"2012/2013","Højbjerg 2","2. division","4","2. divisions oprykningsspil/kvalifikation mod 1. division","","","ikke fundet","2. division","","1338","Pulje 1","grundspil","","2164"
"2012/2013","Brønderslev","2. division","5","2. divisions nedrykningsspil/kvalifikation mod 3. division","","","ikke fundet","3. division","","1338","Pulje 1","grundspil","","2166"
"2012/2013","Skovbakken","2. division","6","2. divisions nedrykningsspil/kvalifikation mod 3. division","","","ikke fundet","3. division","","1338","Pulje 1","grundspil","","2166"
"2012/2013","Team Fredericia (N)","2. division","7","2. divisions nedrykningsspil/kvalifikation mod 3. division; BD (N) = historisk bevægelsesmarkør","","","ikke fundet","ikke fundet","","1338","Pulje 1","grundspil","","2166"
"2012/2013","abc Aalborg","2. division","8","2. divisions nedrykningsspil/kvalifikation mod 3. division","","","ikke fundet","3. division","","1338","Pulje 1","grundspil","","2166"
"2012/2013","KMB2010","2. division","1","2. divisions oprykningsspil/kvalifikation mod 1. division","","","ikke fundet","1. division","","1335","Pulje 2","grundspil","","2164"
"2012/2013","Solrød Strand 2 (N)","2. division","2","2. divisions oprykningsspil/kvalifikation mod 1. division; BD (N) = historisk bevægelsesmarkør","","","ikke fundet","1. division","","1335","Pulje 2","grundspil","","2164"
"2012/2013","Greve 2","2. division","3","2. divisions oprykningsspil/kvalifikation mod 1. division","","","ikke fundet","2. division","","1335","Pulje 2","grundspil","","2164"
"2012/2013","Holbæk","2. division","4","2. divisions oprykningsspil/kvalifikation mod 1. division","","","ikke fundet","2. division","","1335","Pulje 2","grundspil","","2164"
"2012/2013","Skovshoved 2","2. division","5","2. divisions nedrykningsspil/kvalifikation mod 3. division","","","ikke fundet","2. division","","1335","Pulje 2","grundspil","","2166"
"2012/2013","Odense OBK 2","2. division","6","2. divisions nedrykningsspil/kvalifikation mod 3. division","","","ikke fundet","2. division","","1335","Pulje 2","grundspil","","2166"
"2012/2013","Hillerød (O)","2. division","7","2. divisions nedrykningsspil/kvalifikation mod 3. division; BD (O) = historisk bevægelsesmarkør","","","ikke fundet","2. division","","1335","Pulje 2","grundspil","","2166"
"2012/2013","Holte (O)","2. division","8","2. divisions nedrykningsspil/kvalifikation mod 3. division; BD (O) = historisk bevægelsesmarkør","","","ikke fundet","2. division","","1335","Pulje 2","grundspil","","2166"
"2012/2013","Højbjerg 3","3. division","1","3. divisions kvalifikationsgruppe mod 2. division","","","ikke fundet","3. division","","1339","Pulje 1","grundspil","","2167"
"2012/2013","Vendsyssel 2","3. division","2","3. divisions kvalifikationsgruppe mod 2. division","","","ikke fundet","3. division","","1339","Pulje 1","grundspil","","2167"
"2012/2013","Aalborg Triton 2","3. division","3","3. divisions kvalifikationsgruppe mod 2. division","","","ikke fundet","3. division","","1339","Pulje 1","grundspil","","2167"
"2012/2013","Viby J (N)","3. division","4","3. divisions kvalifikationsgruppe mod 2. division; BD (N) = historisk bevægelsesmarkør","","","ikke fundet","3. division","","1339","Pulje 1","grundspil","","2167"
"2012/2013","Skovbakken 2","3. division","5","3. divisions nedrykningsspil/kvalifikation mod Danmarksserien","","","ikke fundet","Danmarksserien","","1339","Pulje 1","grundspil","","2169"
"2012/2013","Ikast 3 (O)","3. division","6","3. divisions nedrykningsspil/kvalifikation mod Danmarksserien; BD (O) = historisk bevægelsesmarkør","","","ikke fundet","3. division","","1339","Pulje 1","grundspil","","2169"
"2012/2013","Vejlby IK (O)","3. division","7","3. divisions nedrykningsspil/kvalifikation mod Danmarksserien; BD (O) = historisk bevægelsesmarkør","","","ikke fundet","Danmarksserien","","1339","Pulje 1","grundspil","","2169"
"2012/2013","Randers BK 2","3. division","8","3. divisions nedrykningsspil/kvalifikation mod Danmarksserien","","","ikke fundet","Danmarksserien","","1339","Pulje 1","grundspil","","2169"
"2012/2013","Solrød Strand 3","3. division","1","3. divisions kvalifikationsgruppe mod 2. division","","","ikke fundet","2. division","","1340","Pulje 2","grundspil","","2167"
"2012/2013","Horsens","3. division","2","3. divisions kvalifikationsgruppe mod 2. division","","","ikke fundet","2. division","","1340","Pulje 2","grundspil","","2167"
"2012/2013","Svendborg","3. division","3","3. divisions kvalifikationsgruppe mod 2. division","","","ikke fundet","3. division","","1340","Pulje 2","grundspil","","2167"
"2012/2013","Odense OBK 3","3. division","4","3. divisions kvalifikationsgruppe mod 2. division","","","ikke fundet","3. division","","1340","Pulje 2","grundspil","","2167"
"2012/2013","Skælskør","3. division","5","3. divisions nedrykningsspil/kvalifikation mod Danmarksserien","","","ikke fundet","3. division","","1340","Pulje 2","grundspil","","2169"
"2012/2013","Kolding BK (O)","3. division","6","3. divisions nedrykningsspil/kvalifikation mod Danmarksserien; BD (O) = historisk bevægelsesmarkør","","","ikke fundet","3. division","","1340","Pulje 2","grundspil","","2169"
"2012/2013","Team Fyn","3. division","7","3. divisions nedrykningsspil/kvalifikation mod Danmarksserien","","","ikke fundet","3. division","","1340","Pulje 2","grundspil","","2169"
"2012/2013","Middelfart (O)","3. division","8","3. divisions nedrykningsspil/kvalifikation mod Danmarksserien; BD (O) = historisk bevægelsesmarkør","","","ikke fundet","Danmarksserien","","1340","Pulje 2","grundspil","","2169"
"2012/2013","Lillerød 2 (N)","3. division","1","3. divisions kvalifikationsgruppe mod 2. division; BD (N) = historisk bevægelsesmarkør","","","ikke fundet","2. division","","1341","Pulje 3","grundspil","","2168"
"2012/2013","KBK Kbh. 2","3. division","2","3. divisions kvalifikationsgruppe mod 2. division","","","ikke fundet","3. division","","1341","Pulje 3","grundspil","","2168"
"2012/2013","Lyngby","3. division","3","3. divisions kvalifikationsgruppe mod 2. division","","","ikke fundet","3. division","","1341","Pulje 3","grundspil","","2168"
"2012/2013","SAIF Kbh. (O)","3. division","4","3. divisions kvalifikationsgruppe mod 2. division; BD (O) = historisk bevægelsesmarkør","","","ikke fundet","3. division","","1341","Pulje 3","grundspil","","2168"
"2012/2013","Holbæk 2","3. division","5","3. divisions nedrykningsspil/kvalifikation mod Danmarksserien","","","ikke fundet","3. division","","1341","Pulje 3","grundspil","","2170"
"2012/2013","Charlottenlund (O)","3. division","6","3. divisions nedrykningsspil/kvalifikation mod Danmarksserien; BD (O) = historisk bevægelsesmarkør","","","ikke fundet","Danmarksserien","","1341","Pulje 3","grundspil","","2170"
"2012/2013","Skovshoved 3","3. division","7","3. divisions nedrykningsspil/kvalifikation mod Danmarksserien","","","ikke fundet","Danmarksserien","","1341","Pulje 3","grundspil","","2170"
"2012/2013","Humlebæk (N)","3. division","8","3. divisions nedrykningsspil/kvalifikation mod Danmarksserien; BD (N) = historisk bevægelsesmarkør","","","ikke fundet","Danmarksserien","","1341","Pulje 3","grundspil","","2170"
"2012/2013","Hvidovre 2","3. division","1","3. divisions kvalifikationsgruppe mod 2. division","","","ikke fundet","3. division","","1342","Pulje 4","grundspil","","2168"
"2012/2013","Drive (N)","3. division","2","3. divisions kvalifikationsgruppe mod 2. division; BD (N) = historisk bevægelsesmarkør","","","ikke fundet","2. division","","1342","Pulje 4","grundspil","","2168"
"2012/2013","Gentofte 3","3. division","3","3. divisions kvalifikationsgruppe mod 2. division","","","ikke fundet","3. division","","1342","Pulje 4","grundspil","","2168"
"2012/2013","Frederiksberg (O)","3. division","4","3. divisions kvalifikationsgruppe mod 2. division; BD (O) = historisk bevægelsesmarkør","","","ikke fundet","3. division","","1342","Pulje 4","grundspil","","2168"
"2012/2013","Team Roskilde","3. division","5","3. divisions nedrykningsspil/kvalifikation mod Danmarksserien","","","ikke fundet","ikke fundet","","1342","Pulje 4","grundspil","","2170"
"2012/2013","KMB2010 2 (O)","3. division","6","3. divisions nedrykningsspil/kvalifikation mod Danmarksserien; BD (O) = historisk bevægelsesmarkør","","","ikke fundet","3. division","","1342","Pulje 4","grundspil","","2170"
"2012/2013","Værløse 3","3. division","7","3. divisions nedrykningsspil/kvalifikation mod Danmarksserien","","","ikke fundet","3. division","","1342","Pulje 4","grundspil","","2170"
"2012/2013","Karlslunde","3. division","8","3. divisions nedrykningsspil/kvalifikation mod Danmarksserien","","","ikke fundet","Danmarksserien","","1342","Pulje 4","grundspil","","2170"
"2012/2013","Ringe","Danmarksserien","1","Danmarksseriens kvalifikationsgruppe mod 3. division","","","ikke fundet","Danmarksserien","","1344","Vest pulje 1","grundspil","","2173"
"2012/2013","Odense OBK 4","Danmarksserien","2","Danmarksseriens kvalifikationsgruppe mod 3. division","","","ikke fundet","Danmarksserien","","1344","Vest pulje 1","grundspil","","2173"
"2012/2013","Tarup-Pårup","Danmarksserien","3","Danmarksseriens kvalifikationsgruppe mod 3. division","","","ikke fundet","Danmarksserien","","1344","Vest pulje 1","grundspil","","2173"
"2012/2013","Skovbakken 4 (O)","Danmarksserien","4","Danmarksseriens kvalifikationsgruppe mod 3. division; BD (O) = historisk bevægelsesmarkør","","","ikke fundet","ikke fundet","","1344","Vest pulje 1","grundspil","","2173"
"2012/2013","Vejle","Danmarksserien","5","Danmarksseriens nedrykningsspil mod regional række","","","ikke fundet","Danmarksserien","","1344","Vest pulje 1","grundspil","","2177"
"2012/2013","Team SVS Elite (N)","Danmarksserien","6","Danmarksseriens nedrykningsspil mod regional række; BD (N) = historisk bevægelsesmarkør","","","ikke fundet","Danmarksserien","","1344","Vest pulje 1","grundspil","","2177"
"2012/2013","Næsby","Danmarksserien","7","Danmarksseriens nedrykningsspil mod regional række","","","ikke fundet","Danmarksserien","","1344","Vest pulje 1","grundspil","","2177"
"2012/2013","Erritsø","Danmarksserien","8","Danmarksseriens nedrykningsspil mod regional række","","","ikke fundet","ikke fundet","","1344","Vest pulje 1","grundspil","","2177"
"2012/2013","Haderslev (N)","Danmarksserien","1","Danmarksseriens kvalifikationsgruppe mod 3. division; BD (N) = historisk bevægelsesmarkør","","","ikke fundet","3. division","","1345","Vest pulje 2","grundspil","","2173"
"2012/2013","Odense BK77","Danmarksserien","2","Danmarksseriens kvalifikationsgruppe mod 3. division","","","ikke fundet","3. division","","1345","Vest pulje 2","grundspil","","2173"
"2012/2013","Korup","Danmarksserien","3","Danmarksseriens kvalifikationsgruppe mod 3. division","","","ikke fundet","Danmarksserien","","1345","Vest pulje 2","grundspil","","2173"
"2012/2013","Svendborg 2","Danmarksserien","4","Danmarksseriens kvalifikationsgruppe mod 3. division","","","ikke fundet","Danmarksserien","","1345","Vest pulje 2","grundspil","","2173"
"2012/2013","Badminton Esbjerg 2","Danmarksserien","5","Danmarksseriens nedrykningsspil mod regional række","","","ikke fundet","Danmarksserien","","1345","Vest pulje 2","grundspil","","2177"
"2012/2013","Herrested (O)","Danmarksserien","6","Danmarksseriens nedrykningsspil mod regional række; BD (O) = historisk bevægelsesmarkør","","","ikke fundet","Danmarksserien","","1345","Vest pulje 2","grundspil","","2177"
"2012/2013","Odense OBK 5","Danmarksserien","7","Danmarksseriens nedrykningsspil mod regional række","","","ikke fundet","ikke fundet","","1345","Vest pulje 2","grundspil","","2177"
"2012/2013","Vejen (O)","Danmarksserien","8","Danmarksseriens nedrykningsspil mod regional række; BD (O) = historisk bevægelsesmarkør","","","ikke fundet","ikke fundet","","1345","Vest pulje 2","grundspil","","2177"
"2012/2013","Silkeborg BK (N)","Danmarksserien","1","Danmarksseriens kvalifikationsgruppe mod 3. division; BD (N) = historisk bevægelsesmarkør","","","ikke fundet","3. division","","1347","Vest pulje 3","grundspil","","2174"
"2012/2013","Højbjerg 4","Danmarksserien","2","Danmarksseriens kvalifikationsgruppe mod 3. division","","","ikke fundet","Danmarksserien","","1347","Vest pulje 3","grundspil","","2174"
"2012/2013","Skovbakken 3","Danmarksserien","3","Danmarksseriens kvalifikationsgruppe mod 3. division","","","ikke fundet","Danmarksserien","","1347","Vest pulje 3","grundspil","","2174"
"2012/2013","Viby J 2","Danmarksserien","4","Danmarksseriens kvalifikationsgruppe mod 3. division","","","ikke fundet","Danmarksserien","","1347","Vest pulje 3","grundspil","","2174"
"2012/2013","Herning (O)","Danmarksserien","5","Danmarksseriens nedrykningsspil mod regional række; BD (O) = historisk bevægelsesmarkør","","","ikke fundet","Danmarksserien","","1347","Vest pulje 3","grundspil","","2178"
"2012/2013","Beder-Malling","Danmarksserien","6","Danmarksseriens nedrykningsspil mod regional række","","","ikke fundet","Danmarksserien","","1347","Vest pulje 3","grundspil","","2178"
"2012/2013","Christiansbjerg (O)","Danmarksserien","7","Danmarksseriens nedrykningsspil mod regional række; BD (O) = historisk bevægelsesmarkør","","","ikke fundet","Danmarksserien","","1347","Vest pulje 3","grundspil","","2178"
"2012/2013","Skødstrup","Danmarksserien","8","Danmarksseriens nedrykningsspil mod regional række","","","ikke fundet","Danmarksserien","","1347","Vest pulje 3","grundspil","","2178"
"2012/2013","Gug (N)","Danmarksserien","1","Danmarksseriens kvalifikationsgruppe mod 3. division; BD (N) = historisk bevægelsesmarkør","","","ikke fundet","3. division","","1346","Vest pulje 4","grundspil","","2174"
"2012/2013","&#216;ster Hurup (O)","Danmarksserien","2","Danmarksseriens kvalifikationsgruppe mod 3. division; BD (O) = historisk bevægelsesmarkør","","","ikke fundet","Danmarksserien","","1346","Vest pulje 4","grundspil","","2174"
"2012/2013","Aalborg Triton 3","Danmarksserien","3","Danmarksseriens kvalifikationsgruppe mod 3. division","","","ikke fundet","Danmarksserien","","1346","Vest pulje 4","grundspil","","2174"
"2012/2013","Vendsyssel 3 (O)","Danmarksserien","4","Danmarksseriens kvalifikationsgruppe mod 3. division; BD (O) = historisk bevægelsesmarkør","","","ikke fundet","Danmarksserien","","1346","Vest pulje 4","grundspil","","2174"
"2012/2013","abc Aalborg 2","Danmarksserien","5","Danmarksseriens nedrykningsspil mod regional række","","","ikke fundet","ikke fundet","","1346","Vest pulje 4","grundspil","","2178"
"2012/2013","Vejgaard","Danmarksserien","6","Danmarksseriens nedrykningsspil mod regional række","","","ikke fundet","ikke fundet","","1346","Vest pulje 4","grundspil","","2178"
"2012/2013","Svenstrup","Danmarksserien","7","Danmarksseriens nedrykningsspil mod regional række","","","ikke fundet","ikke fundet","","1346","Vest pulje 4","grundspil","","2178"
"2012/2013","Randers BK 3","Danmarksserien","8","Danmarksseriens nedrykningsspil mod regional række","","","ikke fundet","ikke fundet","","1346","Vest pulje 4","grundspil","","2178"
"2012/2013","Brøndby Strand","Danmarksserien","1","Danmarksseriens kvalifikationsgruppe mod 3. division","","","ikke fundet","Danmarksserien","","1351","&#216;st pulje 1","grundspil","","2171"
"2012/2013","Ballerup BC58","Danmarksserien","2","Danmarksseriens kvalifikationsgruppe mod 3. division","","","ikke fundet","3. division","","1351","&#216;st pulje 1","grundspil","","2171"
"2012/2013","KBK Kbh. 3","Danmarksserien","3","Danmarksseriens kvalifikationsgruppe mod 3. division","","","ikke fundet","Danmarksserien","","1351","&#216;st pulje 1","grundspil","","2171"
"2012/2013","Ringsted (N)","Danmarksserien","4","Danmarksseriens kvalifikationsgruppe mod 3. division; BD (N) = historisk bevægelsesmarkør","","","ikke fundet","ikke fundet","","1351","&#216;st pulje 1","grundspil","","2171"
"2012/2013","NBK Amager (O)","Danmarksserien","5","Danmarksseriens nedrykningsspil mod regional række; BD (O) = historisk bevægelsesmarkør","","","ikke fundet","ikke fundet","","1351","&#216;st pulje 1","grundspil","","2175"
"2012/2013","Holbæk 3","Danmarksserien","6","Danmarksseriens nedrykningsspil mod regional række","","","ikke fundet","Danmarksserien","","1351","&#216;st pulje 1","grundspil","","2175"
"2012/2013","Næstved (O)","Danmarksserien","7","Danmarksseriens nedrykningsspil mod regional række; BD (O) = historisk bevægelsesmarkør","","","ikke fundet","Danmarksserien","","1351","&#216;st pulje 1","grundspil","","2175"
"2012/2013","Point Rødovre 2","Danmarksserien","8","Danmarksseriens nedrykningsspil mod regional række","","","ikke fundet","ikke fundet","","1351","&#216;st pulje 1","grundspil","","2175"
"2012/2013","Greve 3","Danmarksserien","1","Danmarksseriens kvalifikationsgruppe mod 3. division","","","ikke fundet","3. division","","1352","&#216;st pulje 2","grundspil","","2171"
"2012/2013","Drive 3","Danmarksserien","2","Danmarksseriens kvalifikationsgruppe mod 3. division","","","ikke fundet","Danmarksserien","","1352","&#216;st pulje 2","grundspil","","2171"
"2012/2013","Solrød Strand 4 (O)","Danmarksserien","3","Danmarksseriens kvalifikationsgruppe mod 3. division; BD (O) = historisk bevægelsesmarkør","","","ikke fundet","Danmarksserien","","1352","&#216;st pulje 2","grundspil","","2171"
"2012/2013","Vordingborg","Danmarksserien","4","Danmarksseriens kvalifikationsgruppe mod 3. division","","","ikke fundet","Danmarksserien","","1352","&#216;st pulje 2","grundspil","","2171"
"2012/2013","Hvidovre 3","Danmarksserien","5","Danmarksseriens nedrykningsspil mod regional række","","","ikke fundet","Danmarksserien","","1352","&#216;st pulje 2","grundspil","","2175"
"2012/2013","Albertslund (O)","Danmarksserien","6","Danmarksseriens nedrykningsspil mod regional række; BD (O) = historisk bevægelsesmarkør","","","ikke fundet","Danmarksserien","","1352","&#216;st pulje 2","grundspil","","2175"
"2012/2013","Køge-Strøby","Danmarksserien","7","Danmarksseriens nedrykningsspil mod regional række","","","ikke fundet","Danmarksserien","","1352","&#216;st pulje 2","grundspil","","2175"
"2012/2013","Bornholm. (N)","Danmarksserien","8","Danmarksseriens nedrykningsspil mod regional række; BD (N) = historisk bevægelsesmarkør","","","ikke fundet","Danmarksserien","","1352","&#216;st pulje 2","grundspil","","2176"
"2012/2013","Taastrup Elite","Danmarksserien","1","Danmarksseriens kvalifikationsgruppe mod 3. division","","","ikke fundet","3. division","","1358","&#216;st pulje 3","grundspil","","2172"
"2012/2013","Herlev/Hjorten","Danmarksserien","2","Danmarksseriens kvalifikationsgruppe mod 3. division","","","ikke fundet","Danmarksserien","","1358","&#216;st pulje 3","grundspil","","2172"
"2012/2013","SAIF Kbh. 2 (O)","Danmarksserien","3","Danmarksseriens kvalifikationsgruppe mod 3. division; BD (O) = historisk bevægelsesmarkør","","","ikke fundet","Danmarksserien","","1358","&#216;st pulje 3","grundspil","","2172"
"2012/2013","Gladsaxe Søborg","Danmarksserien","4","Danmarksseriens kvalifikationsgruppe mod 3. division","","","ikke fundet","Danmarksserien","","1358","&#216;st pulje 3","grundspil","","2172"
"2012/2013","KBK Kbh. 4","Danmarksserien","5","Danmarksseriens nedrykningsspil mod regional række","","","ikke fundet","Danmarksserien","","1358","&#216;st pulje 3","grundspil","","2176"
"2012/2013","Lyngby 2 (O)","Danmarksserien","6","Danmarksseriens nedrykningsspil mod regional række; BD (O) = historisk bevægelsesmarkør","","","ikke fundet","Danmarksserien","","1358","&#216;st pulje 3","grundspil","","2176"
"2012/2013","Lillerød 3","Danmarksserien","7","Danmarksseriens nedrykningsspil mod regional række","","","ikke fundet","Danmarksserien","","1358","&#216;st pulje 3","grundspil","","2176"
"2012/2013","Skibby (N)","Danmarksserien","8","Danmarksseriens nedrykningsspil mod regional række; BD (N) = historisk bevægelsesmarkør","","","ikke fundet","ikke fundet","","1358","&#216;st pulje 3","grundspil","","2176"
"2012/2013","Drive 2","Danmarksserien","1","Danmarksseriens kvalifikationsgruppe mod 3. division","","","ikke fundet","3. division","","1359","&#216;st pulje 4","grundspil","","2172"
"2012/2013","Hørsholm","Danmarksserien","2","Danmarksseriens kvalifikationsgruppe mod 3. division","","","ikke fundet","Danmarksserien","","1359","&#216;st pulje 4","grundspil","","2172"
"2012/2013","Hillerød 2","Danmarksserien","3","Danmarksseriens kvalifikationsgruppe mod 3. division","","","ikke fundet","3. division","","1359","&#216;st pulje 4","grundspil","","2172"
"2012/2013","Holte 2","Danmarksserien","4","Danmarksseriens kvalifikationsgruppe mod 3. division","","","ikke fundet","Danmarksserien","","1359","&#216;st pulje 4","grundspil","","2172"
"2012/2013","Point Rødovre (N)","Danmarksserien","5","Danmarksseriens nedrykningsspil mod regional række; BD (N) = historisk bevægelsesmarkør","","","ikke fundet","ikke fundet","","1359","&#216;st pulje 4","grundspil","","2176"
"2012/2013","Helsinge (O)","Danmarksserien","6","Danmarksseriens nedrykningsspil mod regional række; BD (O) = historisk bevægelsesmarkør","","","ikke fundet","Danmarksserien","","1359","&#216;st pulje 4","grundspil","","2176"
"2012/2013","Værløse 4","Danmarksserien","7","Danmarksseriens nedrykningsspil mod regional række","","","ikke fundet","Danmarksserien","","1359","&#216;st pulje 4","grundspil","","2176"
"2012/2013","Lillerød 4 (O)","Danmarksserien","8","Danmarksseriens nedrykningsspil mod regional række; BD (O) = historisk bevægelsesmarkør","","","ikke fundet","ikke fundet","","1359","&#216;st pulje 4","grundspil","","2175"
"2013/2014","Team Skælskør-Slagelse","Ligaen","1","Liga-grundspil","","","ikke fundet","Ligaen","","2792","Grundspil","grundspil","",""
"2013/2014","Skovshoved","Ligaen","2","Liga-grundspil","","","ikke fundet","Ligaen","","2792","Grundspil","grundspil","",""
"2013/2014","Greve","Ligaen","3","Liga-grundspil","","","ikke fundet","Ligaen","","2792","Grundspil","grundspil","",""
"2013/2014","Odense OBK","Ligaen","4","Liga-grundspil","","","ikke fundet","Ligaen","","2792","Grundspil","grundspil","",""
"2013/2014","Aarhus AB","Ligaen","5","Liga-grundspil","","","ikke fundet","Ligaen","","2792","Grundspil","grundspil","",""
"2013/2014","Gentofte","Ligaen","6","Liga-grundspil","","","ikke fundet","Ligaen","","2792","Grundspil","grundspil","",""
"2013/2014","Vendsyssel","Ligaen","7","forbliver i Ligaen (nr. 7-8)","","","ikke fundet","Ligaen","","2792","Grundspil","grundspil","",""
"2013/2014","Solrød Strand","Ligaen","8","forbliver i Ligaen (nr. 7-8)","","","ikke fundet","Ligaen","","2792","Grundspil","grundspil","",""
"2013/2014","Værløse","Ligaen","9","Ligakvalifikationspulje (ikke direkte 2-holds kamp)","","","ikke fundet","Ligaen","","2792","Grundspil","grundspil","","3596"
"2013/2014","Højbjerg (O)","Ligaen","10","automatisk nedrykning","","","ikke fundet","Ligaen","","2792","Grundspil","grundspil","","3596"
"2013/2014","Ikast","1. division","1","1. divisions kvalifikationsgruppe mod Ligaen","","","ikke fundet","ikke fundet","","2755","Grundspil","grundspil","","3596"
"2013/2014","Aalborg Triton","1. division","2","1. divisions kvalifikationsgruppe mod Ligaen","","","ikke fundet","1. division","","2755","Grundspil","grundspil","","3596"
"2013/2014","Solrød Strand 2 (O)","1. division","3","1. divisions nedrykningsspil mod 2. division; BD (O) = historisk bevægelsesmarkør","","","ikke fundet","1. division","","2755","Grundspil","grundspil","","3595"
"2013/2014","Lillerød (N)","1. division","4","1. divisions nedrykningsspil mod 2. division; BD (N) = historisk bevægelsesmarkør","","","ikke fundet","1. division","","2755","Grundspil","grundspil","","3595"
"2013/2014","KMB2010 (O)","1. division","5","1. divisions nedrykningsspil mod 2. division; BD (O) = historisk bevægelsesmarkør","","","ikke fundet","ikke fundet","","2755","Grundspil","grundspil","","3595"
"2013/2014","Gentofte 2","1. division","6","1. divisions nedrykningsspil mod 2. division","","","ikke fundet","2. division","","2755","Grundspil","grundspil","","3595"
"2013/2014","Værløse 2","1. division","7","1. divisions nedrykningsspil mod 2. division","","","ikke fundet","1. division","","2755","Grundspil","grundspil","","3595"
"2013/2014","Hvidovre","1. division","8","1. divisions nedrykningsspil mod 2. division","","","ikke fundet","2. division","","2755","Grundspil","grundspil","","3595"
"2013/2014","Skovshoved 2","2. division","1","2. divisions oprykningsspil/kvalifikation mod 1. division","","","ikke fundet","2. division","","2602","Pulje 1","grundspil","","3581"
"2013/2014","Hillerød","2. division","2","2. divisions oprykningsspil/kvalifikation mod 1. division","","","ikke fundet","1. division","","2602","Pulje 1","grundspil","","3581"
"2013/2014","Holte","2. division","3","2. divisions oprykningsspil/kvalifikation mod 1. division","","","ikke fundet","2. division","","2602","Pulje 1","grundspil","","3581"
"2013/2014","Greve 2","2. division","4","2. divisions oprykningsspil/kvalifikation mod 1. division","","","ikke fundet","2. division","","2602","Pulje 1","grundspil","","3581"
"2013/2014","Holbæk","2. division","5","2. divisions nedrykningsspil/kvalifikation mod 3. division","","","ikke fundet","2. division","","2602","Pulje 1","grundspil","","3582"
"2013/2014","KBK Kbh. (N)","2. division","6","2. divisions nedrykningsspil/kvalifikation mod 3. division; BD (N) = historisk bevægelsesmarkør","","","ikke fundet","3. division","","2602","Pulje 1","grundspil","","3582"
"2013/2014","Solrød Strand 3 (O)","2. division","7","2. divisions nedrykningsspil/kvalifikation mod 3. division; BD (O) = historisk bevægelsesmarkør","","","ikke fundet","3. division","","2602","Pulje 1","grundspil","","3582"
"2013/2014","Lillerød 2 (O)","2. division","8","2. divisions nedrykningsspil/kvalifikation mod 3. division; BD (O) = historisk bevægelsesmarkør","","","ikke fundet","3. division","","2602","Pulje 1","grundspil","","3582"
"2013/2014","Odense OBK 2","2. division","1","2. divisions oprykningsspil/kvalifikation mod 1. division","","","ikke fundet","1. division","","2603","Pulje 2","grundspil","","3581"
"2013/2014","Aarhus AB 2","2. division","2","2. divisions oprykningsspil/kvalifikation mod 1. division","","","ikke fundet","2. division","","2603","Pulje 2","grundspil","","3581"
"2013/2014","Højbjerg 2","2. division","3","2. divisions oprykningsspil/kvalifikation mod 1. division","","","ikke fundet","2. division","","2603","Pulje 2","grundspil","","3581"
"2013/2014","Horsens (O)","2. division","4","2. divisions oprykningsspil/kvalifikation mod 1. division; BD (O) = historisk bevægelsesmarkør","","","ikke fundet","2. division","","2603","Pulje 2","grundspil","","3581"
"2013/2014","Ikast 2","2. division","5","2. divisions nedrykningsspil/kvalifikation mod 3. division","","","ikke fundet","2. division","","2603","Pulje 2","grundspil","","3582"
"2013/2014","Badminton Esbjerg","2. division","6","2. divisions nedrykningsspil/kvalifikation mod 3. division","","","ikke fundet","2. division","","2603","Pulje 2","grundspil","","3582"
"2013/2014","Drive (O)","2. division","7","2. divisions nedrykningsspil/kvalifikation mod 3. division; BD (O) = historisk bevægelsesmarkør","","","ikke fundet","2. division","","2603","Pulje 2","grundspil","","3582"
"2013/2014","Randers BK (N)","2. division","8","2. divisions nedrykningsspil/kvalifikation mod 3. division; BD (N) = historisk bevægelsesmarkør","","","ikke fundet","3. division","","2603","Pulje 2","grundspil","","3582"
"2013/2014","Aalborg Triton 2","3. division","1","3. divisions kvalifikationsgruppe mod 2. division","","","ikke fundet","2. division","","2609","Pulje 1","grundspil","","3583"
"2013/2014","Gug (O)","3. division","2","3. divisions kvalifikationsgruppe mod 2. division; BD (O) = historisk bevægelsesmarkør","","","ikke fundet","3. division","","2609","Pulje 1","grundspil","","3583"
"2013/2014","Brønderslev (N)","3. division","3","3. divisions kvalifikationsgruppe mod 2. division; BD (N) = historisk bevægelsesmarkør","","","ikke fundet","3. division","","2609","Pulje 1","grundspil","","3583"
"2013/2014","Viby J","3. division","4","3. divisions kvalifikationsgruppe mod 2. division","","","ikke fundet","3. division","","2609","Pulje 1","grundspil","","3583"
"2013/2014","Vendsyssel 2","3. division","5","3. divisions nedrykningsspil/kvalifikation mod Danmarksserien","","","ikke fundet","3. division","","2609","Pulje 1","grundspil","","3585"
"2013/2014","Silkeborg BK (O)","3. division","6","3. divisions nedrykningsspil/kvalifikation mod Danmarksserien; BD (O) = historisk bevægelsesmarkør","","","ikke fundet","3. division","","2609","Pulje 1","grundspil","","3585"
"2013/2014","abc Aalborg (N)","3. division","7","3. divisions nedrykningsspil/kvalifikation mod Danmarksserien; BD (N) = historisk bevægelsesmarkør","","","ikke fundet","3. division","","2609","Pulje 1","grundspil","","3585"
"2013/2014","Ikast 3","3. division","8","3. divisions nedrykningsspil/kvalifikation mod Danmarksserien","","","ikke fundet","3. division","","2609","Pulje 1","grundspil","","3585"
"2013/2014","Skovbakken (N)","3. division","1","3. divisions kvalifikationsgruppe mod 2. division; BD (N) = historisk bevægelsesmarkør","","","ikke fundet","2. division","","2610","Pulje 2","grundspil","","3583"
"2013/2014","Odense OBK 3","3. division","2","3. divisions kvalifikationsgruppe mod 2. division","","","ikke fundet","3. division","","2610","Pulje 2","grundspil","","3583"
"2013/2014","Højbjerg 3","3. division","3","3. divisions kvalifikationsgruppe mod 2. division","","","ikke fundet","3. division","","2610","Pulje 2","grundspil","","3583"
"2013/2014","Kolding BK","3. division","4","3. divisions kvalifikationsgruppe mod 2. division","","","ikke fundet","3. division","","2610","Pulje 2","grundspil","","3583"
"2013/2014","Svendborg","3. division","5","3. divisions nedrykningsspil/kvalifikation mod Danmarksserien","","","ikke fundet","3. division","","2610","Pulje 2","grundspil","","3585"
"2013/2014","Odense BK77 (O)","3. division","6","3. divisions nedrykningsspil/kvalifikation mod Danmarksserien; BD (O) = historisk bevægelsesmarkør","","","ikke fundet","Danmarksserien","","2610","Pulje 2","grundspil","","3585"
"2013/2014","Haderslev (O)","3. division","7","3. divisions nedrykningsspil/kvalifikation mod Danmarksserien; BD (O) = historisk bevægelsesmarkør","","","ikke fundet","Danmarksserien","","2610","Pulje 2","grundspil","","3585"
"2013/2014","Team Fyn","3. division","8","3. divisions nedrykningsspil/kvalifikation mod Danmarksserien","","","ikke fundet","Danmarksserien","","2610","Pulje 2","grundspil","","3585"
"2013/2014","Værløse 3","3. division","1","3. divisions kvalifikationsgruppe mod 2. division","","","ikke fundet","2. division","","2611","Pulje 3","grundspil","","3584"
"2013/2014","Gentofte 3","3. division","2","3. divisions kvalifikationsgruppe mod 2. division","","","ikke fundet","3. division","","2611","Pulje 3","grundspil","","3584"
"2013/2014","Lyngby","3. division","3","3. divisions kvalifikationsgruppe mod 2. division","","","ikke fundet","3. division","","2611","Pulje 3","grundspil","","3584"
"2013/2014","SAIF Kbh.","3. division","4","3. divisions kvalifikationsgruppe mod 2. division","","","ikke fundet","3. division","","2611","Pulje 3","grundspil","","3584"
"2013/2014","KMB2010 2","3. division","5","3. divisions nedrykningsspil/kvalifikation mod Danmarksserien","","","ikke fundet","3. division","","2611","Pulje 3","grundspil","","3586"
"2013/2014","Holbæk 2","3. division","6","3. divisions nedrykningsspil/kvalifikation mod Danmarksserien","","","ikke fundet","3. division","","2611","Pulje 3","grundspil","","3586"
"2013/2014","Hillerød 2 (O)","3. division","7","3. divisions nedrykningsspil/kvalifikation mod Danmarksserien; BD (O) = historisk bevægelsesmarkør","","","ikke fundet","3. division","","2611","Pulje 3","grundspil","","3586"
"2013/2014","Ballerup BC58 (O)","3. division","8","3. divisions nedrykningsspil/kvalifikation mod Danmarksserien; BD (O) = historisk bevægelsesmarkør","","","ikke fundet","ikke fundet","","2611","Pulje 3","grundspil","","3586"
"2013/2014","Taastrup Elite (O)","3. division","1","3. divisions kvalifikationsgruppe mod 2. division; BD (O) = historisk bevægelsesmarkør","","","ikke fundet","2. division","","2612","Pulje 4","grundspil","","3584"
"2013/2014","Greve 3 (O)","3. division","2","3. divisions kvalifikationsgruppe mod 2. division; BD (O) = historisk bevægelsesmarkør","","","ikke fundet","3. division","","2612","Pulje 4","grundspil","","3584"
"2013/2014","Drive 2 (O)","3. division","3","3. divisions kvalifikationsgruppe mod 2. division; BD (O) = historisk bevægelsesmarkør","","","ikke fundet","3. division","","2612","Pulje 4","grundspil","","3584"
"2013/2014","Frederiksberg","3. division","4","3. divisions kvalifikationsgruppe mod 2. division","","","ikke fundet","3. division","","2612","Pulje 4","grundspil","","3584"
"2013/2014","Hvidovre 2","3. division","5","3. divisions nedrykningsspil/kvalifikation mod Danmarksserien","","","ikke fundet","Danmarksserien","","2612","Pulje 4","grundspil","","3586"
"2013/2014","KBK Kbh. 2","3. division","6","3. divisions nedrykningsspil/kvalifikation mod Danmarksserien","","","ikke fundet","Danmarksserien","","2612","Pulje 4","grundspil","","3586"
"2013/2014","Skælskør","3. division","7","3. divisions nedrykningsspil/kvalifikation mod Danmarksserien","","","ikke fundet","Danmarksserien","","2612","Pulje 4","grundspil","","3586"
"2013/2014","Badminton Roskilde","3. division","8","3. divisions nedrykningsspil/kvalifikation mod Danmarksserien","","","ikke fundet","Danmarksserien","","2612","Pulje 4","grundspil","","3586"
"2013/2014","Skovbakken 3","Danmarksserien","1","Danmarksseriens kvalifikationsgruppe mod 3. division","","","ikke fundet","Danmarksserien","","2613","Vest pulje 1","grundspil","","3589"
"2013/2014","Viby J 2","Danmarksserien","2","Danmarksseriens kvalifikationsgruppe mod 3. division","","","ikke fundet","Danmarksserien","","2613","Vest pulje 1","grundspil","","3589"
"2013/2014","Gug 2 (O)","Danmarksserien","3","Danmarksseriens kvalifikationsgruppe mod 3. division; BD (O) = historisk bevægelsesmarkør","","","ikke fundet","Danmarksserien","","2613","Vest pulje 1","grundspil","","3589"
"2013/2014","Vejlby IK (N)","Danmarksserien","4","Danmarksseriens kvalifikationsgruppe mod 3. division; BD (N) = historisk bevægelsesmarkør","","","ikke fundet","3. division","","2613","Vest pulje 1","grundspil","","3589"
"2013/2014","Vendsyssel 3","Danmarksserien","5","Danmarksseriens nedrykningsspil mod regional række","","","ikke fundet","Danmarksserien","","2613","Vest pulje 1","grundspil","","3593"
"2013/2014","Team Salling/Sabro (O)","Danmarksserien","6","Danmarksseriens nedrykningsspil mod regional række; BD (O) = historisk bevægelsesmarkør","","","ikke fundet","Danmarksserien","","2613","Vest pulje 1","grundspil","","3593"
"2013/2014","Christiansbjerg","Danmarksserien","7","Danmarksseriens nedrykningsspil mod regional række","","","ikke fundet","ikke fundet","","2613","Vest pulje 1","grundspil","","3593"
"2013/2014","Team SVS Elite","Danmarksserien","8","Danmarksseriens nedrykningsspil mod regional række","","","ikke fundet","ikke fundet","","2613","Vest pulje 1","grundspil","","3593"
"2013/2014","Beder-Malling","Danmarksserien","1","Danmarksseriens kvalifikationsgruppe mod 3. division","","","ikke fundet","Danmarksserien","","2614","Vest pulje 2","grundspil","","3589"
"2013/2014","Langhøj (O)","Danmarksserien","2","Danmarksseriens kvalifikationsgruppe mod 3. division; BD (O) = historisk bevægelsesmarkør","","","ikke fundet","Danmarksserien","","2614","Vest pulje 2","grundspil","","3589"
"2013/2014","Herning","Danmarksserien","3","Danmarksseriens kvalifikationsgruppe mod 3. division","","","ikke fundet","Danmarksserien","","2614","Vest pulje 2","grundspil","","3589"
"2013/2014","Aalborg Triton 3","Danmarksserien","4","Danmarksseriens kvalifikationsgruppe mod 3. division","","","ikke fundet","Danmarksserien","","2614","Vest pulje 2","grundspil","","3589"
"2013/2014","Aarhus AB 3 (O)","Danmarksserien","5","Danmarksseriens nedrykningsspil mod regional række; BD (O) = historisk bevægelsesmarkør","","","ikke fundet","Danmarksserien","","2614","Vest pulje 2","grundspil","","3593"
"2013/2014","&#216;ster Hurup","Danmarksserien","6","Danmarksseriens nedrykningsspil mod regional række","","","ikke fundet","ikke fundet","","2614","Vest pulje 2","grundspil","","3593"
"2013/2014","Skødstrup","Danmarksserien","7","Danmarksseriens nedrykningsspil mod regional række","","","ikke fundet","ikke fundet","","2614","Vest pulje 2","grundspil","","3593"
"2013/2014","Randers BK 2 (N)","Danmarksserien","8","Danmarksseriens nedrykningsspil mod regional række; BD (N) = historisk bevægelsesmarkør","","","ikke fundet","ikke fundet","","2614","Vest pulje 2","grundspil","","3593"
"2013/2014","Skovbakken 2 (N)","Danmarksserien","1","Danmarksseriens kvalifikationsgruppe mod 3. division; BD (N) = historisk bevægelsesmarkør","","","ikke fundet","3. division","","2615","Vest pulje 3","grundspil","","3590"
"2013/2014","Ringe","Danmarksserien","2","Danmarksseriens kvalifikationsgruppe mod 3. division","","","ikke fundet","3. division","","2615","Vest pulje 3","grundspil","","3590"
"2013/2014","Vejle","Danmarksserien","3","Danmarksseriens kvalifikationsgruppe mod 3. division","","","ikke fundet","Danmarksserien","","2615","Vest pulje 3","grundspil","","3590"
"2013/2014","Højbjerg 4","Danmarksserien","4","Danmarksseriens kvalifikationsgruppe mod 3. division","","","ikke fundet","Danmarksserien","","2615","Vest pulje 3","grundspil","","3590"
"2013/2014","Dalum Hjallese BK (O)","Danmarksserien","5","Danmarksseriens nedrykningsspil mod regional række; BD (O) = historisk bevægelsesmarkør","","","ikke fundet","Danmarksserien","","2615","Vest pulje 3","grundspil","","3594"
"2013/2014","Korup","Danmarksserien","6","Danmarksseriens nedrykningsspil mod regional række","","","ikke fundet","ikke fundet","","2615","Vest pulje 3","grundspil","","3594"
"2013/2014","Middelfart 2 (O)","Danmarksserien","7","Danmarksseriens nedrykningsspil mod regional række; BD (O) = historisk bevægelsesmarkør","","","ikke fundet","Danmarksserien","","2615","Vest pulje 3","grundspil","","3594"
"2013/2014","Herrested","Danmarksserien","8","Danmarksseriens nedrykningsspil mod regional række","","","ikke fundet","ikke fundet","","2615","Vest pulje 3","grundspil","","3594"
"2013/2014","Horsens 2 (O)","Danmarksserien","1","Danmarksseriens kvalifikationsgruppe mod 3. division; BD (O) = historisk bevægelsesmarkør","","","ikke fundet","3. division","","2616","Vest pulje 4","grundspil","","3590"
"2013/2014","Odense OBK 4","Danmarksserien","2","Danmarksseriens kvalifikationsgruppe mod 3. division","","","ikke fundet","Danmarksserien","","2616","Vest pulje 4","grundspil","","3590"
"2013/2014","Middelfart (N)","Danmarksserien","3","Danmarksseriens kvalifikationsgruppe mod 3. division; BD (N) = historisk bevægelsesmarkør","","","ikke fundet","Danmarksserien","","2616","Vest pulje 4","grundspil","","3590"
"2013/2014","Varde (O)","Danmarksserien","4","Danmarksseriens kvalifikationsgruppe mod 3. division; BD (O) = historisk bevægelsesmarkør","","","ikke fundet","Danmarksserien","","2616","Vest pulje 4","grundspil","","3590"
"2013/2014","Tarup-Pårup","Danmarksserien","5","Danmarksseriens nedrykningsspil mod regional række","","","ikke fundet","Danmarksserien","","2616","Vest pulje 4","grundspil","","3594"
"2013/2014","Badminton Esbjerg 2","Danmarksserien","6","Danmarksseriens nedrykningsspil mod regional række","","","ikke fundet","Danmarksserien","","2616","Vest pulje 4","grundspil","","3594"
"2013/2014","Næsby (O)","Danmarksserien","7","Danmarksseriens nedrykningsspil mod regional række; BD (O) = historisk bevægelsesmarkør","","","ikke fundet","Danmarksserien","","2616","Vest pulje 4","grundspil","","3594"
"2013/2014","Svendborg 2","Danmarksserien","8","Danmarksseriens nedrykningsspil mod regional række","","","ikke fundet","ikke fundet","","2616","Vest pulje 4","grundspil","","3594"
"2013/2014","Humlebæk (N)","Danmarksserien","1","Danmarksseriens kvalifikationsgruppe mod 3. division; BD (N) = historisk bevægelsesmarkør","","","ikke fundet","Danmarksserien","","2617","&#216;st pulje 1","grundspil","","3587"
"2013/2014","Holte 2","Danmarksserien","2","Danmarksseriens kvalifikationsgruppe mod 3. division","","","ikke fundet","3. division","","2617","&#216;st pulje 1","grundspil","","3587"
"2013/2014","Herlev/Hjorten","Danmarksserien","3","Danmarksseriens kvalifikationsgruppe mod 3. division","","","ikke fundet","ikke fundet","","2617","&#216;st pulje 1","grundspil","","3587"
"2013/2014","Holbæk 3","Danmarksserien","4","Danmarksseriens kvalifikationsgruppe mod 3. division","","","ikke fundet","Danmarksserien","","2617","&#216;st pulje 1","grundspil","","3587"
"2013/2014","KMB2010 3 (O)","Danmarksserien","5","Danmarksseriens nedrykningsspil mod regional række; BD (O) = historisk bevægelsesmarkør","","","ikke fundet","Danmarksserien","","2617","&#216;st pulje 1","grundspil","","3591"
"2013/2014","Lyngby 2","Danmarksserien","6","Danmarksseriens nedrykningsspil mod regional række","","","ikke fundet","Danmarksserien","","2617","&#216;st pulje 1","grundspil","","3591"
"2013/2014","Blistrup (O)","Danmarksserien","7","Danmarksseriens nedrykningsspil mod regional række; BD (O) = historisk bevægelsesmarkør","","","ikke fundet","ikke fundet","","2617","&#216;st pulje 1","grundspil","","3591"
"2013/2014","KBK Kbh. 4","Danmarksserien","8","Danmarksseriens nedrykningsspil mod regional række","","","ikke fundet","ikke fundet","","2617","&#216;st pulje 1","grundspil","","3591"
"2013/2014","Charlottenlund (N)","Danmarksserien","1","Danmarksseriens kvalifikationsgruppe mod 3. division; BD (N) = historisk bevægelsesmarkør","","","ikke fundet","3. division","","2618","&#216;st pulje 2","grundspil","","3587"
"2013/2014","Brøndby Strand","Danmarksserien","2","Danmarksseriens kvalifikationsgruppe mod 3. division","","","ikke fundet","Danmarksserien","","2618","&#216;st pulje 2","grundspil","","3587"
"2013/2014","Lillerød 3","Danmarksserien","3","Danmarksseriens kvalifikationsgruppe mod 3. division","","","ikke fundet","Danmarksserien","","2618","&#216;st pulje 2","grundspil","","3587"
"2013/2014","Hørsholm","Danmarksserien","4","Danmarksseriens kvalifikationsgruppe mod 3. division","","","ikke fundet","Danmarksserien","","2618","&#216;st pulje 2","grundspil","","3587"
"2013/2014","Bornholm. (O)","Danmarksserien","5","Danmarksseriens nedrykningsspil mod regional række; BD (O) = historisk bevægelsesmarkør","","","ikke fundet","Danmarksserien","","2618","&#216;st pulje 2","grundspil","","3591"
"2013/2014","SAIF Kbh. 3 (O)","Danmarksserien","6","Danmarksseriens nedrykningsspil mod regional række; BD (O) = historisk bevægelsesmarkør","","","ikke fundet","Danmarksserien","","2618","&#216;st pulje 2","grundspil","","3591"
"2013/2014","Albertslund","Danmarksserien","7","Danmarksseriens nedrykningsspil mod regional række","","","ikke fundet","ikke fundet","","2618","&#216;st pulje 2","grundspil","","3591"
"2013/2014","Helsinge (O)","Danmarksserien","8","Danmarksseriens nedrykningsspil mod regional række; BD (O) = historisk bevægelsesmarkør","","","ikke fundet","ikke fundet","","2618","&#216;st pulje 2","grundspil","","3591"
"2013/2014","Slagelse (O)","Danmarksserien","1","Danmarksseriens kvalifikationsgruppe mod 3. division; BD (O) = historisk bevægelsesmarkør","","","ikke fundet","3. division","","2619","&#216;st pulje 3","grundspil","","3588"
"2013/2014","Køge-Strøby","Danmarksserien","2","Danmarksseriens kvalifikationsgruppe mod 3. division","","","ikke fundet","Danmarksserien","","2619","&#216;st pulje 3","grundspil","","3588"
"2013/2014","SAIF Kbh. 2","Danmarksserien","3","Danmarksseriens kvalifikationsgruppe mod 3. division","","","ikke fundet","Danmarksserien","","2619","&#216;st pulje 3","grundspil","","3588"
"2013/2014","Solrød Strand 4","Danmarksserien","4","Danmarksseriens kvalifikationsgruppe mod 3. division","","","ikke fundet","Danmarksserien","","2619","&#216;st pulje 3","grundspil","","3588"
"2013/2014","KBK Kbh. 3","Danmarksserien","5","Danmarksseriens nedrykningsspil mod regional række","","","ikke fundet","Danmarksserien","","2619","&#216;st pulje 3","grundspil","","3592"
"2013/2014","Vordingborg","Danmarksserien","6","Danmarksseriens nedrykningsspil mod regional række","","","ikke fundet","ikke fundet","","2619","&#216;st pulje 3","grundspil","","3592"
"2013/2014","Skovshoved 3 (N)","Danmarksserien","7","Danmarksseriens nedrykningsspil mod regional række; BD (N) = historisk bevægelsesmarkør","","","ikke fundet","Danmarksserien","","2619","&#216;st pulje 3","grundspil","","3592"
"2013/2014","Herlufsholm (O)","Danmarksserien","8","Danmarksseriens nedrykningsspil mod regional række; BD (O) = historisk bevægelsesmarkør","","","ikke fundet","ikke fundet","","2619","&#216;st pulje 3","grundspil","","3592"
"2013/2014","Karlslunde (N)","Danmarksserien","1","Danmarksseriens kvalifikationsgruppe mod 3. division; BD (N) = historisk bevægelsesmarkør","","","ikke fundet","3. division","","2620","&#216;st pulje 4","grundspil","","3588"
"2013/2014","Drive 3","Danmarksserien","2","Danmarksseriens kvalifikationsgruppe mod 3. division","","","ikke fundet","Danmarksserien","","2620","&#216;st pulje 4","grundspil","","3588"
"2013/2014","Gladsaxe Søborg","Danmarksserien","3","Danmarksseriens kvalifikationsgruppe mod 3. division","","","ikke fundet","Danmarksserien","","2620","&#216;st pulje 4","grundspil","","3588"
"2013/2014","Værløse 4 (O)","Danmarksserien","4","Danmarksseriens kvalifikationsgruppe mod 3. division; BD (O) = historisk bevægelsesmarkør","","","ikke fundet","Danmarksserien","","2620","&#216;st pulje 4","grundspil","","3588"
"2013/2014","Næstved (O)","Danmarksserien","5","Danmarksseriens nedrykningsspil mod regional række; BD (O) = historisk bevægelsesmarkør","","","ikke fundet","Danmarksserien","","2620","&#216;st pulje 4","grundspil","","3592"
"2013/2014","Hvidovre 3","Danmarksserien","6","Danmarksseriens nedrykningsspil mod regional række","","","ikke fundet","Danmarksserien","","2620","&#216;st pulje 4","grundspil","","3592"
"2013/2014","Ishøj SB 50 (O)","Danmarksserien","7","Danmarksseriens nedrykningsspil mod regional række; BD (O) = historisk bevægelsesmarkør","","","ikke fundet","ikke fundet","","2620","&#216;st pulje 4","grundspil","","3592"
"2013/2014","&#216;nslev-Eskildstrup (O)","Danmarksserien","8","Danmarksseriens nedrykningsspil mod regional række; BD (O) = historisk bevægelsesmarkør","","","ikke fundet","ikke fundet","","2620","&#216;st pulje 4","grundspil","","3592"
"2014/2015","Team Skælskør-Slagelse","Ligaen","1","Liga-grundspil","","","ikke fundet","Ligaen","","4278","Grundspil","grundspil","",""
"2014/2015","Aarhus AB","Ligaen","2","Liga-grundspil","","","ikke fundet","Ligaen","","4278","Grundspil","grundspil","",""
"2014/2015","Skovshoved","Ligaen","3","Liga-grundspil","","","ikke fundet","Ligaen","","4278","Grundspil","grundspil","",""
"2014/2015","Greve","Ligaen","4","Liga-grundspil","","","ikke fundet","Ligaen","","4278","Grundspil","grundspil","",""
"2014/2015","Værløse","Ligaen","5","Liga-grundspil","","","ikke fundet","Ligaen","","4278","Grundspil","grundspil","",""
"2014/2015","Odense OBK","Ligaen","6","Liga-grundspil","","","ikke fundet","Ligaen","","4278","Grundspil","grundspil","",""
"2014/2015","Solrød Strand","Ligaen","7","forbliver i Ligaen (nr. 7-8)","","","ikke fundet","Ligaen","","4278","Grundspil","grundspil","",""
"2014/2015","Gentofte","Ligaen","8","forbliver i Ligaen (nr. 7-8)","","","ikke fundet","Ligaen","","4278","Grundspil","grundspil","",""
"2014/2015","Vendsyssel","Ligaen","9","Ligakvalifikationspulje (ikke direkte 2-holds kamp)","","","ikke fundet","Ligaen","","4278","Grundspil","grundspil","","5232"
"2014/2015","Højbjerg","Ligaen","10","automatisk nedrykning","","","ikke fundet","Ligaen","","4278","Grundspil","grundspil","","5232"
"2014/2015","Værløse 2","1. division","1","1. divisions nedrykningsspil mod 2. division","","","ikke fundet","1. division","","4297","Grundspil","grundspil","","5227"
"2014/2015","Ikast","1. division","2","1. divisions kvalifikationsgruppe mod Ligaen","","","ikke fundet","ikke fundet","","4297","Grundspil","grundspil","","5232"
"2014/2015","KMB2010","1. division","3","1. divisions kvalifikationsgruppe mod Ligaen","","","ikke fundet","ikke fundet","","4297","Grundspil","grundspil","","5232"
"2014/2015","Lillerød","1. division","4","1. divisions nedrykningsspil mod 2. division","","","ikke fundet","1. division","","4297","Grundspil","grundspil","","5227"
"2014/2015","Solrød Strand 2","1. division","5","1. divisions nedrykningsspil mod 2. division","","","ikke fundet","1. division","","4297","Grundspil","grundspil","","5227"
"2014/2015","Aalborg Triton","1. division","6","1. divisions nedrykningsspil mod 2. division","","","ikke fundet","1. division","","4297","Grundspil","grundspil","","5227"
"2014/2015","Hillerød (O)","1. division","7","1. divisions nedrykningsspil mod 2. division; BD (O) = historisk bevægelsesmarkør","","","ikke fundet","2. division","","4297","Grundspil","grundspil","","5227"
"2014/2015","Odense OBK 2 (O)","1. division","8","1. divisions nedrykningsspil mod 2. division; BD (O) = historisk bevægelsesmarkør","","","ikke fundet","2. division","","4297","Grundspil","grundspil","","5227"
"2014/2015","Hvidovre (N)","2. division","1","2. divisions oprykningsspil/kvalifikation mod 1. division; BD (N) = historisk bevægelsesmarkør","","","ikke fundet","2. division","","4279","Pulje 1","grundspil","","5179"
"2014/2015","Aarhus AB 2","2. division","2","2. divisions oprykningsspil/kvalifikation mod 1. division","","","ikke fundet","2. division","","4279","Pulje 1","grundspil","","5179"
"2014/2015","Skovbakken (O)","2. division","3","2. divisions oprykningsspil/kvalifikation mod 1. division; BD (O) = historisk bevægelsesmarkør","","","ikke fundet","2. division","","4279","Pulje 1","grundspil","","5179"
"2014/2015","Højbjerg 2","2. division","4","2. divisions oprykningsspil/kvalifikation mod 1. division","","","ikke fundet","2. division","","4279","Pulje 1","grundspil","","5179"
"2014/2015","Ikast 2","2. division","5","2. divisions nedrykningsspil/kvalifikation mod 3. division","","","ikke fundet","2. division","","4279","Pulje 1","grundspil","","5180"
"2014/2015","Badminton Esbjerg","2. division","6","2. divisions nedrykningsspil/kvalifikation mod 3. division","","","ikke fundet","2. division","","4279","Pulje 1","grundspil","","5180"
"2014/2015","Horsens","2. division","7","2. divisions nedrykningsspil/kvalifikation mod 3. division","","","ikke fundet","3. division","","4279","Pulje 1","grundspil","","5180"
"2014/2015","Aalborg Triton 2 (O)","2. division","8","2. divisions nedrykningsspil/kvalifikation mod 3. division; BD (O) = historisk bevægelsesmarkør","","","ikke fundet","3. division","","4279","Pulje 1","grundspil","","5180"
"2014/2015","Greve 2","2. division","1","2. divisions oprykningsspil/kvalifikation mod 1. division","","","ikke fundet","1. division","","4280","Pulje 2","grundspil","","5179"
"2014/2015","Skovshoved 2","2. division","2","2. divisions oprykningsspil/kvalifikation mod 1. division","","","ikke fundet","1. division","","4280","Pulje 2","grundspil","","5179"
"2014/2015","Gentofte 2 (N)","2. division","3","2. divisions oprykningsspil/kvalifikation mod 1. division; BD (N) = historisk bevægelsesmarkør","","","ikke fundet","2. division","","4280","Pulje 2","grundspil","","5179"
"2014/2015","Værløse 3 (O)","2. division","4","2. divisions oprykningsspil/kvalifikation mod 1. division; BD (O) = historisk bevægelsesmarkør","","","ikke fundet","2. division","","4280","Pulje 2","grundspil","","5179"
"2014/2015","Holte","2. division","5","2. divisions nedrykningsspil/kvalifikation mod 3. division","","","ikke fundet","2. division","","4280","Pulje 2","grundspil","","5180"
"2014/2015","Holbæk","2. division","6","2. divisions nedrykningsspil/kvalifikation mod 3. division","","","ikke fundet","2. division","","4280","Pulje 2","grundspil","","5180"
"2014/2015","Drive","2. division","7","2. divisions nedrykningsspil/kvalifikation mod 3. division","","","ikke fundet","3. division","","4280","Pulje 2","grundspil","","5180"
"2014/2015","Taastrup Elite (O)","2. division","8","2. divisions nedrykningsspil/kvalifikation mod 3. division; BD (O) = historisk bevægelsesmarkør","","","ikke fundet","3. division","","4280","Pulje 2","grundspil","","5180"
"2014/2015","Gentofte 3","3. division","1","3. divisions kvalifikationsgruppe mod 2. division","","","ikke fundet","3. division","","4285","Pulje 1","grundspil","","5182"
"2014/2015","KBK Kbh. (N)","3. division","2","3. divisions kvalifikationsgruppe mod 2. division; BD (N) = historisk bevægelsesmarkør","","","ikke fundet","2. division","","4285","Pulje 1","grundspil","","5182"
"2014/2015","Lillerød 2 (N)","3. division","3","3. divisions kvalifikationsgruppe mod 2. division; BD (N) = historisk bevægelsesmarkør","","","ikke fundet","2. division","","4285","Pulje 1","grundspil","","5182"
"2014/2015","Frederiksberg","3. division","4","3. divisions kvalifikationsgruppe mod 2. division","","","ikke fundet","3. division","","4285","Pulje 1","grundspil","","5182"
"2014/2015","Charlottenlund (O)","3. division","5","3. divisions nedrykningsspil/kvalifikation mod Danmarksserien; BD (O) = historisk bevægelsesmarkør","","","ikke fundet","3. division","","4285","Pulje 1","grundspil","","5184"
"2014/2015","Lyngby","3. division","6","3. divisions nedrykningsspil/kvalifikation mod Danmarksserien","","","ikke fundet","Danmarksserien","","4285","Pulje 1","grundspil","","5184"
"2014/2015","Holte 2 (O)","3. division","7","3. divisions nedrykningsspil/kvalifikation mod Danmarksserien; BD (O) = historisk bevægelsesmarkør","","","ikke fundet","Danmarksserien","","4285","Pulje 1","grundspil","","5184"
"2014/2015","Hillerød 2","3. division","8","3. divisions nedrykningsspil/kvalifikation mod Danmarksserien","","","ikke fundet","Danmarksserien","","4285","Pulje 1","grundspil","","5184"
"2014/2015","Solrød Strand 3 (N)","3. division","1","3. divisions kvalifikationsgruppe mod 2. division; BD (N) = historisk bevægelsesmarkør","","","ikke fundet","2. division","","4286","Pulje 2","grundspil","","5182"
"2014/2015","KMB2010 2","3. division","2","3. divisions kvalifikationsgruppe mod 2. division","","","ikke fundet","3. division","","4286","Pulje 2","grundspil","","5182"
"2014/2015","SAIF Kbh.","3. division","3","3. divisions kvalifikationsgruppe mod 2. division","","","ikke fundet","3. division","","4286","Pulje 2","grundspil","","5182"
"2014/2015","Greve 3","3. division","4","3. divisions kvalifikationsgruppe mod 2. division","","","ikke fundet","3. division","","4286","Pulje 2","grundspil","","5182"
"2014/2015","Slagelse (O)","3. division","5","3. divisions nedrykningsspil/kvalifikation mod Danmarksserien; BD (O) = historisk bevægelsesmarkør","","","ikke fundet","3. division","","4286","Pulje 2","grundspil","","5184"
"2014/2015","Drive 2","3. division","6","3. divisions nedrykningsspil/kvalifikation mod Danmarksserien","","","ikke fundet","Danmarksserien","","4286","Pulje 2","grundspil","","5184"
"2014/2015","Karlslunde (O)","3. division","7","3. divisions nedrykningsspil/kvalifikation mod Danmarksserien; BD (O) = historisk bevægelsesmarkør","","","ikke fundet","3. division","","4286","Pulje 2","grundspil","","5184"
"2014/2015","Holbæk 2","3. division","8","3. divisions nedrykningsspil/kvalifikation mod Danmarksserien","","","ikke fundet","3. division","","4286","Pulje 2","grundspil","","5184"
"2014/2015","Vendsyssel 2","3. division","1","3. divisions kvalifikationsgruppe mod 2. division","","","ikke fundet","3. division","","4287","Pulje 3","grundspil","","5181"
"2014/2015","Brønderslev","3. division","2","3. divisions kvalifikationsgruppe mod 2. division","","","ikke fundet","3. division","","4287","Pulje 3","grundspil","","5181"
"2014/2015","Gug","3. division","3","3. divisions kvalifikationsgruppe mod 2. division","","","ikke fundet","3. division","","4287","Pulje 3","grundspil","","5181"
"2014/2015","abc Aalborg","3. division","4","3. divisions kvalifikationsgruppe mod 2. division","","","ikke fundet","3. division","","4287","Pulje 3","grundspil","","5181"
"2014/2015","Skovbakken 2 (O)","3. division","5","3. divisions nedrykningsspil/kvalifikation mod Danmarksserien; BD (O) = historisk bevægelsesmarkør","","","ikke fundet","3. division","","4287","Pulje 3","grundspil","","5183"
"2014/2015","Randers BK (N)","3. division","6","3. divisions nedrykningsspil/kvalifikation mod Danmarksserien; BD (N) = historisk bevægelsesmarkør","","","ikke fundet","3. division","","4287","Pulje 3","grundspil","","5183"
"2014/2015","Ikast 3","3. division","7","3. divisions nedrykningsspil/kvalifikation mod Danmarksserien","","","ikke fundet","Danmarksserien","","4287","Pulje 3","grundspil","","5183"
"2014/2015","Vejlby IK (O)","3. division","8","3. divisions nedrykningsspil/kvalifikation mod Danmarksserien; BD (O) = historisk bevægelsesmarkør","","","ikke fundet","Danmarksserien","","4287","Pulje 3","grundspil","","5183"
"2014/2015","Viby J","3. division","1","3. divisions kvalifikationsgruppe mod 2. division","","","ikke fundet","2. division","","4288","Pulje 4","grundspil","","5181"
"2014/2015","Højbjerg 3","3. division","2","3. divisions kvalifikationsgruppe mod 2. division","","","ikke fundet","3. division","","4288","Pulje 4","grundspil","","5181"
"2014/2015","Kolding BK","3. division","3","3. divisions kvalifikationsgruppe mod 2. division","","","ikke fundet","3. division","","4288","Pulje 4","grundspil","","5181"
"2014/2015","Ringe (O)","3. division","4","3. divisions kvalifikationsgruppe mod 2. division; BD (O) = historisk bevægelsesmarkør","","","ikke fundet","3. division","","4288","Pulje 4","grundspil","","5181"
"2014/2015","Svendborg","3. division","5","3. divisions nedrykningsspil/kvalifikation mod Danmarksserien","","","ikke fundet","Danmarksserien","","4288","Pulje 4","grundspil","","5183"
"2014/2015","Silkeborg BK","3. division","6","3. divisions nedrykningsspil/kvalifikation mod Danmarksserien","","","ikke fundet","3. division","","4288","Pulje 4","grundspil","","5183"
"2014/2015","Odense OBK 3","3. division","7","3. divisions nedrykningsspil/kvalifikation mod Danmarksserien","","","ikke fundet","3. division","","4288","Pulje 4","grundspil","","5183"
"2014/2015","Horsens 2 (O)","3. division","8","3. divisions nedrykningsspil/kvalifikation mod Danmarksserien; BD (O) = historisk bevægelsesmarkør","","","ikke fundet","Danmarksserien","","4288","Pulje 4","grundspil","","5183"
"2014/2015","Langhøj","Danmarksserien","1","Danmarksseriens kvalifikationsgruppe mod 3. division","","","ikke fundet","3. division","","4289","Vest pulje 1","grundspil","","5187"
"2014/2015","Skovbakken 3","Danmarksserien","2","Danmarksseriens kvalifikationsgruppe mod 3. division","","","ikke fundet","Danmarksserien","","4289","Vest pulje 1","grundspil","","5187"
"2014/2015","Aarhus AB 3","Danmarksserien","3","Danmarksseriens kvalifikationsgruppe mod 3. division","","","ikke fundet","Danmarksserien","","4289","Vest pulje 1","grundspil","","5187"
"2014/2015","Gug 2","Danmarksserien","4","Danmarksseriens kvalifikationsgruppe mod 3. division","","","ikke fundet","Danmarksserien","","4289","Vest pulje 1","grundspil","","5187"
"2014/2015","Grenå (O)","Danmarksserien","5","Danmarksseriens nedrykningsspil mod regional række; BD (O) = historisk bevægelsesmarkør","","","ikke fundet","ikke fundet","","4289","Vest pulje 1","grundspil","","5191"
"2014/2015","Team Favrskov (O)","Danmarksserien","6","Danmarksseriens nedrykningsspil mod regional række; BD (O) = historisk bevægelsesmarkør","","","ikke fundet","Danmarksserien","","4289","Vest pulje 1","grundspil","","5191"
"2014/2015","Vendsyssel 3","Danmarksserien","7","Danmarksseriens nedrykningsspil mod regional række","","","ikke fundet","ikke fundet","","4289","Vest pulje 1","grundspil","","5191"
"2014/2015","Aalborg Triton 3","Danmarksserien","8","Danmarksseriens nedrykningsspil mod regional række","","","ikke fundet","Danmarksserien","","4289","Vest pulje 1","grundspil","","5191"
"2014/2015","Viby J 2","Danmarksserien","1","Danmarksseriens kvalifikationsgruppe mod 3. division","","","ikke fundet","3. division","","4290","Vest pulje 2","grundspil","","5187"
"2014/2015","Højbjerg 4","Danmarksserien","2","Danmarksseriens kvalifikationsgruppe mod 3. division","","","ikke fundet","Danmarksserien","","4290","Vest pulje 2","grundspil","","5187"
"2014/2015","Team Salling/Sabro","Danmarksserien","3","Danmarksseriens kvalifikationsgruppe mod 3. division","","","ikke fundet","Danmarksserien","","4290","Vest pulje 2","grundspil","","5187"
"2014/2015","Herning","Danmarksserien","4","Danmarksseriens kvalifikationsgruppe mod 3. division","","","ikke fundet","Danmarksserien","","4290","Vest pulje 2","grundspil","","5187"
"2014/2015","Beder-Malling","Danmarksserien","5","Danmarksseriens nedrykningsspil mod regional række","","","ikke fundet","Danmarksserien","","4290","Vest pulje 2","grundspil","","5191"
"2014/2015","Vejgaard (O)","Danmarksserien","6","Danmarksseriens nedrykningsspil mod regional række; BD (O) = historisk bevægelsesmarkør","","","ikke fundet","Danmarksserien","","4290","Vest pulje 2","grundspil","","5191"
"2014/2015","St. Restrup *trukket*","Danmarksserien","7","Danmarksseriens nedrykningsspil mod regional række","","","ikke fundet","ikke fundet","","4290","Vest pulje 2","grundspil","","5191"
"2014/2015","&#216;ster Hurup *trukket*","Danmarksserien","7","Danmarksseriens nedrykningsspil mod regional række","","","ikke fundet","ikke fundet","","4290","Vest pulje 2","grundspil","","5191"
"2014/2015","Odense BK77 (N)","Danmarksserien","1","Danmarksseriens kvalifikationsgruppe mod 3. division; BD (N) = historisk bevægelsesmarkør","","","ikke fundet","3. division","","4291","Vest pulje 3","grundspil","","5188"
"2014/2015","Team Fyn (N)","Danmarksserien","2","Danmarksseriens kvalifikationsgruppe mod 3. division; BD (N) = historisk bevægelsesmarkør","","","ikke fundet","3. division","","4291","Vest pulje 3","grundspil","","5188"
"2014/2015","Viby J 3 (O)","Danmarksserien","3","Danmarksseriens kvalifikationsgruppe mod 3. division; BD (O) = historisk bevægelsesmarkør","","","ikke fundet","Danmarksserien","","4291","Vest pulje 3","grundspil","","5188"
"2014/2015","Odense OBK 4","Danmarksserien","4","Danmarksseriens kvalifikationsgruppe mod 3. division","","","ikke fundet","Danmarksserien","","4291","Vest pulje 3","grundspil","","5188"
"2014/2015","Middelfart","Danmarksserien","5","Danmarksseriens nedrykningsspil mod regional række","","","ikke fundet","Danmarksserien","","4291","Vest pulje 3","grundspil","","5192"
"2014/2015","Skovbakken 4 (O)","Danmarksserien","6","Danmarksseriens nedrykningsspil mod regional række; BD (O) = historisk bevægelsesmarkør","","","ikke fundet","Danmarksserien","","4291","Vest pulje 3","grundspil","","5192"
"2014/2015","Vejle","Danmarksserien","7","Danmarksseriens nedrykningsspil mod regional række","","","ikke fundet","Danmarksserien","","4291","Vest pulje 3","grundspil","","5192"
"2014/2015","Næsby (O)","Danmarksserien","8","Danmarksseriens nedrykningsspil mod regional række; BD (O) = historisk bevægelsesmarkør","","","ikke fundet","ikke fundet","","4291","Vest pulje 3","grundspil","","5192"
"2014/2015","Kolding BK 2 (O)","Danmarksserien","1","Danmarksseriens kvalifikationsgruppe mod 3. division; BD (O) = historisk bevægelsesmarkør","","","ikke fundet","Danmarksserien","","4292","Vest pulje 4","grundspil","","5188"
"2014/2015","Haderslev (N)","Danmarksserien","2","Danmarksseriens kvalifikationsgruppe mod 3. division; BD (N) = historisk bevægelsesmarkør","","","ikke fundet","Danmarksserien","","4292","Vest pulje 4","grundspil","","5188"
"2014/2015","Dalum Hjallese BK","Danmarksserien","3","Danmarksseriens kvalifikationsgruppe mod 3. division","","","ikke fundet","Danmarksserien","","4292","Vest pulje 4","grundspil","","5188"
"2014/2015","Varde","Danmarksserien","4","Danmarksseriens kvalifikationsgruppe mod 3. division","","","ikke fundet","Danmarksserien","","4292","Vest pulje 4","grundspil","","5188"
"2014/2015","Tarup-Pårup","Danmarksserien","5","Danmarksseriens nedrykningsspil mod regional række","","","ikke fundet","ikke fundet","","4292","Vest pulje 4","grundspil","","5192"
"2014/2015","Badminton Esbjerg 2","Danmarksserien","6","Danmarksseriens nedrykningsspil mod regional række","","","ikke fundet","ikke fundet","","4292","Vest pulje 4","grundspil","","5192"
"2014/2015","Nr. Lyndelse (O)","Danmarksserien","7","Danmarksseriens nedrykningsspil mod regional række; BD (O) = historisk bevægelsesmarkør","","","ikke fundet","Danmarksserien","","4292","Vest pulje 4","grundspil","","5192"
"2014/2015","Middelfart 2","Danmarksserien","8","Danmarksseriens nedrykningsspil mod regional række","","","ikke fundet","ikke fundet","","4292","Vest pulje 4","grundspil","","5192"
"2014/2015","KBK Kbh. 2 (N)","Danmarksserien","1","Danmarksseriens kvalifikationsgruppe mod 3. division; BD (N) = historisk bevægelsesmarkør","","","ikke fundet","Danmarksserien","","4293","&#216;st pulje 1","grundspil","","5185"
"2014/2015","Gladsaxe Søborg","Danmarksserien","2","Danmarksseriens kvalifikationsgruppe mod 3. division","","","ikke fundet","Danmarksserien","","4293","&#216;st pulje 1","grundspil","","5185"
"2014/2015","Næstved","Danmarksserien","3","Danmarksseriens kvalifikationsgruppe mod 3. division","","","ikke fundet","Danmarksserien","","4293","&#216;st pulje 1","grundspil","","5185"
"2014/2015","Hvidovre 3","Danmarksserien","4","Danmarksseriens kvalifikationsgruppe mod 3. division","","","ikke fundet","Danmarksserien","","4293","&#216;st pulje 1","grundspil","","5185"
"2014/2015","Taastrup TIK (O)","Danmarksserien","5","Danmarksseriens nedrykningsspil mod regional række; BD (O) = historisk bevægelsesmarkør","","","ikke fundet","Danmarksserien","","4293","&#216;st pulje 1","grundspil","","5189"
"2014/2015","Køge-Strøby","Danmarksserien","6","Danmarksseriens nedrykningsspil mod regional række","","","ikke fundet","ikke fundet","","4293","&#216;st pulje 1","grundspil","","5189"
"2014/2015","Bornholm.","Danmarksserien","7","Danmarksseriens nedrykningsspil mod regional række","","","ikke fundet","Danmarksserien","","4293","&#216;st pulje 1","grundspil","","5189"
"2014/2015","SAIF Kbh. 3","Danmarksserien","8","Danmarksseriens nedrykningsspil mod regional række","","","ikke fundet","ikke fundet","","4293","&#216;st pulje 1","grundspil","","5189"
"2014/2015","Solrød Strand 4","Danmarksserien","1","Danmarksseriens kvalifikationsgruppe mod 3. division","","","ikke fundet","3. division","","4294","&#216;st pulje 2","grundspil","","5185"
"2014/2015","Skælskør (N)","Danmarksserien","2","Danmarksseriens kvalifikationsgruppe mod 3. division; BD (N) = historisk bevægelsesmarkør","","","ikke fundet","3. division","","4294","&#216;st pulje 2","grundspil","","5185"
"2014/2015","Herlev Badminton (N)","Danmarksserien","3","Danmarksseriens kvalifikationsgruppe mod 3. division; BD (N) = historisk bevægelsesmarkør","","","ikke fundet","Danmarksserien","","4294","&#216;st pulje 2","grundspil","","5185"
"2014/2015","Brøndby Strand","Danmarksserien","4","Danmarksseriens kvalifikationsgruppe mod 3. division","","","ikke fundet","ikke fundet","","4294","&#216;st pulje 2","grundspil","","5185"
"2014/2015","Amager ABC (O)","Danmarksserien","5","Danmarksseriens nedrykningsspil mod regional række; BD (O) = historisk bevægelsesmarkør","","","ikke fundet","Danmarksserien","","4294","&#216;st pulje 2","grundspil","","5189"
"2014/2015","Greve 4 (O)","Danmarksserien","6","Danmarksseriens nedrykningsspil mod regional række; BD (O) = historisk bevægelsesmarkør","","","ikke fundet","Danmarksserien","","4294","&#216;st pulje 2","grundspil","","5189"
"2014/2015","Holbæk 3","Danmarksserien","7","Danmarksseriens nedrykningsspil mod regional række","","","ikke fundet","Danmarksserien","","4294","&#216;st pulje 2","grundspil","","5189"
"2014/2015","Drive 3","Danmarksserien","8","Danmarksseriens nedrykningsspil mod regional række","","","ikke fundet","ikke fundet","","4294","&#216;st pulje 2","grundspil","","5189"
"2014/2015","Humlebæk","Danmarksserien","1","Danmarksseriens kvalifikationsgruppe mod 3. division","","","ikke fundet","Danmarksserien","","4295","&#216;st pulje 3","grundspil","","5186"
"2014/2015","Hvidovre 2 (N)","Danmarksserien","2","Danmarksseriens kvalifikationsgruppe mod 3. division; BD (N) = historisk bevægelsesmarkør","","","ikke fundet","3. division","","4295","&#216;st pulje 3","grundspil","","5186"
"2014/2015","Lillerød 3","Danmarksserien","3","Danmarksseriens kvalifikationsgruppe mod 3. division","","","ikke fundet","Danmarksserien","","4295","&#216;st pulje 3","grundspil","","5186"
"2014/2015","Holte 3 (O)","Danmarksserien","4","Danmarksseriens kvalifikationsgruppe mod 3. division; BD (O) = historisk bevægelsesmarkør","","","ikke fundet","Danmarksserien","","4295","&#216;st pulje 3","grundspil","","5186"
"2014/2015","KBK Kbh. 3","Danmarksserien","5","Danmarksseriens nedrykningsspil mod regional række","","","ikke fundet","Danmarksserien","","4295","&#216;st pulje 3","grundspil","","5190"
"2014/2015","NBK Amager (O)","Danmarksserien","6","Danmarksseriens nedrykningsspil mod regional række; BD (O) = historisk bevægelsesmarkør","","","ikke fundet","Danmarksserien","","4295","&#216;st pulje 3","grundspil","","5190"
"2014/2015","Hørsholm","Danmarksserien","7","Danmarksseriens nedrykningsspil mod regional række","","","ikke fundet","ikke fundet","","4295","&#216;st pulje 3","grundspil","","5190"
"2014/2015","Lyngby 2","Danmarksserien","8","Danmarksseriens nedrykningsspil mod regional række","","","ikke fundet","ikke fundet","","4295","&#216;st pulje 3","grundspil","","5190"
"2014/2015","Skovshoved 3","Danmarksserien","1","Danmarksseriens kvalifikationsgruppe mod 3. division","","","ikke fundet","3. division","","4296","&#216;st pulje 4","grundspil","","5186"
"2014/2015","Værløse 4","Danmarksserien","2","Danmarksseriens kvalifikationsgruppe mod 3. division","","","ikke fundet","Danmarksserien","","4296","&#216;st pulje 4","grundspil","","5186"
"2014/2015","Badminton Roskilde (N)","Danmarksserien","3","Danmarksseriens kvalifikationsgruppe mod 3. division; BD (N) = historisk bevægelsesmarkør","","","ikke fundet","Danmarksserien","","4296","&#216;st pulje 4","grundspil","","5186"
"2014/2015","Dragør (O)","Danmarksserien","4","Danmarksseriens kvalifikationsgruppe mod 3. division; BD (O) = historisk bevægelsesmarkør","","","ikke fundet","Danmarksserien","","4296","&#216;st pulje 4","grundspil","","5186"
"2014/2015","SAIF Kbh. 2","Danmarksserien","5","Danmarksseriens nedrykningsspil mod regional række","","","ikke fundet","Danmarksserien","","4296","&#216;st pulje 4","grundspil","","5190"
"2014/2015","Herlev Badminton 2","Danmarksserien","6","Danmarksseriens nedrykningsspil mod regional række","","","ikke fundet","Danmarksserien","","4296","&#216;st pulje 4","grundspil","","5190"
"2014/2015","KMB2010 3","Danmarksserien","7","Danmarksseriens nedrykningsspil mod regional række","","","ikke fundet","ikke fundet","","4296","&#216;st pulje 4","grundspil","","5190"
"2014/2015","Lillerød 4 (O)","Danmarksserien","8","Danmarksseriens nedrykningsspil mod regional række; BD (O) = historisk bevægelsesmarkør","","","ikke fundet","ikke fundet","","4296","&#216;st pulje 4","grundspil","","5190"
"2015/2016","Skovshoved","Ligaen","1","Liga-grundspil","","","ikke fundet","Ligaen","","6072","Grundspil","grundspil","",""
"2015/2016","Værløse","Ligaen","2","Liga-grundspil","","","ikke fundet","Ligaen","","6072","Grundspil","grundspil","",""
"2015/2016","Team Skælskør-Slagelse","Ligaen","3","Liga-grundspil","","","ikke fundet","Ligaen","","6072","Grundspil","grundspil","",""
"2015/2016","Solrød Strand","Ligaen","4","Liga-grundspil","","","ikke fundet","Ligaen","","6072","Grundspil","grundspil","",""
"2015/2016","Greve","Ligaen","5","Liga-grundspil","","","ikke fundet","Ligaen","","6072","Grundspil","grundspil","",""
"2015/2016","Vendsyssel","Ligaen","6","Liga-grundspil","","","ikke fundet","Ligaen","","6072","Grundspil","grundspil","",""
"2015/2016","Højbjerg","Ligaen","7","forbliver i Ligaen (nr. 7-8)","","","ikke fundet","Ligaen","","6072","Grundspil","grundspil","",""
"2015/2016","Odense OBK","Ligaen","8","forbliver i Ligaen (nr. 7-8)","","","ikke fundet","Ligaen","","6072","Grundspil","grundspil","",""
"2015/2016","Aarhus AB","Ligaen","9","Ligakvalifikationspulje (ikke direkte 2-holds kamp)","","","ikke fundet","Ligaen","","6072","Grundspil","grundspil","","6890"
"2015/2016","Gentofte","Ligaen","10","automatisk nedrykning","","","ikke fundet","ikke fundet","","6072","Grundspil","grundspil","","6890"
"2015/2016","Solrød Strand 2","1. division","1","1. divisions nedrykningsspil mod 2. division","","","ikke fundet","1. division","","5931","Grundspil","grundspil","","6883"
"2015/2016","Ikast","1. division","2","1. divisions kvalifikationsgruppe mod Ligaen","","","ikke fundet","Ligaen","","5931","Grundspil","grundspil","","6890"
"2015/2016","Skovshoved 2 (O)","1. division","3","1. divisions nedrykningsspil mod 2. division; BD (O) = historisk bevægelsesmarkør","","","ikke fundet","1. division","","5931","Grundspil","grundspil","","6883"
"2015/2016","Værløse 2","1. division","4","1. divisions nedrykningsspil mod 2. division","","","ikke fundet","1. division","","5931","Grundspil","grundspil","","6883"
"2015/2016","KMB2010","1. division","5","1. divisions kvalifikationsgruppe mod Ligaen","","","ikke fundet","1. division","","5931","Grundspil","grundspil","","6890"
"2015/2016","Aalborg Triton","1. division","6","1. divisions nedrykningsspil mod 2. division","","","ikke fundet","ikke fundet","","5931","Grundspil","grundspil","","6883"
"2015/2016","Greve 2 (O)","1. division","7","1. divisions nedrykningsspil mod 2. division; BD (O) = historisk bevægelsesmarkør","","","ikke fundet","2. division","","5931","Grundspil","grundspil","","6883"
"2015/2016","Lillerød","1. division","8","1. divisions nedrykningsspil mod 2. division","","","ikke fundet","2. division","","5931","Grundspil","grundspil","","6883"
"2015/2016","Kolding BK","3. division","1","3. divisions kvalifikationsgruppe mod 2. division","","","ikke fundet","2. division","","5934","Pulje 1","grundspil","","6945"
"2015/2016","Højbjerg 3","3. division","2","3. divisions kvalifikationsgruppe mod 2. division","","","ikke fundet","3. division","","5934","Pulje 1","grundspil","","6945"
"2015/2016","Team Fyn (O)","3. division","3","3. divisions kvalifikationsgruppe mod 2. division; BD (O) = historisk bevægelsesmarkør","","","A-only: methodA","3. division","","5934","Pulje 1","grundspil","","6945"
"2015/2016","Skovbakken 2","3. division","4","3. divisions kvalifikationsgruppe mod 2. division","","","ikke fundet","3. division","","5934","Pulje 1","grundspil","","6945"
"2015/2016","Silkeborg BK","3. division","5","3. divisions nedrykningsspil/kvalifikation mod Danmarksserien","","","ikke fundet","Danmarksserien","","5934","Pulje 1","grundspil","","6859"
"2015/2016","Ringe","3. division","6","3. divisions nedrykningsspil/kvalifikation mod Danmarksserien","","","ikke fundet","Danmarksserien","","5934","Pulje 1","grundspil","","6859"
"2015/2016","Odense BK77 (O)","3. division","7","3. divisions nedrykningsspil/kvalifikation mod Danmarksserien; BD (O) = historisk bevægelsesmarkør","","","ikke fundet","Danmarksserien","","5934","Pulje 1","grundspil","","6859"
"2015/2016","Horsens (N)","3. division","8","3. divisions nedrykningsspil/kvalifikation mod Danmarksserien; BD (N) = historisk bevægelsesmarkør","","","ikke fundet","Danmarksserien","","5934","Pulje 1","grundspil","","6859"
"2015/2016","Langhøj (O)","3. division","1","3. divisions kvalifikationsgruppe mod 2. division; BD (O) = historisk bevægelsesmarkør","","","ikke fundet","2. division","","5935","Pulje 2","grundspil","","6945"
"2015/2016","Randers BK","3. division","2","3. divisions kvalifikationsgruppe mod 2. division","","","ikke fundet","3. division","","5935","Pulje 2","grundspil","","6945"
"2015/2016","Gug","3. division","3","3. divisions kvalifikationsgruppe mod 2. division","","","ikke fundet","3. division","","5935","Pulje 2","grundspil","","6945"
"2015/2016","Brønderslev","3. division","4","3. divisions kvalifikationsgruppe mod 2. division","","","ikke fundet","3. division","","5935","Pulje 2","grundspil","","6945"
"2015/2016","abc Aalborg","3. division","5","3. divisions nedrykningsspil/kvalifikation mod Danmarksserien","","","ikke fundet","3. division","","5935","Pulje 2","grundspil","","6859"
"2015/2016","Vendsyssel 2","3. division","6","3. divisions nedrykningsspil/kvalifikation mod Danmarksserien","","","ikke fundet","3. division","","5935","Pulje 2","grundspil","","6859"
"2015/2016","Aalborg Triton 2 (N)","3. division","7","3. divisions nedrykningsspil/kvalifikation mod Danmarksserien; BD (N) = historisk bevægelsesmarkør","","","ikke fundet","3. division","","5935","Pulje 2","grundspil","","6859"
"2015/2016","Viby J 2 (O)","3. division","8","3. divisions nedrykningsspil/kvalifikation mod Danmarksserien; BD (O) = historisk bevægelsesmarkør","","","ikke fundet","3. division","","5935","Pulje 2","grundspil","","6859"
"2015/2016","Drive (N)","3. division","1","3. divisions kvalifikationsgruppe mod 2. division; BD (N) = historisk bevægelsesmarkør","","","ikke fundet","2. division","","5936","Pulje 3","grundspil","","6946"
"2015/2016","KMB2010 2","3. division","2","3. divisions kvalifikationsgruppe mod 2. division","","","ikke fundet","2. division","","5936","Pulje 3","grundspil","","6946"
"2015/2016","Skovshoved 3 (O)","3. division","3","3. divisions kvalifikationsgruppe mod 2. division; BD (O) = historisk bevægelsesmarkør","","","ikke fundet","3. division","","5936","Pulje 3","grundspil","","6946"
"2015/2016","Charlottenlund","3. division","4","3. divisions kvalifikationsgruppe mod 2. division","","","ikke fundet","3. division","","5936","Pulje 3","grundspil","","6946"
"2015/2016","Karlslunde","3. division","5","3. divisions nedrykningsspil/kvalifikation mod Danmarksserien","","","ikke fundet","3. division","","5936","Pulje 3","grundspil","","6860"
"2015/2016","Greve 3","3. division","6","3. divisions nedrykningsspil/kvalifikation mod Danmarksserien","","","ikke fundet","3. division","","5936","Pulje 3","grundspil","","6860"
"2015/2016","Odense OBK 3","3. division","7","3. divisions nedrykningsspil/kvalifikation mod Danmarksserien","","","ikke fundet","3. division","","5936","Pulje 3","grundspil","","6860"
"2015/2016","Skælskør (O)","3. division","8","3. divisions nedrykningsspil/kvalifikation mod Danmarksserien; BD (O) = historisk bevægelsesmarkør","","","ikke fundet","Danmarksserien","","5936","Pulje 3","grundspil","","6860"
"2015/2016","SAIF Kbh.","3. division","1","3. divisions kvalifikationsgruppe mod 2. division","","","ikke fundet","3. division","","5937","Pulje 4","grundspil","","6946"
"2015/2016","Solrød Strand 4 (O)","3. division","2","3. divisions kvalifikationsgruppe mod 2. division; BD (O) = historisk bevægelsesmarkør","","","ikke fundet","3. division","","5937","Pulje 4","grundspil","","6946"
"2015/2016","Taastrup Elite (N)","3. division","3","3. divisions kvalifikationsgruppe mod 2. division; BD (N) = historisk bevægelsesmarkør","","","ikke fundet","3. division","","5937","Pulje 4","grundspil","","6946"
"2015/2016","Hvidovre 2 (O)","3. division","4","3. divisions kvalifikationsgruppe mod 2. division; BD (O) = historisk bevægelsesmarkør","","","ikke fundet","3. division","","5937","Pulje 4","grundspil","","6946"
"2015/2016","Frederiksberg","3. division","5","3. divisions nedrykningsspil/kvalifikation mod Danmarksserien","","","ikke fundet","Danmarksserien","","5937","Pulje 4","grundspil","","6860"
"2015/2016","Slagelse","3. division","6","3. divisions nedrykningsspil/kvalifikation mod Danmarksserien","","","ikke fundet","3. division","","5937","Pulje 4","grundspil","","6860"
"2015/2016","Gentofte 3","3. division","7","3. divisions nedrykningsspil/kvalifikation mod Danmarksserien","","","ikke fundet","Danmarksserien","","5937","Pulje 4","grundspil","","6860"
"2015/2016","Holbæk 2","3. division","8","3. divisions nedrykningsspil/kvalifikation mod Danmarksserien","","","ikke fundet","Danmarksserien","","5937","Pulje 4","grundspil","","6860"
"2015/2016","Aarhus AB 3","Danmarksserien","1","Danmarksseriens kvalifikationsgruppe mod 3. division","","","ikke fundet","3. division","","5938","Vest pulje 1","grundspil","","6861"
"2015/2016","Ikast 3 (N)","Danmarksserien","2","Danmarksseriens kvalifikationsgruppe mod 3. division; BD (N) = historisk bevægelsesmarkør","","","ikke fundet","Danmarksserien","","5938","Vest pulje 1","grundspil","","6861"
"2015/2016","Gug 2","Danmarksserien","3","Danmarksseriens kvalifikationsgruppe mod 3. division","","","ikke fundet","Danmarksserien","","5938","Vest pulje 1","grundspil","","6861"
"2015/2016","Beder-Malling","Danmarksserien","4","Danmarksseriens kvalifikationsgruppe mod 3. division","","","ikke fundet","Danmarksserien","","5938","Vest pulje 1","grundspil","","6861"
"2015/2016","Skødstrup (O)","Danmarksserien","5","forbliver i Danmarksserien (midterfelt); BD (O) = historisk bevægelsesmarkør","","","ikke fundet","Danmarksserien","","5938","Vest pulje 1","grundspil","",""
"2015/2016","Skovbakken 4","Danmarksserien","6","forbliver i Danmarksserien (midterfelt)","","","ikke fundet","Danmarksserien","","5938","Vest pulje 1","grundspil","",""
"2015/2016","Højbjerg 4","Danmarksserien","7","forbliver i Danmarksserien (midterfelt)","","","ikke fundet","ikke fundet","","5938","Vest pulje 1","grundspil","",""
"2015/2016","Vejgaard","Danmarksserien","8","forbliver i Danmarksserien (midterfelt)","","","ikke fundet","ikke fundet","","5938","Vest pulje 1","grundspil","",""
"2015/2016","Team Salling/Sabro","Danmarksserien","1","Danmarksseriens kvalifikationsgruppe mod 3. division","","","ikke fundet","Danmarksserien","","5939","Vest pulje 2","grundspil","","6861"
"2015/2016","Team Favrskov","Danmarksserien","2","Danmarksseriens kvalifikationsgruppe mod 3. division","","","ikke fundet","3. division","","5939","Vest pulje 2","grundspil","","6861"
"2015/2016","abc Aalborg 2 (O)","Danmarksserien","3","Danmarksseriens kvalifikationsgruppe mod 3. division; BD (O) = historisk bevægelsesmarkør","","","ikke fundet","Danmarksserien","","5939","Vest pulje 2","grundspil","","6861"
"2015/2016","Vejlby IK (N)","Danmarksserien","4","Danmarksseriens kvalifikationsgruppe mod 3. division; BD (N) = historisk bevægelsesmarkør","","","ikke fundet","Danmarksserien","","5939","Vest pulje 2","grundspil","","6861"
"2015/2016","Christiansbjerg (O)","Danmarksserien","5","forbliver i Danmarksserien (midterfelt); BD (O) = historisk bevægelsesmarkør","","","ikke fundet","Danmarksserien","","5939","Vest pulje 2","grundspil","",""
"2015/2016","Viby J 3","Danmarksserien","6","forbliver i Danmarksserien (midterfelt)","","","ikke fundet","Danmarksserien","","5939","Vest pulje 2","grundspil","",""
"2015/2016","Herning","Danmarksserien","7","forbliver i Danmarksserien (midterfelt)","","","ikke fundet","Danmarksserien","","5939","Vest pulje 2","grundspil","",""
"2015/2016","Aalborg Triton 3","Danmarksserien","8","forbliver i Danmarksserien (midterfelt)","","","ikke fundet","ikke fundet","","5939","Vest pulje 2","grundspil","",""
"2015/2016","Kolding BK 2","Danmarksserien","1","Danmarksseriens kvalifikationsgruppe mod 3. division","","","ikke fundet","3. division","","5940","Vest pulje 3","grundspil","","6862"
"2015/2016","Skovbakken 3","Danmarksserien","2","Danmarksseriens kvalifikationsgruppe mod 3. division","","","ikke fundet","Danmarksserien","","5940","Vest pulje 3","grundspil","","6862"
"2015/2016","Bolbro (O)","Danmarksserien","3","Danmarksseriens kvalifikationsgruppe mod 3. division; BD (O) = historisk bevægelsesmarkør","","","ikke fundet","Danmarksserien","","5940","Vest pulje 3","grundspil","","6862"
"2015/2016","Dalum Hjallese BK","Danmarksserien","3","Danmarksseriens kvalifikationsgruppe mod 3. division","","","ikke fundet","Danmarksserien","","5940","Vest pulje 3","grundspil","","6862"
"2015/2016","Vejle","Danmarksserien","5","forbliver i Danmarksserien (midterfelt)","","","ikke fundet","Danmarksserien","","5940","Vest pulje 3","grundspil","",""
"2015/2016","Grindsted BK (O)","Danmarksserien","6","forbliver i Danmarksserien (midterfelt); BD (O) = historisk bevægelsesmarkør","","","ikke fundet","Danmarksserien","","5940","Vest pulje 3","grundspil","",""
"2015/2016","Nr. Lyndelse","Danmarksserien","7","forbliver i Danmarksserien (midterfelt)","","","ikke fundet","Danmarksserien","","5940","Vest pulje 3","grundspil","",""
"2015/2016","Horsens 2 (N)","Danmarksserien","8","forbliver i Danmarksserien (midterfelt); BD (N) = historisk bevægelsesmarkør","","","ikke fundet","ikke fundet","","5940","Vest pulje 3","grundspil","",""
"2015/2016","Aabenraa (O)","Danmarksserien","1","Danmarksseriens kvalifikationsgruppe mod 3. division; BD (O) = historisk bevægelsesmarkør","","","ikke fundet","3. division","","5941","Vest pulje 4","grundspil","","6862"
"2015/2016","Svendborg (N)","Danmarksserien","2","Danmarksseriens kvalifikationsgruppe mod 3. division; BD (N) = historisk bevægelsesmarkør","","","ikke fundet","Danmarksserien","","5941","Vest pulje 4","grundspil","","6862"
"2015/2016","Middelfart","Danmarksserien","3","Danmarksseriens kvalifikationsgruppe mod 3. division","","","ikke fundet","Danmarksserien","","5941","Vest pulje 4","grundspil","","6862"
"2015/2016","Badminton Sønderborg (O)","Danmarksserien","4","Danmarksseriens kvalifikationsgruppe mod 3. division; BD (O) = historisk bevægelsesmarkør","","","ikke fundet","Danmarksserien","","5941","Vest pulje 4","grundspil","","6862"
"2015/2016","Varde","Danmarksserien","5","forbliver i Danmarksserien (midterfelt)","","","ikke fundet","Danmarksserien","","5941","Vest pulje 4","grundspil","",""
"2015/2016","Odense OBK 4","Danmarksserien","6","forbliver i Danmarksserien (midterfelt)","","","ikke fundet","Danmarksserien","","5941","Vest pulje 4","grundspil","",""
"2015/2016","Badminton &#216;stfyn (O)","Danmarksserien","7","forbliver i Danmarksserien (midterfelt); BD (O) = historisk bevægelsesmarkør","","","ikke fundet","ikke fundet","","5941","Vest pulje 4","grundspil","",""
"2015/2016","Haderslev","Danmarksserien","8","forbliver i Danmarksserien (midterfelt)","","","ikke fundet","ikke fundet","","5941","Vest pulje 4","grundspil","",""
"2015/2016","Badminton Roskilde","Danmarksserien","1","Danmarksseriens kvalifikationsgruppe mod 3. division","","","ikke fundet","3. division","","5944","&#216;st pulje 1","grundspil","","6863"
"2015/2016","Lyngby (N)","Danmarksserien","2","Danmarksseriens kvalifikationsgruppe mod 3. division; BD (N) = historisk bevægelsesmarkør","","","ikke fundet","Danmarksserien","","5944","&#216;st pulje 1","grundspil","","6863"
"2015/2016","KBK Kbh. 2","Danmarksserien","3","Danmarksseriens kvalifikationsgruppe mod 3. division","","","ikke fundet","Danmarksserien","","5944","&#216;st pulje 1","grundspil","","6863"
"2015/2016","Taastrup TIK","Danmarksserien","4","Danmarksseriens kvalifikationsgruppe mod 3. division","","","ikke fundet","Danmarksserien","","5944","&#216;st pulje 1","grundspil","","6863"
"2015/2016","Lillerød 3","Danmarksserien","5","Danmarksseriens nedrykningsspil mod regional række","","","ikke fundet","Danmarksserien","","5944","&#216;st pulje 1","grundspil","","6867"
"2015/2016","Herlev Badminton 2","Danmarksserien","6","Danmarksseriens nedrykningsspil mod regional række","","","ikke fundet","Danmarksserien","","5944","&#216;st pulje 1","grundspil","","6867"
"2015/2016","Gribskov Badminton (O)","Danmarksserien","7","Danmarksseriens nedrykningsspil mod regional række; BD (O) = historisk bevægelsesmarkør","","","ikke fundet","Danmarksserien","","5944","&#216;st pulje 1","grundspil","","6867"
"2015/2016","Charlottenlund 2 (O)","Danmarksserien","8","Danmarksseriens nedrykningsspil mod regional række; BD (O) = historisk bevægelsesmarkør","","","ikke fundet","Danmarksserien","","5944","&#216;st pulje 1","grundspil","","6867"
"2015/2016","Humlebæk","Danmarksserien","1","Danmarksseriens kvalifikationsgruppe mod 3. division","","","ikke fundet","Danmarksserien","","5945","&#216;st pulje 2","grundspil","","6863"
"2015/2016","Bornholm. (O)","Danmarksserien","2","Danmarksseriens kvalifikationsgruppe mod 3. division; BD (O) = historisk bevægelsesmarkør","","","ikke fundet","ikke fundet","","5945","&#216;st pulje 2","grundspil","","6863"
"2015/2016","NBK Amager","Danmarksserien","3","Danmarksseriens kvalifikationsgruppe mod 3. division","","","ikke fundet","Danmarksserien","","5945","&#216;st pulje 2","grundspil","","6863"
"2015/2016","Værløse 4","Danmarksserien","4","Danmarksseriens kvalifikationsgruppe mod 3. division","","","ikke fundet","Danmarksserien","","5945","&#216;st pulje 2","grundspil","","6863"
"2015/2016","Holte 3","Danmarksserien","5","Danmarksseriens nedrykningsspil mod regional række","","","ikke fundet","Danmarksserien","","5945","&#216;st pulje 2","grundspil","","6867"
"2015/2016","Hillerød 2 (N)","Danmarksserien","6","Danmarksseriens nedrykningsspil mod regional række; BD (N) = historisk bevægelsesmarkør","","","ikke fundet","ikke fundet","","5945","&#216;st pulje 2","grundspil","","6867"
"2015/2016","Taastrup Elite 2 (O)","Danmarksserien","7","Danmarksseriens nedrykningsspil mod regional række; BD (O) = historisk bevægelsesmarkør","","","ikke fundet","ikke fundet","","5945","&#216;st pulje 2","grundspil","","6867"
"2015/2016","Holbæk 3","Danmarksserien","8","Danmarksseriens nedrykningsspil mod regional række","","","ikke fundet","ikke fundet","","5945","&#216;st pulje 2","grundspil","","6867"
"2015/2016","Drive 2 (N)","Danmarksserien","1","Danmarksseriens kvalifikationsgruppe mod 3. division; BD (N) = historisk bevægelsesmarkør","","","ikke fundet","3. division","","5946","&#216;st pulje 3","grundspil","","6864"
"2015/2016","Brøndby Strand/AIF","Danmarksserien","2","Danmarksseriens kvalifikationsgruppe mod 3. division","","","ikke fundet","ikke fundet","","5946","&#216;st pulje 3","grundspil","","6864"
"2015/2016","Gladsaxe Søborg","Danmarksserien","3","Danmarksseriens kvalifikationsgruppe mod 3. division","","","ikke fundet","Danmarksserien","","5946","&#216;st pulje 3","grundspil","","6864"
"2015/2016","FKIF Frederiksberg (O)","Danmarksserien","4","Danmarksseriens kvalifikationsgruppe mod 3. division; BD (O) = historisk bevægelsesmarkør","","","ikke fundet","Danmarksserien","","5946","&#216;st pulje 3","grundspil","","6864"
"2015/2016","Greve 4","Danmarksserien","5","Danmarksseriens nedrykningsspil mod regional række","","","ikke fundet","Danmarksserien","","5946","&#216;st pulje 3","grundspil","","6868"
"2015/2016","KBK Kbh. 3","Danmarksserien","6","Danmarksseriens nedrykningsspil mod regional række","","","ikke fundet","ikke fundet","","5946","&#216;st pulje 3","grundspil","","6868"
"2015/2016","Herlufsholm (O)","Danmarksserien","7","Danmarksseriens nedrykningsspil mod regional række; BD (O) = historisk bevægelsesmarkør","","","ikke fundet","ikke fundet","","5946","&#216;st pulje 3","grundspil","","6868"
"2015/2016","Næstved","Danmarksserien","8","Danmarksseriens nedrykningsspil mod regional række","","","ikke fundet","ikke fundet","","5946","&#216;st pulje 3","grundspil","","6868"
"2015/2016","Holte 2 (N)","Danmarksserien","1","Danmarksseriens kvalifikationsgruppe mod 3. division; BD (N) = historisk bevægelsesmarkør","","","ikke fundet","3. division","","5947","&#216;st pulje 4","grundspil","","6864"
"2015/2016","Herlev Badminton","Danmarksserien","2","Danmarksseriens kvalifikationsgruppe mod 3. division","","","ikke fundet","3. division","","5947","&#216;st pulje 4","grundspil","","6864"
"2015/2016","SAIF Kbh. 2","Danmarksserien","3","Danmarksseriens kvalifikationsgruppe mod 3. division","","","ikke fundet","Danmarksserien","","5947","&#216;st pulje 4","grundspil","","6864"
"2015/2016","Hvidovre 3","Danmarksserien","4","Danmarksseriens kvalifikationsgruppe mod 3. division","","","ikke fundet","Danmarksserien","","5947","&#216;st pulje 4","grundspil","","6864"
"2015/2016","Solrød Strand 5 (O)","Danmarksserien","5","Danmarksseriens nedrykningsspil mod regional række; BD (O) = historisk bevægelsesmarkør","","","ikke fundet","Danmarksserien","","5947","&#216;st pulje 4","grundspil","","6868"
"2015/2016","Dragør","Danmarksserien","6","Danmarksseriens nedrykningsspil mod regional række","","","ikke fundet","Danmarksserien","","5947","&#216;st pulje 4","grundspil","","6868"
"2015/2016","Amager ABC","Danmarksserien","7","Danmarksseriens nedrykningsspil mod regional række","","","ikke fundet","ikke fundet","","5947","&#216;st pulje 4","grundspil","","6868"
"2015/2016","Vordingborg (O)","Danmarksserien","8","Danmarksseriens nedrykningsspil mod regional række; BD (O) = historisk bevægelsesmarkør","","","ikke fundet","Danmarksserien","","5947","&#216;st pulje 4","grundspil","","6868"
"2016/2017","Skovshoved","Ligaen","1","Liga-grundspil","","","ikke fundet","Ligaen","","7826","Grundspil","grundspil","",""
"2016/2017","Vendsyssel","Ligaen","2","Liga-grundspil","","","ikke fundet","Ligaen","","7826","Grundspil","grundspil","",""
"2016/2017","Værløse","Ligaen","3","Liga-grundspil","","","ikke fundet","Ligaen","","7826","Grundspil","grundspil","",""
"2016/2017","Team Skælskør-Slagelse","Ligaen","4","Liga-grundspil","","","ikke fundet","Ligaen","","7826","Grundspil","grundspil","",""
"2016/2017","Greve","Ligaen","5","Liga-grundspil","","","ikke fundet","Ligaen","","7826","Grundspil","grundspil","",""
"2016/2017","Odense OBK","Ligaen","6","Liga-grundspil","","","ikke fundet","Ligaen","","7826","Grundspil","grundspil","",""
"2016/2017","Solrød Strand","Ligaen","7","forbliver i Ligaen (nr. 7-8)","","","ikke fundet","Ligaen","","7826","Grundspil","grundspil","",""
"2016/2017","Højbjerg","Ligaen","8","forbliver i Ligaen (nr. 7-8)","","","ikke fundet","Ligaen","","7826","Grundspil","grundspil","",""
"2016/2017","Aarhus AB","Ligaen","9","Ligakvalifikationspulje (ikke direkte 2-holds kamp)","","","ikke fundet","Ligaen","","7826","Grundspil","grundspil","","8750"
"2016/2017","Ikast (O)","Ligaen","10","automatisk nedrykning","","","ikke fundet","1. division","","7826","Grundspil","grundspil","","8750"
"2016/2017","Gentofte (N)","1. division","1","1. divisions kvalifikationsgruppe mod Ligaen; BD (N) = historisk bevægelsesmarkør","","","ikke fundet","Ligaen","","7609","Grundspil","grundspil","","8750"
"2016/2017","Aalborg Triton","1. division","2","1. divisions kvalifikationsgruppe mod Ligaen","","","ikke fundet","1. division","","7609","Grundspil","grundspil","","8750"
"2016/2017","Solrød Strand 2","1. division","3","1. divisions nedrykningsspil mod 2. division","","","ikke fundet","1. division","","7609","Grundspil","grundspil","","8751"
"2016/2017","KMB2010","1. division","4","1. divisions nedrykningsspil mod 2. division","","","ikke fundet","1. division","","7609","Grundspil","grundspil","","8751"
"2016/2017","Værløse 2","1. division","5","1. divisions nedrykningsspil mod 2. division","","","ikke fundet","1. division","","7609","Grundspil","grundspil","","8751"
"2016/2017","Skovshoved 2","1. division","6","1. divisions nedrykningsspil mod 2. division","","","ikke fundet","1. division","","7609","Grundspil","grundspil","","8751"
"2016/2017","Hvidovre (O)","1. division","7","1. divisions nedrykningsspil mod 2. division; BD (O) = historisk bevægelsesmarkør","","","ikke fundet","2. division","","7609","Grundspil","grundspil","","8751"
"2016/2017","Højbjerg 2 (O)","1. division","8","1. divisions nedrykningsspil mod 2. division; BD (O) = historisk bevægelsesmarkør","","","ikke fundet","2. division","","7609","Grundspil","grundspil","","8751"
"2016/2017","Langhøj (O)","2. division","1","2. divisions oprykningsspil/kvalifikation mod 1. division; BD (O) = historisk bevægelsesmarkør","","","ikke fundet","ikke fundet","","7577","Pulje 1","grundspil","","8713"
"2016/2017","Lillerød (N)","2. division","2","2. divisions oprykningsspil/kvalifikation mod 1. division; BD (N) = historisk bevægelsesmarkør","","","ikke fundet","ikke fundet","","7577","Pulje 1","grundspil","","8713"
"2016/2017","Aarhus AB 2","2. division","3","2. divisions oprykningsspil/kvalifikation mod 1. division","","","ikke fundet","2. division","","7577","Pulje 1","grundspil","","8713"
"2016/2017","Odense OBK 2","2. division","4","2. divisions oprykningsspil/kvalifikation mod 1. division","","","ikke fundet","2. division","","7577","Pulje 1","grundspil","","8713"
"2016/2017","Kolding BK (O)","2. division","5","2. divisions nedrykningsspil/kvalifikation mod 3. division; BD (O) = historisk bevægelsesmarkør","","","ikke fundet","2. division","","7577","Pulje 1","grundspil","","8714"
"2016/2017","Viby J","2. division","6","2. divisions nedrykningsspil/kvalifikation mod 3. division","","","ikke fundet","2. division","","7577","Pulje 1","grundspil","","8714"
"2016/2017","Ikast 2","2. division","7","2. divisions nedrykningsspil/kvalifikation mod 3. division","","","ikke fundet","3. division","","7577","Pulje 1","grundspil","","8714"
"2016/2017","Skovbakken","2. division","8","2. divisions nedrykningsspil/kvalifikation mod 3. division","","","A-only: methodA","2. division","","7577","Pulje 1","grundspil","","8714"
"2016/2017","Greve 2 (N)","2. division","1","2. divisions oprykningsspil/kvalifikation mod 1. division; BD (N) = historisk bevægelsesmarkør","","","ikke fundet","2. division","","7578","Pulje 2","grundspil","","8713"
"2016/2017","Solrød Strand 3","2. division","2","2. divisions oprykningsspil/kvalifikation mod 1. division","","","ikke fundet","2. division","","7578","Pulje 2","grundspil","","8713"
"2016/2017","Holbæk","2. division","3","2. divisions oprykningsspil/kvalifikation mod 1. division","","","ikke fundet","2. division","","7578","Pulje 2","grundspil","","8713"
"2016/2017","Holte","2. division","4","2. divisions oprykningsspil/kvalifikation mod 1. division","","","ikke fundet","2. division","","7578","Pulje 2","grundspil","","8713"
"2016/2017","Gentofte 2","2. division","5","2. divisions nedrykningsspil/kvalifikation mod 3. division","","","ikke fundet","2. division","","7578","Pulje 2","grundspil","","8714"
"2016/2017","Drive (O)","2. division","6","2. divisions nedrykningsspil/kvalifikation mod 3. division; BD (O) = historisk bevægelsesmarkør","","","ikke fundet","3. division","","7578","Pulje 2","grundspil","","8714"
"2016/2017","KMB2010 2 (O)","2. division","7","2. divisions nedrykningsspil/kvalifikation mod 3. division; BD (O) = historisk bevægelsesmarkør","","","ikke fundet","3. division","","7578","Pulje 2","grundspil","","8714"
"2016/2017","Værløse 3","2. division","8","2. divisions nedrykningsspil/kvalifikation mod 3. division","","","ikke fundet","3. division","","7578","Pulje 2","grundspil","","8714"
"2016/2017","Aabenraa (O)","3. division","1","3. divisions kvalifikationsgruppe mod 2. division; BD (O) = historisk bevægelsesmarkør","","","ikke fundet","2. division","","7586","Pulje 1","grundspil","","8715"
"2016/2017","Højbjerg 3","3. division","2","3. divisions kvalifikationsgruppe mod 2. division","","","ikke fundet","3. division","","7586","Pulje 1","grundspil","","8715"
"2016/2017","Odense OBK 3","3. division","3","3. divisions kvalifikationsgruppe mod 2. division","","","ikke fundet","3. division","","7586","Pulje 1","grundspil","","8715"
"2016/2017","Badminton Esbjerg (N)","3. division","4","3. divisions kvalifikationsgruppe mod 2. division; BD (N) = historisk bevægelsesmarkør","","","ikke fundet","3. division","","7586","Pulje 1","grundspil","","8715"
"2016/2017","Skovbakken 2","3. division","5","forbliver i 3. division (midterfelt)","","","A-only: methodA+methodC","3. division","","7586","Pulje 1","grundspil","",""
"2016/2017","Team Fyn","3. division","6","forbliver i 3. division (midterfelt)","","","ikke fundet","3. division","","7586","Pulje 1","grundspil","",""
"2016/2017","Kolding BK 2 (O)","3. division","7","forbliver i 3. division (midterfelt); BD (O) = historisk bevægelsesmarkør","","","ikke fundet","3. division","","7586","Pulje 1","grundspil","",""
"2016/2017","Viby J 2","3. division","8","forbliver i 3. division (midterfelt)","","","ikke fundet","3. division","","7586","Pulje 1","grundspil","",""
"2016/2017","abc Aalborg","3. division","1","3. divisions kvalifikationsgruppe mod 2. division","","","ikke fundet","2. division","","7587","Pulje 2","grundspil","","8715"
"2016/2017","Aarhus AB 3 (O)","3. division","2","3. divisions kvalifikationsgruppe mod 2. division; BD (O) = historisk bevægelsesmarkør","","","ikke fundet","3. division","","7587","Pulje 2","grundspil","","8715"
"2016/2017","Vendsyssel 2","3. division","3","3. divisions kvalifikationsgruppe mod 2. division","","","ikke fundet","3. division","","7587","Pulje 2","grundspil","","8715"
"2016/2017","Gug","3. division","4","3. divisions kvalifikationsgruppe mod 2. division","","","ikke fundet","3. division","","7587","Pulje 2","grundspil","","8715"
"2016/2017","Brønderslev","3. division","5","forbliver i 3. division (midterfelt)","","","ikke fundet","Danmarksserien","","7587","Pulje 2","grundspil","",""
"2016/2017","Aalborg Triton 2","3. division","6","forbliver i 3. division (midterfelt)","","","ikke fundet","3. division","","7587","Pulje 2","grundspil","",""
"2016/2017","Team Favrskov (O)","3. division","7","forbliver i 3. division (midterfelt); BD (O) = historisk bevægelsesmarkør","","","ikke fundet","Danmarksserien","","7587","Pulje 2","grundspil","",""
"2016/2017","Randers BK","3. division","8","forbliver i 3. division (midterfelt)","","","ikke fundet","Danmarksserien","","7587","Pulje 2","grundspil","",""
"2016/2017","Hillerød (N)","3. division","1","3. divisions kvalifikationsgruppe mod 2. division; BD (N) = historisk bevægelsesmarkør","","","ikke fundet","2. division","","7588","Pulje 3","grundspil","","8716"
"2016/2017","Skovshoved 3","3. division","2","3. divisions kvalifikationsgruppe mod 2. division","","","ikke fundet","3. division","","7588","Pulje 3","grundspil","","8716"
"2016/2017","Badminton Roskilde (O)","3. division","3","3. divisions kvalifikationsgruppe mod 2. division; BD (O) = historisk bevægelsesmarkør","","","ikke fundet","3. division","","7588","Pulje 3","grundspil","","8716"
"2016/2017","Herlev Badminton (O)","3. division","4","3. divisions kvalifikationsgruppe mod 2. division; BD (O) = historisk bevægelsesmarkør","","","A-only: methodA","3. division","","7588","Pulje 3","grundspil","","8716"
"2016/2017","Hvidovre 2","3. division","5","forbliver i 3. division (midterfelt)","","","ikke fundet","3. division","","7588","Pulje 3","grundspil","",""
"2016/2017","Taastrup Elite","3. division","6","forbliver i 3. division (midterfelt)","","","ikke fundet","3. division","","7588","Pulje 3","grundspil","",""
"2016/2017","Charlottenlund","3. division","7","forbliver i 3. division (midterfelt)","","","A-only: methodA","Danmarksserien","","7588","Pulje 3","grundspil","",""
"2016/2017","Lillerød 2 (N)","3. division","8","forbliver i 3. division (midterfelt); BD (N) = historisk bevægelsesmarkør","","","ikke fundet","Danmarksserien","","7588","Pulje 3","grundspil","",""
"2016/2017","KBK Kbh. (N)","3. division","1","3. divisions kvalifikationsgruppe mod 2. division; BD (N) = historisk bevægelsesmarkør","","","ikke fundet","2. division","","7589","Pulje 4","grundspil","","8716"
"2016/2017","Slagelse","3. division","2","3. divisions kvalifikationsgruppe mod 2. division","","","ikke fundet","3. division","","7589","Pulje 4","grundspil","","8716"
"2016/2017","SAIF Kbh.","3. division","3","3. divisions kvalifikationsgruppe mod 2. division","","","ikke fundet","3. division","","7589","Pulje 4","grundspil","","8716"
"2016/2017","Karlslunde","3. division","4","3. divisions kvalifikationsgruppe mod 2. division","","","ikke fundet","3. division","","7589","Pulje 4","grundspil","","8716"
"2016/2017","Solrød Strand 4","3. division","5","forbliver i 3. division (midterfelt)","","","ikke fundet","3. division","","7589","Pulje 4","grundspil","",""
"2016/2017","Drive 2 (O)","3. division","6","forbliver i 3. division (midterfelt); BD (O) = historisk bevægelsesmarkør","","","ikke fundet","Danmarksserien","","7589","Pulje 4","grundspil","",""
"2016/2017","Holte 2 (O)","3. division","7","forbliver i 3. division (midterfelt); BD (O) = historisk bevægelsesmarkør","","","ikke fundet","Danmarksserien","","7589","Pulje 4","grundspil","",""
"2016/2017","Greve 3","3. division","8","forbliver i 3. division (midterfelt)","","","ikke fundet","Danmarksserien","","7589","Pulje 4","grundspil","",""
"2016/2017","Viby J 3","Danmarksserien","1","Danmarksseriens kvalifikationsgruppe mod 3. division","","","ikke fundet","Danmarksserien","","7592","Vest pulje 1","grundspil","","8724"
"2016/2017","Skovbakken 3","Danmarksserien","2","Danmarksseriens kvalifikationsgruppe mod 3. division","","","ikke fundet","Danmarksserien","","7592","Vest pulje 1","grundspil","","8724"
"2016/2017","Team Salling/Sabro","Danmarksserien","3","Danmarksseriens kvalifikationsgruppe mod 3. division","","","ikke fundet","3. division","","7592","Vest pulje 1","grundspil","","8724"
"2016/2017","Ikast 3","Danmarksserien","4","Danmarksseriens kvalifikationsgruppe mod 3. division","","","ikke fundet","Danmarksserien","","7592","Vest pulje 1","grundspil","","8724"
"2016/2017","abc Aalborg 3 (O)","Danmarksserien","5","forbliver i Danmarksserien (midterfelt); BD (O) = historisk bevægelsesmarkør","","","ikke fundet","Danmarksserien","","7592","Vest pulje 1","grundspil","",""
"2016/2017","Gug 2","Danmarksserien","6","forbliver i Danmarksserien (midterfelt)","","","ikke fundet","Danmarksserien","","7592","Vest pulje 1","grundspil","",""
"2016/2017","Skødstrup","Danmarksserien","7","forbliver i Danmarksserien (midterfelt)","","","ikke fundet","ikke fundet","","7592","Vest pulje 1","grundspil","",""
"2016/2017","Christiansbjerg","Danmarksserien","8","forbliver i Danmarksserien (midterfelt)","","","ikke fundet","ikke fundet","","7592","Vest pulje 1","grundspil","",""
"2016/2017","abc Aalborg 2","Danmarksserien","1","Danmarksseriens kvalifikationsgruppe mod 3. division","","","ikke fundet","3. division","","7593","Vest pulje 2","grundspil","","8724"
"2016/2017","Silkeborg BK (N)","Danmarksserien","2","Danmarksseriens kvalifikationsgruppe mod 3. division; BD (N) = historisk bevægelsesmarkør","","","ikke fundet","Danmarksserien","","7593","Vest pulje 2","grundspil","","8724"
"2016/2017","Herning","Danmarksserien","3","Danmarksseriens kvalifikationsgruppe mod 3. division","","","ikke fundet","Danmarksserien","","7593","Vest pulje 2","grundspil","","8724"
"2016/2017","Skovbakken 4","Danmarksserien","4","Danmarksseriens kvalifikationsgruppe mod 3. division","","","ikke fundet","Danmarksserien","","7593","Vest pulje 2","grundspil","","8724"
"2016/2017","Beder-Malling","Danmarksserien","5","forbliver i Danmarksserien (midterfelt)","","","ikke fundet","Danmarksserien","","7593","Vest pulje 2","grundspil","",""
"2016/2017","Aarhus Akademisk (O)","Danmarksserien","6","forbliver i Danmarksserien (midterfelt); BD (O) = historisk bevægelsesmarkør","","","ikke fundet","Danmarksserien","","7593","Vest pulje 2","grundspil","",""
"2016/2017","Vejlby IK","Danmarksserien","7","forbliver i Danmarksserien (midterfelt)","","","ikke fundet","Danmarksserien","","7593","Vest pulje 2","grundspil","",""
"2016/2017","Gug 3 (O)","Danmarksserien","8","forbliver i Danmarksserien (midterfelt); BD (O) = historisk bevægelsesmarkør","","","ikke fundet","ikke fundet","","7593","Vest pulje 2","grundspil","",""
"2016/2017","Svendborg","Danmarksserien","1","Danmarksseriens kvalifikationsgruppe mod 3. division","","","ikke fundet","ikke fundet","","7594","Vest pulje 3","grundspil","","8725"
"2016/2017","Nr. Lyndelse","Danmarksserien","2","Danmarksseriens kvalifikationsgruppe mod 3. division","","","ikke fundet","3. division","","7594","Vest pulje 3","grundspil","","8725"
"2016/2017","Varde","Danmarksserien","3","Danmarksseriens kvalifikationsgruppe mod 3. division","","","ikke fundet","Danmarksserien","","7594","Vest pulje 3","grundspil","","8725"
"2016/2017","Odense OBK 4","Danmarksserien","4","Danmarksseriens kvalifikationsgruppe mod 3. division","","","ikke fundet","Danmarksserien","","7594","Vest pulje 3","grundspil","","8725"
"2016/2017","Ringe (N)","Danmarksserien","5","forbliver i Danmarksserien (midterfelt); BD (N) = historisk bevægelsesmarkør","","","ikke fundet","Danmarksserien","","7594","Vest pulje 3","grundspil","",""
"2016/2017","Vejle","Danmarksserien","6","forbliver i Danmarksserien (midterfelt)","","","ikke fundet","Danmarksserien","","7594","Vest pulje 3","grundspil","",""
"2016/2017","Badminton Sønderborg","Danmarksserien","7","forbliver i Danmarksserien (midterfelt)","","","ikke fundet","ikke fundet","","7594","Vest pulje 3","grundspil","",""
"2016/2017","Badminton Esbjerg 2 (O)","Danmarksserien","8","forbliver i Danmarksserien (midterfelt); BD (O) = historisk bevægelsesmarkør","","","ikke fundet","Danmarksserien","","7594","Vest pulje 3","grundspil","",""
"2016/2017","Team Fyn 2 (O)","Danmarksserien","1","Danmarksseriens kvalifikationsgruppe mod 3. division; BD (O) = historisk bevægelsesmarkør","","","ikke fundet","Danmarksserien","","7595","Vest pulje 4","grundspil","","8725"
"2016/2017","Horsens (N)","Danmarksserien","2","Danmarksseriens kvalifikationsgruppe mod 3. division; BD (N) = historisk bevægelsesmarkør","","","ikke fundet","Danmarksserien","","7595","Vest pulje 4","grundspil","","8725"
"2016/2017","Middelfart","Danmarksserien","3","Danmarksseriens kvalifikationsgruppe mod 3. division","","","ikke fundet","3. division","","7595","Vest pulje 4","grundspil","","8725"
"2016/2017","Bolbro","Danmarksserien","4","Danmarksseriens kvalifikationsgruppe mod 3. division","","","ikke fundet","Danmarksserien","","7595","Vest pulje 4","grundspil","","8725"
"2016/2017","Viby J 4 (O)","Danmarksserien","5","forbliver i Danmarksserien (midterfelt); BD (O) = historisk bevægelsesmarkør","","","ikke fundet","Danmarksserien","","7595","Vest pulje 4","grundspil","",""
"2016/2017","Dalum Hjallese BK","Danmarksserien","6","forbliver i Danmarksserien (midterfelt)","","","ikke fundet","Danmarksserien","","7595","Vest pulje 4","grundspil","",""
"2016/2017","Odense BK77 (N)","Danmarksserien","7","forbliver i Danmarksserien (midterfelt); BD (N) = historisk bevægelsesmarkør","","","ikke fundet","Danmarksserien","","7595","Vest pulje 4","grundspil","",""
"2016/2017","Grindsted BK","Danmarksserien","8","forbliver i Danmarksserien (midterfelt)","","","ikke fundet","ikke fundet","","7595","Vest pulje 4","grundspil","",""
"2016/2017","Lyngby","Danmarksserien","1","Danmarksseriens kvalifikationsgruppe mod 3. division","","","ikke fundet","3. division","","7596","&#216;st pulje 1","grundspil","","8726"
"2016/2017","Humlebæk","Danmarksserien","2","Danmarksseriens kvalifikationsgruppe mod 3. division","","","ikke fundet","3. division","","7596","&#216;st pulje 1","grundspil","","8726"
"2016/2017","Frederiksberg (N)","Danmarksserien","3","Danmarksseriens kvalifikationsgruppe mod 3. division; BD (N) = historisk bevægelsesmarkør","","","ikke fundet","Danmarksserien","","7596","&#216;st pulje 1","grundspil","","8726"
"2016/2017","Dragør","Danmarksserien","4","Danmarksseriens kvalifikationsgruppe mod 3. division","","","ikke fundet","Danmarksserien","","7596","&#216;st pulje 1","grundspil","","8726"
"2016/2017","SAIF Kbh. 3 (O)","Danmarksserien","5","forbliver i Danmarksserien (midterfelt); BD (O) = historisk bevægelsesmarkør","","","ikke fundet","Danmarksserien","","7596","&#216;st pulje 1","grundspil","",""
"2016/2017","Charlottenlund 2","Danmarksserien","6","forbliver i Danmarksserien (midterfelt)","","","ikke fundet","Danmarksserien","","7596","&#216;st pulje 1","grundspil","",""
"2016/2017","Lillerød 3","Danmarksserien","7","forbliver i Danmarksserien (midterfelt)","","","ikke fundet","Danmarksserien","","7596","&#216;st pulje 1","grundspil","",""
"2016/2017","Hørsholm (O)","Danmarksserien","8","forbliver i Danmarksserien (midterfelt); BD (O) = historisk bevægelsesmarkør","","","ikke fundet","ikke fundet","","7596","&#216;st pulje 1","grundspil","",""
"2016/2017","Gentofte 3 (N)","Danmarksserien","1","Danmarksseriens kvalifikationsgruppe mod 3. division; BD (N) = historisk bevægelsesmarkør","","","ikke fundet","3. division","","7597","&#216;st pulje 2","grundspil","","8726"
"2016/2017","Gladsaxe Søborg","Danmarksserien","2","Danmarksseriens kvalifikationsgruppe mod 3. division","","","ikke fundet","Danmarksserien","","7597","&#216;st pulje 2","grundspil","","8726"
"2016/2017","KMB2010 3 (O)","Danmarksserien","3","Danmarksseriens kvalifikationsgruppe mod 3. division; BD (O) = historisk bevægelsesmarkør","","","ikke fundet","Danmarksserien","","7597","&#216;st pulje 2","grundspil","","8726"
"2016/2017","KBK Kbh. 2","Danmarksserien","4","Danmarksseriens kvalifikationsgruppe mod 3. division","","","ikke fundet","Danmarksserien","","7597","&#216;st pulje 2","grundspil","","8726"
"2016/2017","Holte 3","Danmarksserien","5","forbliver i Danmarksserien (midterfelt)","","","ikke fundet","Danmarksserien","","7597","&#216;st pulje 2","grundspil","",""
"2016/2017","Frem - Hellebæk (O)","Danmarksserien","6","forbliver i Danmarksserien (midterfelt); BD (O) = historisk bevægelsesmarkør","","","ikke fundet","ikke fundet","","7597","&#216;st pulje 2","grundspil","",""
"2016/2017","Værløse 4","Danmarksserien","7","forbliver i Danmarksserien (midterfelt)","","","ikke fundet","ikke fundet","","7597","&#216;st pulje 2","grundspil","",""
"2016/2017","Gribskov Badminton","Danmarksserien","8","forbliver i Danmarksserien (midterfelt)","","","ikke fundet","ikke fundet","","7597","&#216;st pulje 2","grundspil","",""
"2016/2017","Holbæk 2 (N)","Danmarksserien","1","Danmarksseriens kvalifikationsgruppe mod 3. division; BD (N) = historisk bevægelsesmarkør","","","ikke fundet","3. division","","7598","&#216;st pulje 3","grundspil","","8727"
"2016/2017","NBK Amager","Danmarksserien","2","Danmarksseriens kvalifikationsgruppe mod 3. division","","","ikke fundet","Danmarksserien","","7598","&#216;st pulje 3","grundspil","","8727"
"2016/2017","Herlev Badminton 2","Danmarksserien","3","Danmarksseriens kvalifikationsgruppe mod 3. division","","","ikke fundet","Danmarksserien","","7598","&#216;st pulje 3","grundspil","","8727"
"2016/2017","Lyngby 2 (O)","Danmarksserien","4","Danmarksseriens kvalifikationsgruppe mod 3. division; BD (O) = historisk bevægelsesmarkør","","","ikke fundet","Danmarksserien","","7598","&#216;st pulje 3","grundspil","","8727"
"2016/2017","Badminton Roskilde 2 (O)","Danmarksserien","5","forbliver i Danmarksserien (midterfelt); BD (O) = historisk bevægelsesmarkør","","","ikke fundet","Danmarksserien","","7598","&#216;st pulje 3","grundspil","",""
"2016/2017","Vordingborg","Danmarksserien","6","forbliver i Danmarksserien (midterfelt)","","","ikke fundet","Danmarksserien","","7598","&#216;st pulje 3","grundspil","",""
"2016/2017","Hvidovre 3","Danmarksserien","7","forbliver i Danmarksserien (midterfelt)","","","ikke fundet","Danmarksserien","","7598","&#216;st pulje 3","grundspil","",""
"2016/2017","Taastrup TIK","Danmarksserien","8","forbliver i Danmarksserien (midterfelt)","","","ikke fundet","ikke fundet","","7598","&#216;st pulje 3","grundspil","",""
"2016/2017","SAIF Kbh. 2","Danmarksserien","1","Danmarksseriens kvalifikationsgruppe mod 3. division","","","ikke fundet","Danmarksserien","","7599","&#216;st pulje 4","grundspil","","8727"
"2016/2017","Drive 3 (O)","Danmarksserien","2","Danmarksseriens kvalifikationsgruppe mod 3. division; BD (O) = historisk bevægelsesmarkør","","","ikke fundet","Danmarksserien","","7599","&#216;st pulje 4","grundspil","","8727"
"2016/2017","Solrød Strand 5","Danmarksserien","3","Danmarksseriens kvalifikationsgruppe mod 3. division","","","ikke fundet","Danmarksserien","","7599","&#216;st pulje 4","grundspil","","8727"
"2016/2017","Sorø (O)","Danmarksserien","4","Danmarksseriens kvalifikationsgruppe mod 3. division; BD (O) = historisk bevægelsesmarkør","","","ikke fundet","Danmarksserien","","7599","&#216;st pulje 4","grundspil","","8727"
"2016/2017","Greve 4","Danmarksserien","5","forbliver i Danmarksserien (midterfelt)","","","ikke fundet","ikke fundet","","7599","&#216;st pulje 4","grundspil","",""
"2016/2017","FKIF Frederiksberg","Danmarksserien","6","forbliver i Danmarksserien (midterfelt)","","","ikke fundet","Danmarksserien","","7599","&#216;st pulje 4","grundspil","",""
"2016/2017","Køge (O)","Danmarksserien","7","forbliver i Danmarksserien (midterfelt); BD (O) = historisk bevægelsesmarkør","","","ikke fundet","ikke fundet","","7599","&#216;st pulje 4","grundspil","",""
"2016/2017","Skælskør (N)","Danmarksserien","8","forbliver i Danmarksserien (midterfelt); BD (N) = historisk bevægelsesmarkør","","","ikke fundet","ikke fundet","","7599","&#216;st pulje 4","grundspil","",""
"2017/2018","Skovshoved","Ligaen","1","Liga-grundspil","","","ikke fundet","Ligaen","","9241","Grundspil","grundspil","",""
"2017/2018","Solrød Strand","Ligaen","2","Liga-grundspil","","","ikke fundet","Ligaen","","9241","Grundspil","grundspil","",""
"2017/2018","Vendsyssel","Ligaen","3","Liga-grundspil","","","ikke fundet","Ligaen","","9241","Grundspil","grundspil","",""
"2017/2018","Aarhus AB","Ligaen","4","Liga-grundspil","","","ikke fundet","Ligaen","","9241","Grundspil","grundspil","",""
"2017/2018","Team Skælskør-Slagelse","Ligaen","5","Liga-grundspil","","","ikke fundet","Ligaen","","9241","Grundspil","grundspil","",""
"2017/2018","Greve","Ligaen","6","Liga-grundspil","","","ikke fundet","Ligaen","","9241","Grundspil","grundspil","",""
"2017/2018","Gentofte (O)","Ligaen","7","forbliver i Ligaen (nr. 7-8)","","","ikke fundet","Ligaen","","9241","Grundspil","grundspil","",""
"2017/2018","Højbjerg","Ligaen","8","forbliver i Ligaen (nr. 7-8)","","","ikke fundet","Ligaen","","9241","Grundspil","grundspil","",""
"2017/2018","Odense OBK","Ligaen","9","Ligakvalifikationspulje (ikke direkte 2-holds kamp)","","","ikke fundet","Ligaen","","9241","Grundspil","grundspil","","10369"
"2017/2018","Værløse","Ligaen","10","automatisk nedrykning","","","ikke fundet","Ligaen","","9241","Grundspil","grundspil","","10369"
"2017/2018","Langhøj (O)","1. division","1","1. divisions kvalifikationsgruppe mod Ligaen; BD (O) = historisk bevægelsesmarkør","","","ikke fundet","ikke fundet","","9242","Grundspil","grundspil","","10369"
"2017/2018","Lillerød (O)","1. division","2","1. divisions kvalifikationsgruppe mod Ligaen; BD (O) = historisk bevægelsesmarkør","","","ikke fundet","ikke fundet","","9242","Grundspil","grundspil","","10369"
"2017/2018","Aalborg Triton","1. division","3","1. divisions nedrykningsspil mod 2. division","","","ikke fundet","1. division","","9242","Grundspil","grundspil","","10362"
"2017/2018","KMB2010","1. division","4","1. divisions nedrykningsspil mod 2. division","","","ikke fundet","1. division","","9242","Grundspil","grundspil","","10362"
"2017/2018","Ikast (N)","1. division","5","1. divisions nedrykningsspil mod 2. division; BD (N) = historisk bevægelsesmarkør","","","ikke fundet","2. division","","9242","Grundspil","grundspil","","10362"
"2017/2018","Skovshoved 2","1. division","6","1. divisions nedrykningsspil mod 2. division","","","ikke fundet","2. division","","9242","Grundspil","grundspil","","10362"
"2017/2018","Solrød Strand 2","1. division","7","1. divisions nedrykningsspil mod 2. division","","","ikke fundet","1. division","","9242","Grundspil","grundspil","","10362"
"2017/2018","Værløse 2","1. division","8","1. divisions nedrykningsspil mod 2. division","","","ikke fundet","1. division","","9242","Grundspil","grundspil","","10362"
"2017/2018","Solrød Strand 3","2. division","1","2. divisions oprykningsspil/kvalifikation mod 1. division","","","ikke fundet","2. division","","9262","Pulje 1","grundspil","","10334"
"2017/2018","Greve 2","2. division","2","2. divisions oprykningsspil/kvalifikation mod 1. division","","","ikke fundet","1. division","","9262","Pulje 1","grundspil","","10334"
"2017/2018","Gentofte 2","2. division","3","2. divisions oprykningsspil/kvalifikation mod 1. division","","","ikke fundet","2. division","","9262","Pulje 1","grundspil","","10334"
"2017/2018","Holte","2. division","4","2. divisions oprykningsspil/kvalifikation mod 1. division","","","ikke fundet","2. division","","9262","Pulje 1","grundspil","","10334"
"2017/2018","Holbæk","2. division","5","2. divisions nedrykningsspil/kvalifikation mod 3. division","","","ikke fundet","2. division","","9262","Pulje 1","grundspil","","10335"
"2017/2018","Hvidovre (N)","2. division","6","2. divisions nedrykningsspil/kvalifikation mod 3. division; BD (N) = historisk bevægelsesmarkør","","","ikke fundet","2. division","","9262","Pulje 1","grundspil","","10335"
"2017/2018","KBK Kbh. (O)","2. division","7","2. divisions nedrykningsspil/kvalifikation mod 3. division; BD (O) = historisk bevægelsesmarkør","","","ikke fundet","3. division","","9262","Pulje 1","grundspil","","10335"
"2017/2018","Hillerød (O)","2. division","8","2. divisions nedrykningsspil/kvalifikation mod 3. division; BD (O) = historisk bevægelsesmarkør","","","ikke fundet","3. division","","9262","Pulje 1","grundspil","","10335"
"2017/2018","Højbjerg 2 (N)","2. division","1","2. divisions oprykningsspil/kvalifikation mod 1. division; BD (N) = historisk bevægelsesmarkør","","","ikke fundet","1. division","","9263","Pulje 2","grundspil","","10334"
"2017/2018","Aarhus AB 2","2. division","2","2. divisions oprykningsspil/kvalifikation mod 1. division","","","ikke fundet","2. division","","9263","Pulje 2","grundspil","","10334"
"2017/2018","Odense OBK 2","2. division","3","2. divisions oprykningsspil/kvalifikation mod 1. division","","","ikke fundet","2. division","","9263","Pulje 2","grundspil","","10334"
"2017/2018","Kolding BK","2. division","4","2. divisions oprykningsspil/kvalifikation mod 1. division","","","ikke fundet","2. division","","9263","Pulje 2","grundspil","","10334"
"2017/2018","Aabenraa (O)","2. division","5","2. divisions nedrykningsspil/kvalifikation mod 3. division; BD (O) = historisk bevægelsesmarkør","","","ikke fundet","2. division","","9263","Pulje 2","grundspil","","10335"
"2017/2018","Viby J","2. division","6","2. divisions nedrykningsspil/kvalifikation mod 3. division","","","ikke fundet","3. division","","9263","Pulje 2","grundspil","","10335"
"2017/2018","abc Aalborg (O)","2. division","7","2. divisions nedrykningsspil/kvalifikation mod 3. division; BD (O) = historisk bevægelsesmarkør","","","ikke fundet","2. division","","9263","Pulje 2","grundspil","","10335"
"2017/2018","Skovbakken","2. division","8","2. divisions nedrykningsspil/kvalifikation mod 3. division","","","ikke fundet","3. division","","9263","Pulje 2","grundspil","","10335"
"2017/2018","Værløse 3 (N)","3. division","1","3. divisions kvalifikationsgruppe mod 2. division; BD (N) = historisk bevægelsesmarkør","","","ikke fundet","2. division","","9304","Pulje 1","grundspil","","10336"
"2017/2018","Drive (N)","3. division","2","3. divisions kvalifikationsgruppe mod 2. division; BD (N) = historisk bevægelsesmarkør","","","ikke fundet","2. division","","9304","Pulje 1","grundspil","","10336"
"2017/2018","Badminton Roskilde","3. division","3","3. divisions kvalifikationsgruppe mod 2. division","","","ikke fundet","3. division","","9304","Pulje 1","grundspil","","10336"
"2017/2018","Gentofte 3 (O)","3. division","4","3. divisions kvalifikationsgruppe mod 2. division; BD (O) = historisk bevægelsesmarkør","","","ikke fundet","3. division","","9304","Pulje 1","grundspil","","10336"
"2017/2018","Solrød Strand 4","3. division","5","forbliver i 3. division (midterfelt)","","","ikke fundet","3. division","","9304","Pulje 1","grundspil","",""
"2017/2018","Slagelse","3. division","6","forbliver i 3. division (midterfelt)","","","ikke fundet","3. division","","9304","Pulje 1","grundspil","",""
"2017/2018","Hvidovre 2","3. division","7","forbliver i 3. division (midterfelt)","","","ikke fundet","Danmarksserien","","9304","Pulje 1","grundspil","",""
"2017/2018","Holbæk 2 (O)","3. division","8","forbliver i 3. division (midterfelt); BD (O) = historisk bevægelsesmarkør","","","ikke fundet","Danmarksserien","","9304","Pulje 1","grundspil","",""
"2017/2018","Skovshoved 3","3. division","1","3. divisions kvalifikationsgruppe mod 2. division","","","ikke fundet","3. division","","9305","Pulje 2","grundspil","","10336"
"2017/2018","Karlslunde","3. division","2","3. divisions kvalifikationsgruppe mod 2. division","","","ikke fundet","3. division","","9305","Pulje 2","grundspil","","10336"
"2017/2018","Taastrup Elite","3. division","3","3. divisions kvalifikationsgruppe mod 2. division","","","ikke fundet","2. division","","9305","Pulje 2","grundspil","","10336"
"2017/2018","SAIF Kbh.","3. division","4","3. divisions kvalifikationsgruppe mod 2. division","","","ikke fundet","3. division","","9305","Pulje 2","grundspil","","10336"
"2017/2018","Lyngby (O)","3. division","5","forbliver i 3. division (midterfelt); BD (O) = historisk bevægelsesmarkør","","","ikke fundet","3. division","","9305","Pulje 2","grundspil","",""
"2017/2018","Herlev Badminton (O)","3. division","6","forbliver i 3. division (midterfelt); BD (O) = historisk bevægelsesmarkør","","","ikke fundet","3. division","","9305","Pulje 2","grundspil","",""
"2017/2018","KMB2010 2 (N)","3. division","7","forbliver i 3. division (midterfelt); BD (N) = historisk bevægelsesmarkør","","","ikke fundet","3. division","","9305","Pulje 2","grundspil","",""
"2017/2018","Humlebæk (O)","3. division","8","forbliver i 3. division (midterfelt); BD (O) = historisk bevægelsesmarkør","","","ikke fundet","Danmarksserien","","9305","Pulje 2","grundspil","",""
"2017/2018","Ikast 2 (N)","3. division","1","3. divisions kvalifikationsgruppe mod 2. division; BD (N) = historisk bevægelsesmarkør","","","ikke fundet","3. division","","9306","Pulje 3","grundspil","","10337"
"2017/2018","Odense OBK 3","3. division","2","3. divisions kvalifikationsgruppe mod 2. division","","","ikke fundet","3. division","","9306","Pulje 3","grundspil","","10337"
"2017/2018","Badminton Esbjerg","3. division","3","3. divisions kvalifikationsgruppe mod 2. division","","","ikke fundet","3. division","","9306","Pulje 3","grundspil","","10337"
"2017/2018","Aarhus AB 3","3. division","4","3. divisions kvalifikationsgruppe mod 2. division","","","ikke fundet","3. division","","9306","Pulje 3","grundspil","","10337"
"2017/2018","Kolding BK 2","3. division","5","forbliver i 3. division (midterfelt)","","","ikke fundet","3. division","","9306","Pulje 3","grundspil","",""
"2017/2018","Team Fyn (N)","3. division","6","forbliver i 3. division (midterfelt); BD (N) = historisk bevægelsesmarkør","","","ikke fundet","3. division","","9306","Pulje 3","grundspil","",""
"2017/2018","Middelfart (O)","3. division","7","forbliver i 3. division (midterfelt); BD (O) = historisk bevægelsesmarkør","","","ikke fundet","Danmarksserien","","9306","Pulje 3","grundspil","",""
"2017/2018","Nr. Lyndelse (O)","3. division","8","forbliver i 3. division (midterfelt); BD (O) = historisk bevægelsesmarkør","","","ikke fundet","Danmarksserien","","9306","Pulje 3","grundspil","",""
"2017/2018","Højbjerg 3","3. division","1","3. divisions kvalifikationsgruppe mod 2. division","","","ikke fundet","2. division","","9307","Pulje 4","grundspil","","10337"
"2017/2018","Skovbakken 2","3. division","2","3. divisions kvalifikationsgruppe mod 2. division","","","ikke fundet","Danmarksserien","","9307","Pulje 4","grundspil","","10337"
"2017/2018","abc Aalborg 2 (O)","3. division","3","3. divisions kvalifikationsgruppe mod 2. division; BD (O) = historisk bevægelsesmarkør","","","ikke fundet","3. division","","9307","Pulje 4","grundspil","","10337"
"2017/2018","Viby J 2","3. division","4","3. divisions kvalifikationsgruppe mod 2. division","","","ikke fundet","Danmarksserien","","9307","Pulje 4","grundspil","","10337"
"2017/2018","Vendsyssel 2","3. division","5","forbliver i 3. division (midterfelt)","","","ikke fundet","3. division","","9307","Pulje 4","grundspil","",""
"2017/2018","Aalborg Triton 2","3. division","6","forbliver i 3. division (midterfelt)","","","ikke fundet","3. division","","9307","Pulje 4","grundspil","",""
"2017/2018","Team Salling/Sabro (O)","3. division","7","forbliver i 3. division (midterfelt); BD (O) = historisk bevægelsesmarkør","","","ikke fundet","3. division","","9307","Pulje 4","grundspil","",""
"2017/2018","Gug","3. division","8","forbliver i 3. division (midterfelt)","","","ikke fundet","Danmarksserien","","9307","Pulje 4","grundspil","",""
"2017/2018","Varde","Danmarksserien","1","Danmarksseriens kvalifikationsgruppe mod 3. division","","","ikke fundet","3. division","","9316","Vest pulje 1","grundspil","","10340"
"2017/2018","Dalum Hjallese BK","Danmarksserien","2","Danmarksseriens kvalifikationsgruppe mod 3. division","","","ikke fundet","3. division","","9316","Vest pulje 1","grundspil","","10340"
"2017/2018","Kolding BK 3 (O)","Danmarksserien","3","Danmarksseriens kvalifikationsgruppe mod 3. division; BD (O) = historisk bevægelsesmarkør","","","ikke fundet","Danmarksserien","","9316","Vest pulje 1","grundspil","","10340"
"2017/2018","Vejle","Danmarksserien","4","Danmarksseriens kvalifikationsgruppe mod 3. division","","","ikke fundet","Danmarksserien","","9316","Vest pulje 1","grundspil","","10340"
"2017/2018","Bolbro","Danmarksserien","5","forbliver i Danmarksserien (midterfelt)","","","ikke fundet","Danmarksserien","","9316","Vest pulje 1","grundspil","",""
"2017/2018","Team Fyn 2","Danmarksserien","6","forbliver i Danmarksserien (midterfelt)","","","ikke fundet","Danmarksserien","","9316","Vest pulje 1","grundspil","",""
"2017/2018","Badminton Esbjerg 2","Danmarksserien","7","forbliver i Danmarksserien (midterfelt)","","","ikke fundet","Danmarksserien","","9316","Vest pulje 1","grundspil","",""
"2017/2018","Svendborg *trukket*","Danmarksserien","8","forbliver i Danmarksserien (midterfelt)","","","ikke fundet","ikke fundet","","9316","Vest pulje 1","grundspil","",""
"2017/2018","Viby J 3","Danmarksserien","1","Danmarksseriens kvalifikationsgruppe mod 3. division","","","ikke fundet","Danmarksserien","","9317","Vest pulje 2","grundspil","","10340"
"2017/2018","Horsens","Danmarksserien","2","Danmarksseriens kvalifikationsgruppe mod 3. division","","","ikke fundet","Danmarksserien","","9317","Vest pulje 2","grundspil","","10340"
"2017/2018","Odense BK77","Danmarksserien","3","Danmarksseriens kvalifikationsgruppe mod 3. division","","","ikke fundet","3. division","","9317","Vest pulje 2","grundspil","","10340"
"2017/2018","Skovbakken 4","Danmarksserien","4","Danmarksseriens kvalifikationsgruppe mod 3. division","","","ikke fundet","ikke fundet","","9317","Vest pulje 2","grundspil","","10340"
"2017/2018","Odense OBK 4","Danmarksserien","5","forbliver i Danmarksserien (midterfelt)","","","ikke fundet","Danmarksserien","","9317","Vest pulje 2","grundspil","",""
"2017/2018","Tarup-Pårup (O)","Danmarksserien","6","forbliver i Danmarksserien (midterfelt); BD (O) = historisk bevægelsesmarkør","","","ikke fundet","Danmarksserien","","9317","Vest pulje 2","grundspil","",""
"2017/2018","Ringe","Danmarksserien","7","forbliver i Danmarksserien (midterfelt)","","","ikke fundet","Danmarksserien","","9317","Vest pulje 2","grundspil","",""
"2017/2018","Beder-Malling","Danmarksserien","8","forbliver i Danmarksserien (midterfelt)","","","ikke fundet","Danmarksserien","","9317","Vest pulje 2","grundspil","",""
"2017/2018","Ikast 3","Danmarksserien","1","Danmarksseriens kvalifikationsgruppe mod 3. division","","","ikke fundet","Danmarksserien","","9318","Vest pulje 3","grundspil","","10341"
"2017/2018","Langhøj 2 (O)","Danmarksserien","2","Danmarksseriens kvalifikationsgruppe mod 3. division; BD (O) = historisk bevægelsesmarkør","","","ikke fundet","3. division","","9318","Vest pulje 3","grundspil","","10341"
"2017/2018","Silkeborg BK","Danmarksserien","3","Danmarksseriens kvalifikationsgruppe mod 3. division","","","ikke fundet","Danmarksserien","","9318","Vest pulje 3","grundspil","","10341"
"2017/2018","Team Favrskov (N)","Danmarksserien","4","Danmarksseriens kvalifikationsgruppe mod 3. division; BD (N) = historisk bevægelsesmarkør","","","ikke fundet","Danmarksserien","","9318","Vest pulje 3","grundspil","","10341"
"2017/2018","Randers BK (N)","Danmarksserien","5","forbliver i Danmarksserien (midterfelt); BD (N) = historisk bevægelsesmarkør","","","ikke fundet","Danmarksserien","","9318","Vest pulje 3","grundspil","",""
"2017/2018","Herning","Danmarksserien","6","forbliver i Danmarksserien (midterfelt)","","","ikke fundet","Danmarksserien","","9318","Vest pulje 3","grundspil","",""
"2017/2018","Vejlby IK (O)","Danmarksserien","7","forbliver i Danmarksserien (midterfelt); BD (O) = historisk bevægelsesmarkør","","","ikke fundet","Danmarksserien","","9318","Vest pulje 3","grundspil","",""
"2017/2018","Silkeborg IF (O)","Danmarksserien","8","forbliver i Danmarksserien (midterfelt); BD (O) = historisk bevægelsesmarkør","","","ikke fundet","ikke fundet","","9318","Vest pulje 3","grundspil","",""
"2017/2018","Skovbakken 3","Danmarksserien","1","Danmarksseriens kvalifikationsgruppe mod 3. division","","","ikke fundet","Danmarksserien","","9319","Vest pulje 4","grundspil","","10341"
"2017/2018","Brønderslev (N)","Danmarksserien","2","Danmarksseriens kvalifikationsgruppe mod 3. division; BD (N) = historisk bevægelsesmarkør","","","ikke fundet","Danmarksserien","","9319","Vest pulje 4","grundspil","","10341"
"2017/2018","Højbjerg 4 (O)","Danmarksserien","3","Danmarksseriens kvalifikationsgruppe mod 3. division; BD (O) = historisk bevægelsesmarkør","","","ikke fundet","Danmarksserien","","9319","Vest pulje 4","grundspil","","10341"
"2017/2018","abc Aalborg 3","Danmarksserien","4","Danmarksseriens kvalifikationsgruppe mod 3. division","","","ikke fundet","Danmarksserien","","9319","Vest pulje 4","grundspil","","10341"
"2017/2018","Viby J 4","Danmarksserien","5","forbliver i Danmarksserien (midterfelt)","","","ikke fundet","ikke fundet","","9319","Vest pulje 4","grundspil","",""
"2017/2018","Aarhus Akademisk","Danmarksserien","6","forbliver i Danmarksserien (midterfelt)","","","ikke fundet","Danmarksserien","","9319","Vest pulje 4","grundspil","",""
"2017/2018","Gug 2","Danmarksserien","7","forbliver i Danmarksserien (midterfelt)","","","ikke fundet","ikke fundet","","9319","Vest pulje 4","grundspil","",""
"2017/2018","Vendsyssel 3 (O)","Danmarksserien","8","forbliver i Danmarksserien (midterfelt); BD (O) = historisk bevægelsesmarkør","","","ikke fundet","ikke fundet","","9319","Vest pulje 4","grundspil","",""
"2017/2018","Gladsaxe Søborg","Danmarksserien","1","Danmarksseriens kvalifikationsgruppe mod 3. division","","","ikke fundet","Danmarksserien","","9320","&#216;st pulje 1","grundspil","","10342"
"2017/2018","Lyngby 2","Danmarksserien","2","Danmarksseriens kvalifikationsgruppe mod 3. division","","","ikke fundet","Danmarksserien","","9320","&#216;st pulje 1","grundspil","","10342"
"2017/2018","Greve 3 (N)","Danmarksserien","3","Danmarksseriens kvalifikationsgruppe mod 3. division; BD (N) = historisk bevægelsesmarkør","","","ikke fundet","Danmarksserien","","9320","&#216;st pulje 1","grundspil","","10342"
"2017/2018","Dragør","Danmarksserien","4","Danmarksseriens kvalifikationsgruppe mod 3. division","","","ikke fundet","Danmarksserien","","9320","&#216;st pulje 1","grundspil","","10342"
"2017/2018","Badminton Roskilde 2","Danmarksserien","5","forbliver i Danmarksserien (midterfelt)","","","ikke fundet","Danmarksserien","","9320","&#216;st pulje 1","grundspil","",""
"2017/2018","Hvidovre HB2000 (O)","Danmarksserien","6","forbliver i Danmarksserien (midterfelt); BD (O) = historisk bevægelsesmarkør","","","ikke fundet","ikke fundet","","9320","&#216;st pulje 1","grundspil","",""
"2017/2018","Solrød Strand 5","Danmarksserien","7","forbliver i Danmarksserien (midterfelt)","","","ikke fundet","ikke fundet","","9320","&#216;st pulje 1","grundspil","",""
"2017/2018","Lillerød 3","Danmarksserien","8","forbliver i Danmarksserien (midterfelt)","","","ikke fundet","ikke fundet","","9320","&#216;st pulje 1","grundspil","",""
"2017/2018","Drive 2 (N)","Danmarksserien","1","Danmarksseriens kvalifikationsgruppe mod 3. division; BD (N) = historisk bevægelsesmarkør","","","ikke fundet","3. division","","9321","&#216;st pulje 2","grundspil","","10342"
"2017/2018","Charlottenlund 2","Danmarksserien","2","Danmarksseriens kvalifikationsgruppe mod 3. division","","","ikke fundet","Danmarksserien","","9321","&#216;st pulje 2","grundspil","","10342"
"2017/2018","Holte 3","Danmarksserien","3","Danmarksseriens kvalifikationsgruppe mod 3. division","","","ikke fundet","Danmarksserien","","9321","&#216;st pulje 2","grundspil","","10342"
"2017/2018","Skovshoved 4 (O)","Danmarksserien","4","Danmarksseriens kvalifikationsgruppe mod 3. division; BD (O) = historisk bevægelsesmarkør","","","ikke fundet","Danmarksserien","","9321","&#216;st pulje 2","grundspil","","10342"
"2017/2018","KMB2010 3","Danmarksserien","5","forbliver i Danmarksserien (midterfelt)","","","ikke fundet","Danmarksserien","","9321","&#216;st pulje 2","grundspil","",""
"2017/2018","SAIF Kbh. 2","Danmarksserien","6","forbliver i Danmarksserien (midterfelt)","","","ikke fundet","Danmarksserien","","9321","&#216;st pulje 2","grundspil","",""
"2017/2018","&#216;lstykke (O)","Danmarksserien","7","forbliver i Danmarksserien (midterfelt); BD (O) = historisk bevægelsesmarkør","","","ikke fundet","ikke fundet","","9321","&#216;st pulje 2","grundspil","",""
"2017/2018","NBK Amager","Danmarksserien","8","forbliver i Danmarksserien (midterfelt)","","","ikke fundet","ikke fundet","","9321","&#216;st pulje 2","grundspil","",""
"2017/2018","Lillerød 2 (N)","Danmarksserien","1","Danmarksseriens kvalifikationsgruppe mod 3. division; BD (N) = historisk bevægelsesmarkør","","","ikke fundet","3. division","","9322","&#216;st pulje 3","grundspil","","10343"
"2017/2018","Frederiksberg","Danmarksserien","2","Danmarksseriens kvalifikationsgruppe mod 3. division","","","ikke fundet","Danmarksserien","","9322","&#216;st pulje 3","grundspil","","10343"
"2017/2018","FKIF Frederiksberg","Danmarksserien","3","Danmarksseriens kvalifikationsgruppe mod 3. division","","","ikke fundet","Danmarksserien","","9322","&#216;st pulje 3","grundspil","","10343"
"2017/2018","KBK Kbh. 2","Danmarksserien","4","Danmarksseriens kvalifikationsgruppe mod 3. division","","","ikke fundet","Danmarksserien","","9322","&#216;st pulje 3","grundspil","","10343"
"2017/2018","Mørkøv (O)","Danmarksserien","5","forbliver i Danmarksserien (midterfelt); BD (O) = historisk bevægelsesmarkør","","","ikke fundet","ikke fundet","","9322","&#216;st pulje 3","grundspil","",""
"2017/2018","SAIF Kbh. 3","Danmarksserien","6","forbliver i Danmarksserien (midterfelt)","","","ikke fundet","Danmarksserien","","9322","&#216;st pulje 3","grundspil","",""
"2017/2018","Sorø","Danmarksserien","7","forbliver i Danmarksserien (midterfelt)","","","ikke fundet","ikke fundet","","9322","&#216;st pulje 3","grundspil","",""
"2017/2018","Holbæk 3 (O)","Danmarksserien","8","forbliver i Danmarksserien (midterfelt); BD (O) = historisk bevægelsesmarkør","","","ikke fundet","ikke fundet","","9322","&#216;st pulje 3","grundspil","",""
"2017/2018","Charlottenlund (N)","Danmarksserien","1","Danmarksseriens kvalifikationsgruppe mod 3. division; BD (N) = historisk bevægelsesmarkør","","","ikke fundet","3. division","","9323","&#216;st pulje 4","grundspil","","10343"
"2017/2018","Holte 2 (N)","Danmarksserien","2","Danmarksseriens kvalifikationsgruppe mod 3. division; BD (N) = historisk bevægelsesmarkør","","","ikke fundet","3. division","","9323","&#216;st pulje 4","grundspil","","10343"
"2017/2018","Drive 3","Danmarksserien","3","Danmarksseriens kvalifikationsgruppe mod 3. division","","","ikke fundet","Danmarksserien","","9323","&#216;st pulje 4","grundspil","","10343"
"2017/2018","Vordingborg","Danmarksserien","4","Danmarksseriens kvalifikationsgruppe mod 3. division","","","ikke fundet","Danmarksserien","","9323","&#216;st pulje 4","grundspil","","10343"
"2017/2018","Herlev Badminton 2","Danmarksserien","5","forbliver i Danmarksserien (midterfelt)","","","ikke fundet","Danmarksserien","","9323","&#216;st pulje 4","grundspil","",""
"2017/2018","Rødby (O)","Danmarksserien","6","forbliver i Danmarksserien (midterfelt); BD (O) = historisk bevægelsesmarkør","","","ikke fundet","Danmarksserien","","9323","&#216;st pulje 4","grundspil","",""
"2017/2018","Vanløse (O)","Danmarksserien","7","forbliver i Danmarksserien (midterfelt); BD (O) = historisk bevægelsesmarkør","","","ikke fundet","Danmarksserien","","9323","&#216;st pulje 4","grundspil","",""
"2017/2018","Hvidovre 3","Danmarksserien","8","forbliver i Danmarksserien (midterfelt)","","","ikke fundet","Danmarksserien","","9323","&#216;st pulje 4","grundspil","",""
"2018/2019","Greve","Ligaen","1","Liga-grundspil","","","ikke fundet","Ligaen","","10955","Grundspil","grundspil","",""
"2018/2019","Solrød Strand","Ligaen","2","Liga-grundspil","","","ikke fundet","Ligaen","","10955","Grundspil","grundspil","",""
"2018/2019","Vendsyssel","Ligaen","3","Liga-grundspil","","","ikke fundet","Ligaen","","10955","Grundspil","grundspil","",""
"2018/2019","Team Skælskør-Slagelse","Ligaen","4","Liga-grundspil","","","ikke fundet","Ligaen","","10955","Grundspil","grundspil","",""
"2018/2019","Aarhus AB","Ligaen","5","Liga-grundspil","","","ikke fundet","Ligaen","","10955","Grundspil","grundspil","",""
"2018/2019","Skovshoved","Ligaen","6","Liga-grundspil","","","ikke fundet","Ligaen","","10955","Grundspil","grundspil","",""
"2018/2019","Højbjerg","Ligaen","7","forbliver i Ligaen (nr. 7-8)","","","ikke fundet","ikke fundet","","10955","Grundspil","grundspil","","12046"
"2018/2019","Værløse","Ligaen","8","forbliver i Ligaen (nr. 7-8)","","","ikke fundet","Ligaen","","10955","Grundspil","grundspil","","12046"
"2018/2019","Gentofte","Ligaen","9","Ligakvalifikationspulje (ikke direkte 2-holds kamp)","","","ikke fundet","1. division","","10955","Grundspil","grundspil","","12046"
"2018/2019","Odense OBK","Ligaen","10","automatisk nedrykning","","","ikke fundet","1. division","","10955","Grundspil","grundspil","","12046"
"2018/2019","Langhøj","1. division","1","1. divisions kvalifikationsgruppe mod Ligaen","","","ikke fundet","Danmarksserien","","10847","Grundspil","grundspil","","12046"
"2018/2019","Lillerød","1. division","2","1. divisions kvalifikationsgruppe mod Ligaen","","","ikke fundet","1. division","","10847","Grundspil","grundspil","","12046"
"2018/2019","Solrød Strand 2","1. division","3","forbliver i 1. division (midterfelt)","","","ikke fundet","1. division","","10847","Grundspil","grundspil","",""
"2018/2019","KMB2010","1. division","4","forbliver i 1. division (midterfelt)","","","ikke fundet","1. division","","10847","Grundspil","grundspil","",""
"2018/2019","Aalborg Triton","1. division","5","forbliver i 1. division (midterfelt)","","","ikke fundet","1. division","","10847","Grundspil","grundspil","",""
"2018/2019","Højbjerg 2 (O)","1. division","6","forbliver i 1. division (midterfelt); BD (O) = historisk bevægelsesmarkør","","","ikke fundet","2. division","","10847","Grundspil","grundspil","",""
"2018/2019","Greve 2 (O)","1. division","7","forbliver i 1. division (midterfelt); BD (O) = historisk bevægelsesmarkør","","","ikke fundet","1. division","","10847","Grundspil","grundspil","",""
"2018/2019","Værløse 2","1. division","8","forbliver i 1. division (midterfelt)","","","ikke fundet","1. division","","10847","Grundspil","grundspil","",""
"2018/2019","Ikast (N)","2. division","1","forbliver i 2. division (midterfelt); BD (N) = historisk bevægelsesmarkør","","","ikke fundet","1. division","","10881","Pulje 1","grundspil","",""
"2018/2019","Aarhus AB 2","2. division","2","forbliver i 2. division (midterfelt)","","","ikke fundet","2. division","","10881","Pulje 1","grundspil","",""
"2018/2019","abc Aalborg","2. division","3","forbliver i 2. division (midterfelt)","","","ikke fundet","1. division","","10881","Pulje 1","grundspil","",""
"2018/2019","Højbjerg 3 (O)","2. division","4","2. divisions nedrykningsspil/kvalifikation mod 3. division; BD (O) = historisk bevægelsesmarkør","","","ikke fundet","3. division","","10881","Pulje 1","grundspil","","12018"
"2018/2019","Kolding BK","2. division","5","forbliver i 2. division (midterfelt)","","","ikke fundet","1. division","","10881","Pulje 1","grundspil","",""
"2018/2019","Aabenraa","2. division","6","2. divisions nedrykningsspil/kvalifikation mod 3. division","","","ikke fundet","1. division","","10881","Pulje 1","grundspil","","12018"
"2018/2019","Odense OBK 2","2. division","7","2. divisions nedrykningsspil/kvalifikation mod 3. division","","","ikke fundet","2. division","","10881","Pulje 1","grundspil","","12018"
"2018/2019","Taastrup Elite (O)","2. division","8","2. divisions nedrykningsspil/kvalifikation mod 3. division; BD (O) = historisk bevægelsesmarkør","","","ikke fundet","ikke fundet","","10881","Pulje 1","grundspil","","12018"
"2018/2019","Solrød Strand 3","2. division","1","2. divisions nedrykningsspil/kvalifikation mod 3. division","","","ikke fundet","2. division","","10882","Pulje 2","grundspil","","12018"
"2018/2019","Skovshoved 2 (N)","2. division","2","forbliver i 2. division (midterfelt); BD (N) = historisk bevægelsesmarkør","","","ikke fundet","1. division","","10882","Pulje 2","grundspil","",""
"2018/2019","Holte","2. division","3","forbliver i 2. division (midterfelt)","","","ikke fundet","1. division","","10882","Pulje 2","grundspil","",""
"2018/2019","Hvidovre","2. division","4","forbliver i 2. division (midterfelt)","","","ikke fundet","1. division","","10882","Pulje 2","grundspil","",""
"2018/2019","Gentofte 2","2. division","5","2. divisions nedrykningsspil/kvalifikation mod 3. division","","","ikke fundet","2. division","","10882","Pulje 2","grundspil","","12018"
"2018/2019","Holbæk","2. division","6","forbliver i 2. division (midterfelt)","","","ikke fundet","1. division","","10882","Pulje 2","grundspil","",""
"2018/2019","Drive (O)","2. division","7","2. divisions nedrykningsspil/kvalifikation mod 3. division; BD (O) = historisk bevægelsesmarkør","","","ikke fundet","2. division","","10882","Pulje 2","grundspil","","12018"
"2018/2019","Værløse 3 (O)","2. division","8","2. divisions nedrykningsspil/kvalifikation mod 3. division; BD (O) = historisk bevægelsesmarkør","","","ikke fundet","2. division","","10882","Pulje 2","grundspil","","12018"
"2018/2019","Solrød Strand 4","3. division","1","3. divisions kvalifikationsgruppe mod 2. division","","","ikke fundet","3. division","","10885","Pulje 1","grundspil","","11989"
"2018/2019","Karlslunde","3. division","2","3. divisions kvalifikationsgruppe mod 2. division","","","ikke fundet","3. division","","10885","Pulje 1","grundspil","","11989"
"2018/2019","KMB2010 2","3. division","3","3. divisions kvalifikationsgruppe mod 2. division","","","ikke fundet","3. division","","10885","Pulje 1","grundspil","","11989"
"2018/2019","Herlev Badminton","3. division","4","3. divisions kvalifikationsgruppe mod 2. division","","","ikke fundet","3. division","","10885","Pulje 1","grundspil","","11989"
"2018/2019","Charlottenlund (O)","3. division","5","forbliver i 3. division (midterfelt); BD (O) = historisk bevægelsesmarkør","","","ikke fundet","3. division","","10885","Pulje 1","grundspil","",""
"2018/2019","Slagelse","3. division","6","forbliver i 3. division (midterfelt)","","","ikke fundet","3. division","","10885","Pulje 1","grundspil","",""
"2018/2019","KBK Kbh. (N)","3. division","7","forbliver i 3. division (midterfelt); BD (N) = historisk bevægelsesmarkør","","","ikke fundet","3. division","","10885","Pulje 1","grundspil","",""
"2018/2019","Drive 2 (O)","3. division","8","forbliver i 3. division (midterfelt); BD (O) = historisk bevægelsesmarkør","","","ikke fundet","Danmarksserien","","10885","Pulje 1","grundspil","",""
"2018/2019","Lyngby","3. division","1","3. divisions kvalifikationsgruppe mod 2. division","","","ikke fundet","2. division","","10886","Pulje 2","grundspil","","11989"
"2018/2019","Hillerød (N)","3. division","2","3. divisions kvalifikationsgruppe mod 2. division; BD (N) = historisk bevægelsesmarkør","","","ikke fundet","2. division","","10886","Pulje 2","grundspil","","11989"
"2018/2019","Skovshoved 3","3. division","3","3. divisions kvalifikationsgruppe mod 2. division","","","ikke fundet","2. division","","10886","Pulje 2","grundspil","","11989"
"2018/2019","Lillerød 2 (O)","3. division","4","3. divisions kvalifikationsgruppe mod 2. division; BD (O) = historisk bevægelsesmarkør","","","ikke fundet","2. division","","10886","Pulje 2","grundspil","","11989"
"2018/2019","SAIF Kbh.","3. division","5","forbliver i 3. division (midterfelt)","","","ikke fundet","3. division","","10886","Pulje 2","grundspil","",""
"2018/2019","Badminton Roskilde","3. division","6","forbliver i 3. division (midterfelt)","","","ikke fundet","3. division","","10886","Pulje 2","grundspil","",""
"2018/2019","Holte 2 (O)","3. division","7","forbliver i 3. division (midterfelt); BD (O) = historisk bevægelsesmarkør","","","ikke fundet","3. division","","10886","Pulje 2","grundspil","",""
"2018/2019","Gentofte 3","3. division","8","forbliver i 3. division (midterfelt)","","","ikke fundet","Danmarksserien","","10886","Pulje 2","grundspil","",""
"2018/2019","Ikast 2","3. division","1","3. divisions kvalifikationsgruppe mod 2. division","","","ikke fundet","2. division","","10887","Pulje 3","grundspil","","11990"
"2018/2019","Skovbakken (N)","3. division","2","3. divisions kvalifikationsgruppe mod 2. division; BD (N) = historisk bevægelsesmarkør","","","ikke fundet","2. division","","10887","Pulje 3","grundspil","","11990"
"2018/2019","Aalborg Triton 2","3. division","3","3. divisions kvalifikationsgruppe mod 2. division","","","ikke fundet","3. division","","10887","Pulje 3","grundspil","","11990"
"2018/2019","Aarhus AB 3","3. division","4","3. divisions kvalifikationsgruppe mod 2. division","","","ikke fundet","3. division","","10887","Pulje 3","grundspil","","11990"
"2018/2019","abc Aalborg 2","3. division","5","forbliver i 3. division (midterfelt)","","","ikke fundet","3. division","","10887","Pulje 3","grundspil","",""
"2018/2019","Vendsyssel 2","3. division","6","forbliver i 3. division (midterfelt)","","","ikke fundet","3. division","","10887","Pulje 3","grundspil","",""
"2018/2019","Langhøj 2 (O)","3. division","7","forbliver i 3. division (midterfelt); BD (O) = historisk bevægelsesmarkør","","","ikke fundet","ikke fundet","","10887","Pulje 3","grundspil","",""
"2018/2019","Team Salling/Sabro","3. division","8","forbliver i 3. division (midterfelt)","","","ikke fundet","Danmarksserien","","10887","Pulje 3","grundspil","",""
"2018/2019","Viby J (N)","3. division","1","3. divisions kvalifikationsgruppe mod 2. division; BD (N) = historisk bevægelsesmarkør","","","ikke fundet","2. division","","10888","Pulje 4","grundspil","","11990"
"2018/2019","Badminton Esbjerg","3. division","2","3. divisions kvalifikationsgruppe mod 2. division","","","ikke fundet","3. division","","10888","Pulje 4","grundspil","","11990"
"2018/2019","Team Fyn","3. division","3","3. divisions kvalifikationsgruppe mod 2. division","","","ikke fundet","2. division","","10888","Pulje 4","grundspil","","11990"
"2018/2019","Odense OBK 3","3. division","4","3. divisions kvalifikationsgruppe mod 2. division","","","ikke fundet","3. division","","10888","Pulje 4","grundspil","","11990"
"2018/2019","Varde (O)","3. division","5","forbliver i 3. division (midterfelt); BD (O) = historisk bevægelsesmarkør","","","ikke fundet","3. division","","10888","Pulje 4","grundspil","",""
"2018/2019","Kolding BK 2","3. division","6","forbliver i 3. division (midterfelt)","","","ikke fundet","3. division","","10888","Pulje 4","grundspil","",""
"2018/2019","Dalum Hjallese BK (O)","3. division","7","forbliver i 3. division (midterfelt); BD (O) = historisk bevægelsesmarkør","","","ikke fundet","Danmarksserien","","10888","Pulje 4","grundspil","",""
"2018/2019","Odense BK77 (O)","3. division","8","forbliver i 3. division (midterfelt); BD (O) = historisk bevægelsesmarkør","","","ikke fundet","Danmarksserien","","10888","Pulje 4","grundspil","",""
"2018/2019","Skovbakken 2 (N)","Danmarksserien","1","Danmarksseriens kvalifikationsgruppe mod 3. division; BD (N) = historisk bevægelsesmarkør","","","ikke fundet","3. division","","10905","Vest pulje 1","grundspil","","11997"
"2018/2019","Randers BK","Danmarksserien","2","Danmarksseriens kvalifikationsgruppe mod 3. division","","","ikke fundet","3. division","","10905","Vest pulje 1","grundspil","","11997"
"2018/2019","Silkeborg BK","Danmarksserien","3","Danmarksseriens kvalifikationsgruppe mod 3. division","","","ikke fundet","Danmarksserien","","10905","Vest pulje 1","grundspil","","11997"
"2018/2019","abc Aalborg 3","Danmarksserien","4","Danmarksseriens kvalifikationsgruppe mod 3. division","","","ikke fundet","Danmarksserien","","10905","Vest pulje 1","grundspil","","11997"
"2018/2019","Herning","Danmarksserien","5","forbliver i Danmarksserien (midterfelt)","","","ikke fundet","Danmarksserien","","10905","Vest pulje 1","grundspil","",""
"2018/2019","Aalborg Triton 3 (O)","Danmarksserien","6","forbliver i Danmarksserien (midterfelt); BD (O) = historisk bevægelsesmarkør","","","ikke fundet","Danmarksserien","","10905","Vest pulje 1","grundspil","",""
"2018/2019","Beder-Malling","Danmarksserien","7","forbliver i Danmarksserien (midterfelt)","","","ikke fundet","ikke fundet","","10905","Vest pulje 1","grundspil","",""
"2018/2019","Ikast 3","Danmarksserien","8","forbliver i Danmarksserien (midterfelt)","","","ikke fundet","Danmarksserien","","10905","Vest pulje 1","grundspil","",""
"2018/2019","Viby J 2 (N)","Danmarksserien","1","Danmarksseriens kvalifikationsgruppe mod 3. division; BD (N) = historisk bevægelsesmarkør","","","ikke fundet","3. division","","10906","Vest pulje 2","grundspil","","11997"
"2018/2019","Gug (N)","Danmarksserien","2","Danmarksseriens kvalifikationsgruppe mod 3. division; BD (N) = historisk bevægelsesmarkør","","","ikke fundet","ikke fundet","","10906","Vest pulje 2","grundspil","","11997"
"2018/2019","Brønderslev","Danmarksserien","3","Danmarksseriens kvalifikationsgruppe mod 3. division","","","ikke fundet","Danmarksserien","","10906","Vest pulje 2","grundspil","","11997"
"2018/2019","Team Favrskov","Danmarksserien","4","Danmarksseriens kvalifikationsgruppe mod 3. division","","","ikke fundet","Danmarksserien","","10906","Vest pulje 2","grundspil","","11997"
"2018/2019","Vejlby IK","Danmarksserien","5","forbliver i Danmarksserien (midterfelt)","","","ikke fundet","Danmarksserien","","10906","Vest pulje 2","grundspil","",""
"2018/2019","Skalborg SK (O)","Danmarksserien","6","forbliver i Danmarksserien (midterfelt); BD (O) = historisk bevægelsesmarkør","","","ikke fundet","Danmarksserien","","10906","Vest pulje 2","grundspil","",""
"2018/2019","Skødstrup (O)","Danmarksserien","7","forbliver i Danmarksserien (midterfelt); BD (O) = historisk bevægelsesmarkør","","","ikke fundet","ikke fundet","","10906","Vest pulje 2","grundspil","",""
"2018/2019","Aarhus Akademisk","Danmarksserien","8","forbliver i Danmarksserien (midterfelt)","","","ikke fundet","Danmarksserien","","10906","Vest pulje 2","grundspil","",""
"2018/2019","Højbjerg 4","Danmarksserien","1","Danmarksseriens kvalifikationsgruppe mod 3. division","","","ikke fundet","Danmarksserien","","10907","Vest pulje 3","grundspil","","11998"
"2018/2019","Skovbakken 3","Danmarksserien","2","Danmarksseriens kvalifikationsgruppe mod 3. division","","","ikke fundet","Danmarksserien","","10907","Vest pulje 3","grundspil","","11998"
"2018/2019","Nr. Lyndelse (N)","Danmarksserien","3","Danmarksseriens kvalifikationsgruppe mod 3. division; BD (N) = historisk bevægelsesmarkør","","","ikke fundet","3. division","","10907","Vest pulje 3","grundspil","","11998"
"2018/2019","Grindsted BK (O)","Danmarksserien","4","Danmarksseriens kvalifikationsgruppe mod 3. division; BD (O) = historisk bevægelsesmarkør","","","ikke fundet","Danmarksserien","","10907","Vest pulje 3","grundspil","","11998"
"2018/2019","Ringe","Danmarksserien","5","forbliver i Danmarksserien (midterfelt)","","","ikke fundet","Danmarksserien","","10907","Vest pulje 3","grundspil","",""
"2018/2019","Odense OBK 4","Danmarksserien","6","forbliver i Danmarksserien (midterfelt)","","","ikke fundet","Danmarksserien","","10907","Vest pulje 3","grundspil","",""
"2018/2019","Bolbro","Danmarksserien","7","forbliver i Danmarksserien (midterfelt)","","","ikke fundet","Danmarksserien","","10907","Vest pulje 3","grundspil","",""
"2018/2019","Vejle","Danmarksserien","8","forbliver i Danmarksserien (midterfelt)","","","ikke fundet","ikke fundet","","10907","Vest pulje 3","grundspil","",""
"2018/2019","Viby J 3","Danmarksserien","1","Danmarksseriens kvalifikationsgruppe mod 3. division","","","ikke fundet","Danmarksserien","","10908","Vest pulje 4","grundspil","","11998"
"2018/2019","Horsens","Danmarksserien","2","Danmarksseriens kvalifikationsgruppe mod 3. division","","","ikke fundet","3. division","","10908","Vest pulje 4","grundspil","","11998"
"2018/2019","Tarup-Pårup","Danmarksserien","3","Danmarksseriens kvalifikationsgruppe mod 3. division","","","ikke fundet","Danmarksserien","","10908","Vest pulje 4","grundspil","","11998"
"2018/2019","Team Fyn 2","Danmarksserien","4","Danmarksseriens kvalifikationsgruppe mod 3. division","","","ikke fundet","Danmarksserien","","10908","Vest pulje 4","grundspil","","11998"
"2018/2019","Middelfart (N)","Danmarksserien","5","forbliver i Danmarksserien (midterfelt); BD (N) = historisk bevægelsesmarkør","","","ikke fundet","Danmarksserien","","10908","Vest pulje 4","grundspil","",""
"2018/2019","Kolding BK 3","Danmarksserien","6","forbliver i Danmarksserien (midterfelt)","","","ikke fundet","Danmarksserien","","10908","Vest pulje 4","grundspil","",""
"2018/2019","Badminton Esbjerg 2","Danmarksserien","7","forbliver i Danmarksserien (midterfelt)","","","ikke fundet","Danmarksserien","","10908","Vest pulje 4","grundspil","",""
"2018/2019","Dalum Hjallese BK 2 (O)","Danmarksserien","8","forbliver i Danmarksserien (midterfelt); BD (O) = historisk bevægelsesmarkør","","","ikke fundet","ikke fundet","","10908","Vest pulje 4","grundspil","",""
"2018/2019","Greve 3","Danmarksserien","1","Danmarksseriens kvalifikationsgruppe mod 3. division","","","ikke fundet","3. division","","10909","&#216;st pulje 1","grundspil","","11995"
"2018/2019","KMB2010 3","Danmarksserien","2","Danmarksseriens kvalifikationsgruppe mod 3. division","","","ikke fundet","Danmarksserien","","10909","&#216;st pulje 1","grundspil","","11995"
"2018/2019","FKIF Frederiksberg","Danmarksserien","3","Danmarksseriens kvalifikationsgruppe mod 3. division","","","ikke fundet","Danmarksserien","","10909","&#216;st pulje 1","grundspil","","11995"
"2018/2019","Vordingborg","Danmarksserien","4","Danmarksseriens kvalifikationsgruppe mod 3. division","","","ikke fundet","Danmarksserien","","10909","&#216;st pulje 1","grundspil","","11995"
"2018/2019","Karlslunde 2 (O)","Danmarksserien","5","forbliver i Danmarksserien (midterfelt); BD (O) = historisk bevægelsesmarkør","","","ikke fundet","Danmarksserien","","10909","&#216;st pulje 1","grundspil","",""
"2018/2019","KBK Kbh. 2","Danmarksserien","6","forbliver i Danmarksserien (midterfelt)","","","ikke fundet","Danmarksserien","","10909","&#216;st pulje 1","grundspil","",""
"2018/2019","Drive 4 (O)","Danmarksserien","7","forbliver i Danmarksserien (midterfelt); BD (O) = historisk bevægelsesmarkør","","","ikke fundet","ikke fundet","","10909","&#216;st pulje 1","grundspil","",""
"2018/2019","Rødby","Danmarksserien","8","forbliver i Danmarksserien (midterfelt)","","","ikke fundet","ikke fundet","","10909","&#216;st pulje 1","grundspil","",""
"2018/2019","Lyngby 2","Danmarksserien","1","Danmarksseriens kvalifikationsgruppe mod 3. division","","","ikke fundet","3. division","","10910","&#216;st pulje 2","grundspil","","11995"
"2018/2019","SAIF Kbh. 2","Danmarksserien","2","Danmarksseriens kvalifikationsgruppe mod 3. division","","","ikke fundet","Danmarksserien","","10910","&#216;st pulje 2","grundspil","","11995"
"2018/2019","Ringsted (O)","Danmarksserien","3","Danmarksseriens kvalifikationsgruppe mod 3. division; BD (O) = historisk bevægelsesmarkør","","","ikke fundet","3. division","","10910","&#216;st pulje 2","grundspil","","11995"
"2018/2019","Dragør","Danmarksserien","4","Danmarksseriens kvalifikationsgruppe mod 3. division","","","ikke fundet","Danmarksserien","","10910","&#216;st pulje 2","grundspil","","11995"
"2018/2019","Holbæk 2 (N)","Danmarksserien","5","forbliver i Danmarksserien (midterfelt); BD (N) = historisk bevægelsesmarkør","","","ikke fundet","Danmarksserien","","10910","&#216;st pulje 2","grundspil","",""
"2018/2019","Frederiksberg","Danmarksserien","6","forbliver i Danmarksserien (midterfelt)","","","ikke fundet","Danmarksserien","","10910","&#216;st pulje 2","grundspil","",""
"2018/2019","Hvidovre 3","Danmarksserien","7","forbliver i Danmarksserien (midterfelt)","","","ikke fundet","Danmarksserien","","10910","&#216;st pulje 2","grundspil","",""
"2018/2019","Team Vejleå (O)","Danmarksserien","8","forbliver i Danmarksserien (midterfelt); BD (O) = historisk bevægelsesmarkør","","","ikke fundet","2. division","","10910","&#216;st pulje 2","grundspil","",""
"2018/2019","Humlebæk (N)","Danmarksserien","1","Danmarksseriens kvalifikationsgruppe mod 3. division; BD (N) = historisk bevægelsesmarkør","","","ikke fundet","3. division","","10911","&#216;st pulje 3","grundspil","","11996"
"2018/2019","Frem - Hellebæk (O)","Danmarksserien","2","Danmarksseriens kvalifikationsgruppe mod 3. division; BD (O) = historisk bevægelsesmarkør","","","ikke fundet","3. division","","10911","&#216;st pulje 3","grundspil","","11996"
"2018/2019","Skovshoved 4","Danmarksserien","3","Danmarksseriens kvalifikationsgruppe mod 3. division","","","ikke fundet","Danmarksserien","","10911","&#216;st pulje 3","grundspil","","11996"
"2018/2019","Herlev Badminton 2","Danmarksserien","4","Danmarksseriens kvalifikationsgruppe mod 3. division","","","ikke fundet","Danmarksserien","","10911","&#216;st pulje 3","grundspil","","11996"
"2018/2019","Værløse 4 (O)","Danmarksserien","5","forbliver i Danmarksserien (midterfelt); BD (O) = historisk bevægelsesmarkør","","","ikke fundet","Danmarksserien","","10911","&#216;st pulje 3","grundspil","",""
"2018/2019","Charlottenlund 2","Danmarksserien","6","forbliver i Danmarksserien (midterfelt)","","","ikke fundet","Danmarksserien","","10911","&#216;st pulje 3","grundspil","",""
"2018/2019","SAIF Kbh. 3","Danmarksserien","7","forbliver i Danmarksserien (midterfelt)","","","ikke fundet","Danmarksserien","","10911","&#216;st pulje 3","grundspil","",""
"2018/2019","Gentofte 4 (O)","Danmarksserien","8","forbliver i Danmarksserien (midterfelt); BD (O) = historisk bevægelsesmarkør","","","ikke fundet","ikke fundet","","10911","&#216;st pulje 3","grundspil","",""
"2018/2019","Hvidovre 2 (N)","Danmarksserien","1","Danmarksseriens kvalifikationsgruppe mod 3. division; BD (N) = historisk bevægelsesmarkør","","","ikke fundet","3. division","","10912","&#216;st pulje 4","grundspil","","11996"
"2018/2019","Hillerød 2 (O)","Danmarksserien","2","Danmarksseriens kvalifikationsgruppe mod 3. division; BD (O) = historisk bevægelsesmarkør","","","ikke fundet","3. division","","10912","&#216;st pulje 4","grundspil","","11996"
"2018/2019","Vanløse","Danmarksserien","3","Danmarksseriens kvalifikationsgruppe mod 3. division","","","ikke fundet","Danmarksserien","","10912","&#216;st pulje 4","grundspil","","11996"
"2018/2019","Lyngby 3 (O)","Danmarksserien","4","Danmarksseriens kvalifikationsgruppe mod 3. division; BD (O) = historisk bevægelsesmarkør","","","ikke fundet","Danmarksserien","","10912","&#216;st pulje 4","grundspil","","11996"
"2018/2019","Gladsaxe Søborg","Danmarksserien","5","forbliver i Danmarksserien (midterfelt)","","","ikke fundet","Danmarksserien","","10912","&#216;st pulje 4","grundspil","",""
"2018/2019","Drive 3","Danmarksserien","6","forbliver i Danmarksserien (midterfelt)","","","ikke fundet","Danmarksserien","","10912","&#216;st pulje 4","grundspil","",""
"2018/2019","Badminton Roskilde 2","Danmarksserien","7","forbliver i Danmarksserien (midterfelt)","","","ikke fundet","Danmarksserien","","10912","&#216;st pulje 4","grundspil","",""
"2018/2019","Holte 3","Danmarksserien","8","forbliver i Danmarksserien (midterfelt)","","","ikke fundet","Danmarksserien","","10912","&#216;st pulje 4","grundspil","",""
"2019/2020","Greve","Ligaen","1","Liga-grundspil","","","ikke fundet","Ligaen","","12536","Grundspil","grundspil","",""
"2019/2020","Vendsyssel","Ligaen","2","Liga-grundspil","","","ikke fundet","Ligaen","","12536","Grundspil","grundspil","",""
"2019/2020","Højbjerg/Via Biler","Ligaen","3","Liga-grundspil","","","ikke fundet","Ligaen","","12536","Grundspil","grundspil","",""
"2019/2020","Solrød Strand","Ligaen","4","Liga-grundspil","","","ikke fundet","Ligaen","","12536","Grundspil","grundspil","",""
"2019/2020","Skovshoved","Ligaen","5","Liga-grundspil","","","ikke fundet","Ligaen","","12536","Grundspil","grundspil","",""
"2019/2020","Værløse","Ligaen","6","Liga-grundspil","","","ikke fundet","Ligaen","","12536","Grundspil","grundspil","",""
"2019/2020","Team Skælskør-Slagelse","Ligaen","7","forbliver i Ligaen (nr. 7-8)","","","ikke fundet","Ligaen","","12536","Grundspil","grundspil","",""
"2019/2020","Aarhus AB","Ligaen","8","forbliver i Ligaen (nr. 7-8)","","","ikke fundet","Ligaen","","12536","Grundspil","grundspil","",""
"2019/2020","Gentofte (N)","1. division","1","1. divisions kvalifikationsgruppe mod Ligaen; BD (N) = historisk bevægelsesmarkør","","","ikke fundet","Ligaen","","12537","Pulje 1","grundspil","","13119"
"2019/2020","Skovshoved 2 (O)","1. division","2","1. divisions kvalifikationsgruppe mod Ligaen; BD (O) = historisk bevægelsesmarkør","","","ikke fundet","1. division","","12537","Pulje 1","grundspil","","13119"
"2019/2020","Værløse 2","1. division","3","1. divisions kvalifikationsgruppe mod Ligaen","","","ikke fundet","1. division","","12537","Pulje 1","grundspil","","13119"
"2019/2020","KMB2010","1. division","4","1. divisions kvalifikationsgruppe mod Ligaen","","","ikke fundet","1. division","","12537","Pulje 1","grundspil","","13119"
"2019/2020","Lillerød","1. division","5","1. divisions nedrykningsspil mod 2. division","","","ikke fundet","1. division","","12537","Pulje 1","grundspil","","13120"
"2019/2020","Hvidovre (O)","1. division","6","1. divisions nedrykningsspil mod 2. division; BD (O) = historisk bevægelsesmarkør","","","ikke fundet","1. division","","12537","Pulje 1","grundspil","","13120"
"2019/2020","Holte (O)","1. division","7","1. divisions nedrykningsspil mod 2. division; BD (O) = historisk bevægelsesmarkør","","","ikke fundet","1. division","","12537","Pulje 1","grundspil","","13120"
"2019/2020","Holbæk (O)","1. division","8","1. divisions nedrykningsspil mod 2. division; BD (O) = historisk bevægelsesmarkør","","","ikke fundet","2. division","","12537","Pulje 1","grundspil","","13120"
"2019/2020","Odense OBK (N)","1. division","1","1. divisions kvalifikationsgruppe mod Ligaen; BD (N) = historisk bevægelsesmarkør","","","ikke fundet","ikke fundet","","12538","Pulje 2","grundspil","","13119"
"2019/2020","Greve 2","1. division","2","1. divisions kvalifikationsgruppe mod Ligaen","","","ikke fundet","1. division","","12538","Pulje 2","grundspil","","13119"
"2019/2020","Ikast (O)","1. division","3","1. divisions kvalifikationsgruppe mod Ligaen; BD (O) = historisk bevægelsesmarkør","","","ikke fundet","1. division","","12538","Pulje 2","grundspil","","13119"
"2019/2020","Solrød Strand 2","1. division","4","1. divisions kvalifikationsgruppe mod Ligaen","","","ikke fundet","1. division","","12538","Pulje 2","grundspil","","13119"
"2019/2020","Aalborg Triton","1. division","5","1. divisions nedrykningsspil mod 2. division","","","ikke fundet","1. division","","12538","Pulje 2","grundspil","","13120"
"2019/2020","Kolding BK (O)","1. division","6","1. divisions nedrykningsspil mod 2. division; BD (O) = historisk bevægelsesmarkør","","","ikke fundet","1. division","","12538","Pulje 2","grundspil","","13120"
"2019/2020","abc Aalborg (O)","1. division","7","1. divisions nedrykningsspil mod 2. division; BD (O) = historisk bevægelsesmarkør","","","ikke fundet","1. division","","12538","Pulje 2","grundspil","","13120"
"2019/2020","Aabenraa (O)","1. division","8","1. divisions nedrykningsspil mod 2. division; BD (O) = historisk bevægelsesmarkør","","","ikke fundet","2. division","","12538","Pulje 2","grundspil","","13120"
"2019/2020","Solrød Strand 3","2. division","1","2. divisions oprykningsspil/kvalifikation mod 1. division","","","ikke fundet","2. division","","12539","Pulje 1","grundspil","","13117"
"2019/2020","Skovshoved 3 (O)","2. division","2","2. divisions oprykningsspil/kvalifikation mod 1. division; BD (O) = historisk bevægelsesmarkør","","","ikke fundet","2. division","","12539","Pulje 1","grundspil","","13117"
"2019/2020","Lyngby (O)","2. division","3","2. divisions oprykningsspil/kvalifikation mod 1. division; BD (O) = historisk bevægelsesmarkør","","","ikke fundet","1. division","","12539","Pulje 1","grundspil","","13117"
"2019/2020","Hillerød (O)","2. division","4","2. divisions oprykningsspil/kvalifikation mod 1. division; BD (O) = historisk bevægelsesmarkør","","","ikke fundet","1. division","","12539","Pulje 1","grundspil","","13117"
"2019/2020","Lillerød 2 (O)","2. division","5","2. divisions nedrykningsspil/kvalifikation mod 3. division; BD (O) = historisk bevægelsesmarkør","","","ikke fundet","2. division","","12539","Pulje 1","grundspil","","13118"
"2019/2020","Gentofte 2","2. division","6","2. divisions nedrykningsspil/kvalifikation mod 3. division","","","ikke fundet","2. division","","12539","Pulje 1","grundspil","","13118"
"2019/2020","Værløse 3","2. division","7","2. divisions nedrykningsspil/kvalifikation mod 3. division","","","ikke fundet","2. division","","12539","Pulje 1","grundspil","","13118"
"2019/2020","Team Vejleå","2. division","8","2. divisions nedrykningsspil/kvalifikation mod 3. division","","","ikke fundet","3. division","","12539","Pulje 1","grundspil","","13118"
"2019/2020","Højbjerg 2 (N)","2. division","1","2. divisions oprykningsspil/kvalifikation mod 1. division; BD (N) = historisk bevægelsesmarkør","","","ikke fundet","1. division","","12540","Pulje 2","grundspil","","13117"
"2019/2020","Viby J (O)","2. division","2","2. divisions oprykningsspil/kvalifikation mod 1. division; BD (O) = historisk bevægelsesmarkør","","","ikke fundet","1. division","","12540","Pulje 2","grundspil","","13117"
"2019/2020","Aarhus AB 2","2. division","3","2. divisions oprykningsspil/kvalifikation mod 1. division","","","ikke fundet","2. division","","12540","Pulje 2","grundspil","","13117"
"2019/2020","Odense OBK 2","2. division","4","2. divisions oprykningsspil/kvalifikation mod 1. division","","","ikke fundet","2. division","","12540","Pulje 2","grundspil","","13117"
"2019/2020","Ikast 2 (O)","2. division","5","2. divisions nedrykningsspil/kvalifikation mod 3. division; BD (O) = historisk bevægelsesmarkør","","","ikke fundet","2. division","","12540","Pulje 2","grundspil","","13118"
"2019/2020","Skovbakken (O)","2. division","6","2. divisions nedrykningsspil/kvalifikation mod 3. division; BD (O) = historisk bevægelsesmarkør","","","ikke fundet","3. division","","12540","Pulje 2","grundspil","","13118"
"2019/2020","Drive","2. division","7","2. divisions nedrykningsspil/kvalifikation mod 3. division","","","ikke fundet","3. division","","12540","Pulje 2","grundspil","","13118"
"2019/2020","Team Fyn (O)","2. division","8","2. divisions nedrykningsspil/kvalifikation mod 3. division; BD (O) = historisk bevægelsesmarkør","","","ikke fundet","3. division","","12540","Pulje 2","grundspil","","13118"
"2019/2020","Kolding BK 2","3. division","1","3. divisions kvalifikationsgruppe mod 2. division","","","ikke fundet","2. division","","12543","Pulje 1","grundspil","","13107"
"2019/2020","Slagelse","3. division","2","3. divisions kvalifikationsgruppe mod 2. division","","","ikke fundet","3. division","","12543","Pulje 1","grundspil","","13107"
"2019/2020","Badminton Esbjerg","3. division","3","3. divisions kvalifikationsgruppe mod 2. division","","","ikke fundet","3. division","","12543","Pulje 1","grundspil","","13107"
"2019/2020","Odense OBK 3","3. division","4","3. divisions kvalifikationsgruppe mod 2. division","","","ikke fundet","3. division","","12543","Pulje 1","grundspil","","13107"
"2019/2020","Viby J 2 (O)","3. division","5","forbliver i 3. division (midterfelt); BD (O) = historisk bevægelsesmarkør","","","ikke fundet","3. division","","12543","Pulje 1","grundspil","",""
"2019/2020","Horsens (O)","3. division","6","forbliver i 3. division (midterfelt); BD (O) = historisk bevægelsesmarkør","","","ikke fundet","Danmarksserien","","12543","Pulje 1","grundspil","",""
"2019/2020","Varde","3. division","7","forbliver i 3. division (midterfelt)","","","ikke fundet","3. division","","12543","Pulje 1","grundspil","",""
"2019/2020","Nr. Lyndelse (O)","3. division","8","forbliver i 3. division (midterfelt); BD (O) = historisk bevægelsesmarkør","","","ikke fundet","3. division","","12543","Pulje 1","grundspil","",""
"2019/2020","Højbjerg 3 (N)","3. division","1","3. divisions kvalifikationsgruppe mod 2. division; BD (N) = historisk bevægelsesmarkør","","","ikke fundet","2. division","","12544","Pulje 2","grundspil","","13107"
"2019/2020","Aalborg Triton 2","3. division","2","3. divisions kvalifikationsgruppe mod 2. division","","","ikke fundet","2. division","","12544","Pulje 2","grundspil","","13107"
"2019/2020","abc Aalborg 2","3. division","3","3. divisions kvalifikationsgruppe mod 2. division","","","ikke fundet","3. division","","12544","Pulje 2","grundspil","","13107"
"2019/2020","Skovbakken 2 (O)","3. division","4","3. divisions kvalifikationsgruppe mod 2. division; BD (O) = historisk bevægelsesmarkør","","","ikke fundet","Danmarksserien","","12544","Pulje 2","grundspil","","13107"
"2019/2020","Vendsyssel 2","3. division","5","forbliver i 3. division (midterfelt)","","","ikke fundet","3. division","","12544","Pulje 2","grundspil","",""
"2019/2020","Aarhus AB 3","3. division","6","forbliver i 3. division (midterfelt)","","","ikke fundet","Danmarksserien","","12544","Pulje 2","grundspil","",""
"2019/2020","Randers BK (O)","3. division","8","forbliver i 3. division (midterfelt); BD (O) = historisk bevægelsesmarkør","","","ikke fundet","Danmarksserien","","12544","Pulje 2","grundspil","",""
"2019/2020","KMB2010 2","3. division","1","3. divisions kvalifikationsgruppe mod 2. division","","","ikke fundet","3. division","","12545","Pulje 3","grundspil","","13108"
"2019/2020","KBK Kbh.","3. division","2","3. divisions kvalifikationsgruppe mod 2. division","","","ikke fundet","2. division","","12545","Pulje 3","grundspil","","13108"
"2019/2020","Hvidovre 2 (O)","3. division","3","3. divisions kvalifikationsgruppe mod 2. division; BD (O) = historisk bevægelsesmarkør","","","ikke fundet","3. division","","12545","Pulje 3","grundspil","","13108"
"2019/2020","SAIF Kbh.","3. division","4","3. divisions kvalifikationsgruppe mod 2. division","","","ikke fundet","3. division","","12545","Pulje 3","grundspil","","13108"
"2019/2020","Lyngby 2 (O)","3. division","5","forbliver i 3. division (midterfelt); BD (O) = historisk bevægelsesmarkør","","","ikke fundet","3. division","","12545","Pulje 3","grundspil","",""
"2019/2020","Holte 2","3. division","6","forbliver i 3. division (midterfelt)","","","ikke fundet","3. division","","12545","Pulje 3","grundspil","",""
"2019/2020","Hillerød 2 (O)","3. division","7","forbliver i 3. division (midterfelt); BD (O) = historisk bevægelsesmarkør","","","ikke fundet","Danmarksserien","","12545","Pulje 3","grundspil","",""
"2019/2020","Ringsted (O)","3. division","8","forbliver i 3. division (midterfelt); BD (O) = historisk bevægelsesmarkør","","","ikke fundet","Danmarksserien","","12545","Pulje 3","grundspil","",""
"2019/2020","Solrød Strand 4","3. division","1","3. divisions kvalifikationsgruppe mod 2. division","","","ikke fundet","3. division","","12546","Pulje 4","grundspil","","13108"
"2019/2020","Karlslunde","3. division","2","3. divisions kvalifikationsgruppe mod 2. division","","","ikke fundet","2. division","","12546","Pulje 4","grundspil","","13108"
"2019/2020","Greve 3 (O)","3. division","3","3. divisions kvalifikationsgruppe mod 2. division; BD (O) = historisk bevægelsesmarkør","","","ikke fundet","2. division","","12546","Pulje 4","grundspil","","13108"
"2019/2020","Charlottenlund","3. division","4","3. divisions kvalifikationsgruppe mod 2. division","","","ikke fundet","3. division","","12546","Pulje 4","grundspil","","13108"
"2019/2020","Herlev Badminton","3. division","5","forbliver i 3. division (midterfelt)","","","ikke fundet","3. division","","12546","Pulje 4","grundspil","",""
"2019/2020","Humlebæk (O)","3. division","6","forbliver i 3. division (midterfelt); BD (O) = historisk bevægelsesmarkør","","","ikke fundet","Danmarksserien","","12546","Pulje 4","grundspil","",""
"2019/2020","Badminton Roskilde","3. division","7","forbliver i 3. division (midterfelt)","","","ikke fundet","3. division","","12546","Pulje 4","grundspil","",""
"2019/2020","Frem - Hellebæk (O)","3. division","8","forbliver i 3. division (midterfelt); BD (O) = historisk bevægelsesmarkør","","","ikke fundet","Danmarksserien","","12546","Pulje 4","grundspil","",""
"2019/2020","Team Salling/Sabro (N)","Danmarksserien","1","Danmarksseriens kvalifikationsgruppe mod 3. division; BD (N) = historisk bevægelsesmarkør","","","ikke fundet","Danmarksserien","","12547","Pulje 1","grundspil","","13099"
"2019/2020","Team Favrskov","Danmarksserien","2","Danmarksseriens kvalifikationsgruppe mod 3. division","","","ikke fundet","3. division","","12547","Pulje 1","grundspil","","13099"
"2019/2020","Silkeborg BK","Danmarksserien","3","Danmarksseriens kvalifikationsgruppe mod 3. division","","","ikke fundet","Danmarksserien","","12547","Pulje 1","grundspil","","13099"
"2019/2020","Aalborg Triton 3","Danmarksserien","4","Danmarksseriens kvalifikationsgruppe mod 3. division","","","ikke fundet","Danmarksserien","","12547","Pulje 1","grundspil","","13099"
"2019/2020","abc Aalborg 3","Danmarksserien","5","forbliver i Danmarksserien (midterfelt)","","","ikke fundet","Danmarksserien","","12547","Pulje 1","grundspil","",""
"2019/2020","Viby J 4 (O)","Danmarksserien","6","forbliver i Danmarksserien (midterfelt); BD (O) = historisk bevægelsesmarkør","","","ikke fundet","Danmarksserien","","12547","Pulje 1","grundspil","",""
"2019/2020","Aarhus Akademisk","Danmarksserien","7","forbliver i Danmarksserien (midterfelt)","","","ikke fundet","ikke fundet","","12547","Pulje 1","grundspil","",""
"2019/2020","Ikast 3","Danmarksserien","1","Danmarksseriens kvalifikationsgruppe mod 3. division","","","ikke fundet","3. division","","12548","Pulje 2","grundspil","","13099"
"2019/2020","Højbjerg 4","Danmarksserien","2","Danmarksseriens kvalifikationsgruppe mod 3. division","","","ikke fundet","3. division","","12548","Pulje 2","grundspil","","13099"
"2019/2020","Herning","Danmarksserien","3","Danmarksseriens kvalifikationsgruppe mod 3. division","","","ikke fundet","Danmarksserien","","12548","Pulje 2","grundspil","","13099"
"2019/2020","Brønderslev","Danmarksserien","4","Danmarksseriens kvalifikationsgruppe mod 3. division","","","ikke fundet","Danmarksserien","","12548","Pulje 2","grundspil","","13099"
"2019/2020","Skovbakken 4 (O)","Danmarksserien","5","forbliver i Danmarksserien (midterfelt); BD (O) = historisk bevægelsesmarkør","","","ikke fundet","ikke fundet","","12548","Pulje 2","grundspil","",""
"2019/2020","Langhøj (N)","Danmarksserien","6","forbliver i Danmarksserien (midterfelt); BD (N) = historisk bevægelsesmarkør","","","ikke fundet","Danmarksserien","","12548","Pulje 2","grundspil","",""
"2019/2020","Skalborg SK","Danmarksserien","7","forbliver i Danmarksserien (midterfelt)","","","ikke fundet","ikke fundet","","12548","Pulje 2","grundspil","",""
"2019/2020","Vejlby IK","Danmarksserien","8","forbliver i Danmarksserien (midterfelt)","","","ikke fundet","Danmarksserien","","12548","Pulje 2","grundspil","",""
"2019/2020","Viby J 3","Danmarksserien","1","Danmarksseriens kvalifikationsgruppe mod 3. division","","","ikke fundet","Danmarksserien","","12549","Pulje 3","grundspil","","13100"
"2019/2020","Svendborg (O)","Danmarksserien","2","Danmarksseriens kvalifikationsgruppe mod 3. division; BD (O) = historisk bevægelsesmarkør","","","ikke fundet","Danmarksserien","","12549","Pulje 3","grundspil","","13100"
"2019/2020","Bolbro","Danmarksserien","3","Danmarksseriens kvalifikationsgruppe mod 3. division","","","ikke fundet","Danmarksserien","","12549","Pulje 3","grundspil","","13100"
"2019/2020","Odense BK77 (N)","Danmarksserien","4","Danmarksseriens kvalifikationsgruppe mod 3. division; BD (N) = historisk bevægelsesmarkør","","","ikke fundet","Danmarksserien","","12549","Pulje 3","grundspil","","13100"
"2019/2020","Grindsted BK","Danmarksserien","5","forbliver i Danmarksserien (midterfelt)","","","ikke fundet","Danmarksserien","","12549","Pulje 3","grundspil","",""
"2019/2020","Odense OBK 4","Danmarksserien","6","forbliver i Danmarksserien (midterfelt)","","","ikke fundet","Danmarksserien","","12549","Pulje 3","grundspil","",""
"2019/2020","Kolding BK 3","Danmarksserien","7","forbliver i Danmarksserien (midterfelt)","","","ikke fundet","Danmarksserien","","12549","Pulje 3","grundspil","",""
"2019/2020","Badminton Esbjerg 2","Danmarksserien","8","forbliver i Danmarksserien (midterfelt)","","","ikke fundet","ikke fundet","","12549","Pulje 3","grundspil","",""
"2019/2020","Skovbakken 3","Danmarksserien","1","Danmarksseriens kvalifikationsgruppe mod 3. division","","","ikke fundet","Danmarksserien","","12550","Pulje 4","grundspil","","13100"
"2019/2020","Dalum Hjallese BK (N)","Danmarksserien","2","Danmarksseriens kvalifikationsgruppe mod 3. division; BD (N) = historisk bevægelsesmarkør","","","ikke fundet","3. division","","12550","Pulje 4","grundspil","","13100"
"2019/2020","Dybbøl (O)","Danmarksserien","3","Danmarksseriens kvalifikationsgruppe mod 3. division; BD (O) = historisk bevægelsesmarkør","","","ikke fundet","3. division","","12550","Pulje 4","grundspil","","13100"
"2019/2020","Middelfart","Danmarksserien","4","Danmarksseriens kvalifikationsgruppe mod 3. division","","","ikke fundet","Danmarksserien","","12550","Pulje 4","grundspil","","13100"
"2019/2020","Tarup-Pårup","Danmarksserien","5","forbliver i Danmarksserien (midterfelt)","","","ikke fundet","Danmarksserien","","12550","Pulje 4","grundspil","",""
"2019/2020","Højbjerg 5 (O)","Danmarksserien","6","forbliver i Danmarksserien (midterfelt); BD (O) = historisk bevægelsesmarkør","","","ikke fundet","ikke fundet","","12550","Pulje 4","grundspil","",""
"2019/2020","Team Fyn 2","Danmarksserien","7","forbliver i Danmarksserien (midterfelt)","","","ikke fundet","Danmarksserien","","12550","Pulje 4","grundspil","",""
"2019/2020","Ringe","Danmarksserien","8","forbliver i Danmarksserien (midterfelt)","","","ikke fundet","ikke fundet","","12550","Pulje 4","grundspil","",""
"2019/2020","Gentofte 3 (N)","Danmarksserien","1","Danmarksseriens kvalifikationsgruppe mod 3. division; BD (N) = historisk bevægelsesmarkør","","","ikke fundet","3. division","","12598","Pulje 5","grundspil","","13101"
"2019/2020","KMB2010 3","Danmarksserien","2","Danmarksseriens kvalifikationsgruppe mod 3. division","","","ikke fundet","Danmarksserien","","12598","Pulje 5","grundspil","","13101"
"2019/2020","Lillerød 3 (O)","Danmarksserien","3","Danmarksseriens kvalifikationsgruppe mod 3. division; BD (O) = historisk bevægelsesmarkør","","","ikke fundet","3. division","","12598","Pulje 5","grundspil","","13101"
"2019/2020","Lyngby 3","Danmarksserien","4","Danmarksseriens kvalifikationsgruppe mod 3. division","","","ikke fundet","Danmarksserien","","12598","Pulje 5","grundspil","","13101"
"2019/2020","Dragør","Danmarksserien","5","forbliver i Danmarksserien (midterfelt)","","","ikke fundet","Danmarksserien","","12598","Pulje 5","grundspil","",""
"2019/2020","Holte 3","Danmarksserien","6","forbliver i Danmarksserien (midterfelt)","","","ikke fundet","Danmarksserien","","12598","Pulje 5","grundspil","",""
"2019/2020","Team GSG (O)","Danmarksserien","7","forbliver i Danmarksserien (midterfelt); BD (O) = historisk bevægelsesmarkør","","","ikke fundet","Danmarksserien","","12598","Pulje 5","grundspil","",""
"2019/2020","SAIF Kbh. 3","Danmarksserien","8","forbliver i Danmarksserien (midterfelt)","","","ikke fundet","ikke fundet","","12598","Pulje 5","grundspil","",""
"2019/2020","Holbæk 2","Danmarksserien","1","Danmarksseriens kvalifikationsgruppe mod 3. division","","","ikke fundet","3. division","","12599","Pulje 6","grundspil","","13101"
"2019/2020","Drive 2 (N)","Danmarksserien","2","Danmarksseriens kvalifikationsgruppe mod 3. division; BD (N) = historisk bevægelsesmarkør","","","ikke fundet","Danmarksserien","","12599","Pulje 6","grundspil","","13101"
"2019/2020","Nivå-Kokkedal (O)","Danmarksserien","3","Danmarksseriens kvalifikationsgruppe mod 3. division; BD (O) = historisk bevægelsesmarkør","","","ikke fundet","Danmarksserien","","12599","Pulje 6","grundspil","","13101"
"2019/2020","Charlottenlund 2","Danmarksserien","4","Danmarksseriens kvalifikationsgruppe mod 3. division","","","ikke fundet","Danmarksserien","","12599","Pulje 6","grundspil","","13101"
"2019/2020","FKIF Frederiksberg","Danmarksserien","5","forbliver i Danmarksserien (midterfelt)","","","ikke fundet","Danmarksserien","","12599","Pulje 6","grundspil","",""
"2019/2020","BC37 Amager (O)","Danmarksserien","6","forbliver i Danmarksserien (midterfelt); BD (O) = historisk bevægelsesmarkør","","","ikke fundet","Danmarksserien","","12599","Pulje 6","grundspil","",""
"2019/2020","NBK Amager (O)","Danmarksserien","7","forbliver i Danmarksserien (midterfelt); BD (O) = historisk bevægelsesmarkør","","","ikke fundet","ikke fundet","","12599","Pulje 6","grundspil","",""
"2019/2020","Badminton Roskilde 2","Danmarksserien","8","forbliver i Danmarksserien (midterfelt)","","","ikke fundet","ikke fundet","","12599","Pulje 6","grundspil","",""
"2019/2020","Skovshoved 4","Danmarksserien","1","Danmarksseriens kvalifikationsgruppe mod 3. division","","","ikke fundet","3. division","","12600","Pulje 7","grundspil","","13102"
"2019/2020","Værløse 4","Danmarksserien","2","Danmarksseriens kvalifikationsgruppe mod 3. division","","","ikke fundet","3. division","","12600","Pulje 7","grundspil","","13102"
"2019/2020","Hvidovre 3","Danmarksserien","3","Danmarksseriens kvalifikationsgruppe mod 3. division","","","ikke fundet","Danmarksserien","","12600","Pulje 7","grundspil","","13102"
"2019/2020","Vordingborg","Danmarksserien","4","Danmarksseriens kvalifikationsgruppe mod 3. division","","","ikke fundet","Danmarksserien","","12600","Pulje 7","grundspil","","13102"
"2019/2020","SAIF Kbh. 2","Danmarksserien","5","forbliver i Danmarksserien (midterfelt)","","","ikke fundet","Danmarksserien","","12600","Pulje 7","grundspil","",""
"2019/2020","KBK Kbh. 2","Danmarksserien","6","forbliver i Danmarksserien (midterfelt)","","","ikke fundet","Danmarksserien","","12600","Pulje 7","grundspil","",""
"2019/2020","Hvidovre HB2000 (O)","Danmarksserien","7","forbliver i Danmarksserien (midterfelt); BD (O) = historisk bevægelsesmarkør","","","ikke fundet","Danmarksserien","","12600","Pulje 7","grundspil","",""
"2019/2020","Ledøje-Smørum (O)","Danmarksserien","8","forbliver i Danmarksserien (midterfelt); BD (O) = historisk bevægelsesmarkør","","","ikke fundet","ikke fundet","","12600","Pulje 7","grundspil","",""
"2019/2020","Frederiksberg","Danmarksserien","1","Danmarksseriens kvalifikationsgruppe mod 3. division","","","ikke fundet","Danmarksserien","","12601","Pulje 8","grundspil","","13102"
"2019/2020","Solrød Strand 5 (O)","Danmarksserien","2","Danmarksseriens kvalifikationsgruppe mod 3. division; BD (O) = historisk bevægelsesmarkør","","","ikke fundet","Danmarksserien","","12601","Pulje 8","grundspil","","13102"
"2019/2020","Vanløse","Danmarksserien","3","Danmarksseriens kvalifikationsgruppe mod 3. division","","","ikke fundet","Danmarksserien","","12601","Pulje 8","grundspil","","13102"
"2019/2020","Gladsaxe Søborg","Danmarksserien","4","Danmarksseriens kvalifikationsgruppe mod 3. division","","","ikke fundet","Danmarksserien","","12601","Pulje 8","grundspil","","13102"
"2019/2020","Herlufsholm (O)","Danmarksserien","5","forbliver i Danmarksserien (midterfelt); BD (O) = historisk bevægelsesmarkør","","","ikke fundet","Danmarksserien","","12601","Pulje 8","grundspil","",""
"2019/2020","Karlslunde 2","Danmarksserien","6","forbliver i Danmarksserien (midterfelt)","","","ikke fundet","Danmarksserien","","12601","Pulje 8","grundspil","",""
"2019/2020","Herlev Badminton 2","Danmarksserien","7","forbliver i Danmarksserien (midterfelt)","","","ikke fundet","Danmarksserien","","12601","Pulje 8","grundspil","",""
"2019/2020","Drive 3","Danmarksserien","8","forbliver i Danmarksserien (midterfelt)","","","ikke fundet","ikke fundet","","12601","Pulje 8","grundspil","",""
"2020/2021","Vendsyssel","Ligaen","1","Liga-grundspil","","","ikke fundet","ikke fundet","","13240","Grundspil","grundspil","",""
"2020/2021","Team Skælskør-Slagelse","Ligaen","2","Liga-grundspil","","","ikke fundet","Ligaen","","13240","Grundspil","grundspil","",""
"2020/2021","Værløse","Ligaen","3","Liga-grundspil","","","ikke fundet","ikke fundet","","13240","Grundspil","grundspil","",""
"2020/2021","Skovshoved","Ligaen","4","Liga-grundspil","","","ikke fundet","ikke fundet","","13240","Grundspil","grundspil","",""
"2020/2021","Højbjerg/Via Biler","Ligaen","5","Liga-grundspil","","","ikke fundet","Ligaen","","13240","Grundspil","grundspil","",""
"2020/2021","Solrød Strand","Ligaen","6","Liga-grundspil","","","ikke fundet","ikke fundet","","13240","Grundspil","grundspil","",""
"2020/2021","Gentofte (O)","Ligaen","7","forbliver i Ligaen (nr. 7-8)","","","ikke fundet","ikke fundet","","13240","Grundspil","grundspil","",""
"2020/2021","Greve","Ligaen","8","forbliver i Ligaen (nr. 7-8)","","","ikke fundet","Ligaen","","13240","Grundspil","grundspil","",""
"2020/2021","RSL ODENSE OBK (O)","Ligaen","9","Ligakvalifikationspulje (ikke direkte 2-holds kamp)","","","ikke fundet","Ligaen","","13240","Grundspil","grundspil","",""
"2020/2021","Aarhus AB","Ligaen","10","automatisk nedrykning","","","ikke fundet","Ligaen","","13240","Grundspil","grundspil","",""
"2020/2021","Aalborg Triton","1. division","1","forbliver i 1. division (midterfelt)","","","ikke fundet","1. division","","13208","Pulje 1","grundspil","",""
"2020/2021","Højbjerg 2 (O)","1. division","2","forbliver i 1. division (midterfelt); BD (O) = historisk bevægelsesmarkør","","","ikke fundet","1. division","","13208","Pulje 1","grundspil","",""
"2020/2021","Skovshoved 2","1. division","3","forbliver i 1. division (midterfelt)","","","ikke fundet","1. division","","13208","Pulje 1","grundspil","",""
"2020/2021","Kolding BK","1. division","4","forbliver i 1. division (midterfelt)","","","ikke fundet","1. division","","13208","Pulje 1","grundspil","",""
"2020/2021","Ikast","1. division","5","forbliver i 1. division (midterfelt)","","","A-only: methodA","ikke fundet","","13208","Pulje 1","grundspil","",""
"2020/2021","Værløse 2","1. division","6","forbliver i 1. division (midterfelt)","","","ikke fundet","1. division","","13208","Pulje 1","grundspil","",""
"2020/2021","Viby J (O)","1. division","7","forbliver i 1. division (midterfelt); BD (O) = historisk bevægelsesmarkør","","","ikke fundet","ikke fundet","","13208","Pulje 1","grundspil","",""
"2020/2021","abc Aalborg","1. division","8","forbliver i 1. division (midterfelt)","","","A-only: methodA","ikke fundet","","13208","Pulje 1","grundspil","",""
"2020/2021","Hvidovre","1. division","1","forbliver i 1. division (midterfelt)","","","ikke fundet","ikke fundet","","13209","Pulje 2","grundspil","",""
"2020/2021","Solrød Strand 2","1. division","1","forbliver i 1. division (midterfelt)","","","ikke fundet","1. division","","13209","Pulje 2","grundspil","",""
"2020/2021","Lillerød","1. division","3","forbliver i 1. division (midterfelt)","","","ikke fundet","ikke fundet","","13209","Pulje 2","grundspil","",""
"2020/2021","KMB2010","1. division","4","forbliver i 1. division (midterfelt)","","","A-only: methodA","1. division","","13209","Pulje 2","grundspil","",""
"2020/2021","Greve 2","1. division","5","forbliver i 1. division (midterfelt)","","","ikke fundet","1. division","","13209","Pulje 2","grundspil","",""
"2020/2021","Holte","1. division","6","forbliver i 1. division (midterfelt)","","","ikke fundet","3. division","","13209","Pulje 2","grundspil","",""
"2020/2021","Lyngby (O)","1. division","7","forbliver i 1. division (midterfelt); BD (O) = historisk bevægelsesmarkør","","","A-only: methodA","ikke fundet","","13209","Pulje 2","grundspil","",""
"2020/2021","Hillerød (O)","1. division","8","forbliver i 1. division (midterfelt); BD (O) = historisk bevægelsesmarkør","","","ikke fundet","ikke fundet","","13209","Pulje 2","grundspil","",""
"2020/2021","Odense OBK 2","2. division","1","forbliver i 2. division (midterfelt)","","","ikke fundet","2. division","","13212","Pulje 1","grundspil","",""
"2020/2021","Aarhus AB 2","2. division","2","forbliver i 2. division (midterfelt)","","","ikke fundet","ikke fundet","","13212","Pulje 1","grundspil","",""
"2020/2021","Aalborg Triton 2 (O)","2. division","3","forbliver i 2. division (midterfelt); BD (O) = historisk bevægelsesmarkør","","","ikke fundet","2. division","","13212","Pulje 1","grundspil","",""
"2020/2021","Højbjerg 3 (O)","2. division","4","forbliver i 2. division (midterfelt); BD (O) = historisk bevægelsesmarkør","","","ikke fundet","2. division","","13212","Pulje 1","grundspil","",""
"2020/2021","Lillerød 2","2. division","5","forbliver i 2. division (midterfelt)","","","ikke fundet","2. division","","13212","Pulje 1","grundspil","",""
"2020/2021","Aabenraa (N)","2. division","6","forbliver i 2. division (midterfelt); BD (N) = historisk bevægelsesmarkør","","","ikke fundet","2. division","","13212","Pulje 1","grundspil","",""
"2020/2021","Ikast 2","2. division","7","forbliver i 2. division (midterfelt)","","","ikke fundet","2. division","","13212","Pulje 1","grundspil","",""
"2020/2021","Kolding BK 2 (O)","2. division","8","forbliver i 2. division (midterfelt); BD (O) = historisk bevægelsesmarkør","","","ikke fundet","2. division","","13212","Pulje 1","grundspil","",""
"2020/2021","KBK Kbh. (O)","2. division","1","forbliver i 2. division (midterfelt); BD (O) = historisk bevægelsesmarkør","","","ikke fundet","1. division","","13213","Pulje 2","grundspil","",""
"2020/2021","Karlslunde (O)","2. division","2","forbliver i 2. division (midterfelt); BD (O) = historisk bevægelsesmarkør","","","ikke fundet","ikke fundet","","13213","Pulje 2","grundspil","",""
"2020/2021","Gentofte 2","2. division","3","forbliver i 2. division (midterfelt)","","","ikke fundet","2. division","","13213","Pulje 2","grundspil","",""
"2020/2021","Holbæk (N)","2. division","4","forbliver i 2. division (midterfelt); BD (N) = historisk bevægelsesmarkør","","","ikke fundet","ikke fundet","","13213","Pulje 2","grundspil","",""
"2020/2021","Solrød Strand 3","2. division","5","forbliver i 2. division (midterfelt)","","","ikke fundet","2. division","","13213","Pulje 2","grundspil","",""
"2020/2021","Skovshoved 3","2. division","6","forbliver i 2. division (midterfelt)","","","ikke fundet","2. division","","13213","Pulje 2","grundspil","",""
"2020/2021","Værløse 3","2. division","7","forbliver i 2. division (midterfelt)","","","ikke fundet","2. division","","13213","Pulje 2","grundspil","",""
"2020/2021","Greve 3 (O)","2. division","8","forbliver i 2. division (midterfelt); BD (O) = historisk bevægelsesmarkør","","","ikke fundet","2. division","","13213","Pulje 2","grundspil","",""
"2020/2021","Skovbakken (N)","3. division","1","forbliver i 3. division (midterfelt); BD (N) = historisk bevægelsesmarkør","","","ikke fundet","3. division","","13216","Pulje 1","grundspil","",""
"2020/2021","abc Aalborg 2","3. division","2","forbliver i 3. division (midterfelt)","","","ikke fundet","3. division","","13216","Pulje 1","grundspil","",""
"2020/2021","Viby J 2","3. division","3","forbliver i 3. division (midterfelt)","","","ikke fundet","3. division","","13216","Pulje 1","grundspil","",""
"2020/2021","Vendsyssel 2","3. division","4","forbliver i 3. division (midterfelt)","","","ikke fundet","3. division","","13216","Pulje 1","grundspil","",""
"2020/2021","Team Favrskov (O)","3. division","5","forbliver i 3. division (midterfelt); BD (O) = historisk bevægelsesmarkør","","","ikke fundet","3. division","","13216","Pulje 1","grundspil","",""
"2020/2021","Gug","3. division","6","forbliver i 3. division (midterfelt)","","","ikke fundet","3. division","","13216","Pulje 1","grundspil","",""
"2020/2021","Ikast 3 (O)","3. division","7","forbliver i 3. division (midterfelt); BD (O) = historisk bevægelsesmarkør","","","ikke fundet","3. division","","13216","Pulje 1","grundspil","",""
"2020/2021","Højbjerg 4 (O)","3. division","8","forbliver i 3. division (midterfelt); BD (O) = historisk bevægelsesmarkør","","","ikke fundet","3. division","","13216","Pulje 1","grundspil","",""
"2020/2021","Slagelse","3. division","1","forbliver i 3. division (midterfelt)","","","ikke fundet","3. division","","13217","Pulje 2","grundspil","",""
"2020/2021","Badminton Esbjerg","3. division","2","forbliver i 3. division (midterfelt)","","","ikke fundet","3. division","","13217","Pulje 2","grundspil","",""
"2020/2021","Team Fyn (N)","3. division","3","forbliver i 3. division (midterfelt); BD (N) = historisk bevægelsesmarkør","","","ikke fundet","3. division","","13217","Pulje 2","grundspil","",""
"2020/2021","Odense OBK 3","3. division","4","forbliver i 3. division (midterfelt)","","","A-only: methodA+methodC","3. division","","13217","Pulje 2","grundspil","",""
"2020/2021","Nr. Lyndelse","3. division","5","forbliver i 3. division (midterfelt)","","","ikke fundet","3. division","","13217","Pulje 2","grundspil","",""
"2020/2021","Varde","3. division","6","forbliver i 3. division (midterfelt)","","","ikke fundet","ikke fundet","","13217","Pulje 2","grundspil","",""
"2020/2021","Dalum Hjallese BK (O)","3. division","7","forbliver i 3. division (midterfelt); BD (O) = historisk bevægelsesmarkør","","","ikke fundet","3. division","","13217","Pulje 2","grundspil","",""
"2020/2021","Dybbøl (O)","3. division","8","forbliver i 3. division (midterfelt); BD (O) = historisk bevægelsesmarkør","","","ikke fundet","3. division","","13217","Pulje 2","grundspil","",""
"2020/2021","Drive (N)","3. division","1","forbliver i 3. division (midterfelt); BD (N) = historisk bevægelsesmarkør","","","ikke fundet","3. division","","13218","Pulje 3","grundspil","",""
"2020/2021","Lyngby 2","3. division","2","forbliver i 3. division (midterfelt)","","","ikke fundet","3. division","","13218","Pulje 3","grundspil","",""
"2020/2021","Charlottenlund","3. division","3","forbliver i 3. division (midterfelt)","","","ikke fundet","3. division","","13218","Pulje 3","grundspil","",""
"2020/2021","Badminton Roskilde","3. division","4","forbliver i 3. division (midterfelt)","","","ikke fundet","3. division","","13218","Pulje 3","grundspil","",""
"2020/2021","SAIF Kbh.","3. division","5","forbliver i 3. division (midterfelt)","","","ikke fundet","3. division","","13218","Pulje 3","grundspil","",""
"2020/2021","Skovshoved 4 (O)","3. division","6","forbliver i 3. division (midterfelt); BD (O) = historisk bevægelsesmarkør","","","ikke fundet","3. division","","13218","Pulje 3","grundspil","",""
"2020/2021","Holte 2","3. division","7","forbliver i 3. division (midterfelt)","","","ikke fundet","Danmarksserien","","13218","Pulje 3","grundspil","",""
"2020/2021","Lillerød 3 (O)","3. division","8","forbliver i 3. division (midterfelt); BD (O) = historisk bevægelsesmarkør","","","ikke fundet","3. division","","13218","Pulje 3","grundspil","",""
"2020/2021","KMB2010 2","3. division","1","forbliver i 3. division (midterfelt)","","","ikke fundet","2. division","","13219","Pulje 4","grundspil","",""
"2020/2021","Gentofte 3 (O)","3. division","2","forbliver i 3. division (midterfelt); BD (O) = historisk bevægelsesmarkør","","","ikke fundet","3. division","","13219","Pulje 4","grundspil","",""
"2020/2021","Hvidovre 2","3. division","3","forbliver i 3. division (midterfelt)","","","ikke fundet","3. division","","13219","Pulje 4","grundspil","",""
"2020/2021","Solrød Strand 4","3. division","4","forbliver i 3. division (midterfelt)","","","ikke fundet","3. division","","13219","Pulje 4","grundspil","",""
"2020/2021","Herlev Badminton","3. division","5","forbliver i 3. division (midterfelt)","","","ikke fundet","3. division","","13219","Pulje 4","grundspil","",""
"2020/2021","Værløse 4 (O)","3. division","6","forbliver i 3. division (midterfelt); BD (O) = historisk bevægelsesmarkør","","","ikke fundet","3. division","","13219","Pulje 4","grundspil","",""
"2020/2021","Team Vejleå (N)","3. division","7","forbliver i 3. division (midterfelt); BD (N) = historisk bevægelsesmarkør","","","ikke fundet","ikke fundet","","13219","Pulje 4","grundspil","",""
"2020/2021","Holbæk 2 (O)","3. division","8","forbliver i 3. division (midterfelt); BD (O) = historisk bevægelsesmarkør","","","ikke fundet","3. division","","13219","Pulje 4","grundspil","",""
"2020/2021","Viby J 3","Danmarksserien","1","forbliver i Danmarksserien (midterfelt)","","","ikke fundet","Danmarksserien","","13224","Pulje 1","grundspil","",""
"2020/2021","Aalborg Triton 3","Danmarksserien","2","forbliver i Danmarksserien (midterfelt)","","","ikke fundet","Danmarksserien","","13224","Pulje 1","grundspil","",""
"2020/2021","Langhøj","Danmarksserien","3","forbliver i Danmarksserien (midterfelt)","","","ikke fundet","Danmarksserien","","13224","Pulje 1","grundspil","",""
"2020/2021","Aarhus AB 3 (N)","Danmarksserien","4","forbliver i Danmarksserien (midterfelt); BD (N) = historisk bevægelsesmarkør","","","ikke fundet","Danmarksserien","","13224","Pulje 1","grundspil","",""
"2020/2021","Christiansbjerg (O)","Danmarksserien","5","forbliver i Danmarksserien (midterfelt); BD (O) = historisk bevægelsesmarkør","","","ikke fundet","Danmarksserien","","13224","Pulje 1","grundspil","",""
"2020/2021","Brønderslev","Danmarksserien","6","forbliver i Danmarksserien (midterfelt)","","","ikke fundet","Danmarksserien","","13224","Pulje 1","grundspil","",""
"2020/2021","Team Favrskov 2 (O)","Danmarksserien","7","forbliver i Danmarksserien (midterfelt); BD (O) = historisk bevægelsesmarkør","","","ikke fundet","Danmarksserien","","13224","Pulje 1","grundspil","",""
"2020/2021","Skalborg SK *trukket*","Danmarksserien","8","forbliver i Danmarksserien (midterfelt)","","","ikke fundet","ikke fundet","","13224","Pulje 1","grundspil","",""
"2020/2021","Herning","Danmarksserien","1","forbliver i Danmarksserien (midterfelt)","","","ikke fundet","Danmarksserien","","13225","Pulje 2","grundspil","",""
"2020/2021","Randers BK (N)","Danmarksserien","2","forbliver i Danmarksserien (midterfelt); BD (N) = historisk bevægelsesmarkør","","","ikke fundet","Danmarksserien","","13225","Pulje 2","grundspil","",""
"2020/2021","Team Salling/Sabro","Danmarksserien","3","forbliver i Danmarksserien (midterfelt)","","","ikke fundet","Danmarksserien","","13225","Pulje 2","grundspil","",""
"2020/2021","Skovbakken 3","Danmarksserien","4","forbliver i Danmarksserien (midterfelt)","","","ikke fundet","Danmarksserien","","13225","Pulje 2","grundspil","",""
"2020/2021","abc Aalborg 3","Danmarksserien","5","forbliver i Danmarksserien (midterfelt)","","","ikke fundet","Danmarksserien","","13225","Pulje 2","grundspil","",""
"2020/2021","Vejlby IK","Danmarksserien","6","forbliver i Danmarksserien (midterfelt)","","","ikke fundet","Danmarksserien","","13225","Pulje 2","grundspil","",""
"2020/2021","Vendsyssel 3 (O)","Danmarksserien","7","forbliver i Danmarksserien (midterfelt); BD (O) = historisk bevægelsesmarkør","","","ikke fundet","ikke fundet","","13225","Pulje 2","grundspil","",""
"2020/2021","Skødstrup (O)","Danmarksserien","8","forbliver i Danmarksserien (midterfelt); BD (O) = historisk bevægelsesmarkør","","","ikke fundet","Danmarksserien","","13225","Pulje 2","grundspil","",""
"2020/2021","Grindsted BK","Danmarksserien","1","forbliver i Danmarksserien (midterfelt)","","","ikke fundet","Danmarksserien","","13226","Pulje 3","grundspil","",""
"2020/2021","Horsens (N)","Danmarksserien","2","forbliver i Danmarksserien (midterfelt); BD (N) = historisk bevægelsesmarkør","","","ikke fundet","Danmarksserien","","13226","Pulje 3","grundspil","",""
"2020/2021","Middelfart","Danmarksserien","3","forbliver i Danmarksserien (midterfelt)","","","ikke fundet","Danmarksserien","","13226","Pulje 3","grundspil","",""
"2020/2021","Tarup-Pårup","Danmarksserien","4","forbliver i Danmarksserien (midterfelt)","","","ikke fundet","Danmarksserien","","13226","Pulje 3","grundspil","",""
"2020/2021","Kolding BK 3","Danmarksserien","5","forbliver i Danmarksserien (midterfelt)","","","ikke fundet","Danmarksserien","","13226","Pulje 3","grundspil","",""
"2020/2021","Viby J 4","Danmarksserien","6","forbliver i Danmarksserien (midterfelt)","","","ikke fundet","Danmarksserien","","13226","Pulje 3","grundspil","",""
"2020/2021","Odense BK77","Danmarksserien","7","forbliver i Danmarksserien (midterfelt)","","","ikke fundet","ikke fundet","","13226","Pulje 3","grundspil","",""
"2020/2021","Team Fyn 3 (O)","Danmarksserien","8","forbliver i Danmarksserien (midterfelt); BD (O) = historisk bevægelsesmarkør","","","ikke fundet","Danmarksserien","","13226","Pulje 3","grundspil","",""
"2020/2021","Skovbakken 2 (N)","Danmarksserien","1","forbliver i Danmarksserien (midterfelt); BD (N) = historisk bevægelsesmarkør","","","ikke fundet","Danmarksserien","","13227","Pulje 4","grundspil","",""
"2020/2021","Svendborg","Danmarksserien","2","forbliver i Danmarksserien (midterfelt)","","","ikke fundet","Danmarksserien","","13227","Pulje 4","grundspil","",""
"2020/2021","Silkeborg BK","Danmarksserien","3","forbliver i Danmarksserien (midterfelt)","","","ikke fundet","Danmarksserien","","13227","Pulje 4","grundspil","",""
"2020/2021","Dalum Hjallese BK 2 (O)","Danmarksserien","4","forbliver i Danmarksserien (midterfelt); BD (O) = historisk bevægelsesmarkør","","","ikke fundet","Danmarksserien","","13227","Pulje 4","grundspil","",""
"2020/2021","Team Fyn 2","Danmarksserien","5","forbliver i Danmarksserien (midterfelt)","","","ikke fundet","Danmarksserien","","13227","Pulje 4","grundspil","",""
"2020/2021","Bolbro","Danmarksserien","6","forbliver i Danmarksserien (midterfelt)","","","ikke fundet","Danmarksserien","","13227","Pulje 4","grundspil","",""
"2020/2021","Odense OBK 4","Danmarksserien","7","forbliver i Danmarksserien (midterfelt)","","","ikke fundet","Danmarksserien","","13227","Pulje 4","grundspil","",""
"2020/2021","Vejle (O)","Danmarksserien","8","forbliver i Danmarksserien (midterfelt); BD (O) = historisk bevægelsesmarkør","","","ikke fundet","Danmarksserien","","13227","Pulje 4","grundspil","",""
"2020/2021","Humlebæk (N)","Danmarksserien","1","forbliver i Danmarksserien (midterfelt); BD (N) = historisk bevægelsesmarkør","","","ikke fundet","Danmarksserien","","13228","Pulje 5","grundspil","",""
"2020/2021","Nivå-Kokkedal","Danmarksserien","2","forbliver i Danmarksserien (midterfelt)","","","ikke fundet","Danmarksserien","","13228","Pulje 5","grundspil","",""
"2020/2021","Hvidovre HB2000 (O)","Danmarksserien","3","forbliver i Danmarksserien (midterfelt); BD (O) = historisk bevægelsesmarkør","","","ikke fundet","Danmarksserien","","13228","Pulje 5","grundspil","",""
"2020/2021","Vanløse","Danmarksserien","4","forbliver i Danmarksserien (midterfelt)","","","ikke fundet","Danmarksserien","","13228","Pulje 5","grundspil","",""
"2020/2021","Gladsaxe Søborg","Danmarksserien","5","forbliver i Danmarksserien (midterfelt)","","","ikke fundet","Danmarksserien","","13228","Pulje 5","grundspil","",""
"2020/2021","Team GSG","Danmarksserien","6","forbliver i Danmarksserien (midterfelt)","","","ikke fundet","Danmarksserien","","13228","Pulje 5","grundspil","",""
"2020/2021","Lyngby 3","Danmarksserien","7","forbliver i Danmarksserien (midterfelt)","","","ikke fundet","Danmarksserien","","13228","Pulje 5","grundspil","",""
"2020/2021","Dragør 2 (O)","Danmarksserien","8","forbliver i Danmarksserien (midterfelt); BD (O) = historisk bevægelsesmarkør","","","ikke fundet","Danmarksserien","","13228","Pulje 5","grundspil","",""
"2020/2021","Hillerød 2 (N)","Danmarksserien","1","forbliver i Danmarksserien (midterfelt); BD (N) = historisk bevægelsesmarkør","","","ikke fundet","3. division","","13229","Pulje 6","grundspil","",""
"2020/2021","Hvidovre 3","Danmarksserien","2","forbliver i Danmarksserien (midterfelt)","","","ikke fundet","Danmarksserien","","13229","Pulje 6","grundspil","",""
"2020/2021","Karlslunde 2","Danmarksserien","3","forbliver i Danmarksserien (midterfelt)","","","ikke fundet","Danmarksserien","","13229","Pulje 6","grundspil","",""
"2020/2021","Herlufsholm","Danmarksserien","4","forbliver i Danmarksserien (midterfelt)","","","ikke fundet","ikke fundet","","13229","Pulje 6","grundspil","",""
"2020/2021","Frederiksberg","Danmarksserien","5","forbliver i Danmarksserien (midterfelt)","","","ikke fundet","Danmarksserien","","13229","Pulje 6","grundspil","",""
"2020/2021","FKIF Frederiksberg","Danmarksserien","6","forbliver i Danmarksserien (midterfelt)","","","ikke fundet","Danmarksserien","","13229","Pulje 6","grundspil","",""
"2020/2021","Nordbyens Badmintonklub (O)","Danmarksserien","7","forbliver i Danmarksserien (midterfelt); BD (O) = historisk bevægelsesmarkør","","","ikke fundet","ikke fundet","","13229","Pulje 6","grundspil","",""
"2020/2021","BC37 Amager","Danmarksserien","8","forbliver i Danmarksserien (midterfelt)","","","ikke fundet","Danmarksserien","","13229","Pulje 6","grundspil","",""
"2020/2021","Drive 2","Danmarksserien","1","forbliver i Danmarksserien (midterfelt)","","","ikke fundet","Danmarksserien","","13230","Pulje 7","grundspil","",""
"2020/2021","SAIF Kbh. 2","Danmarksserien","2","forbliver i Danmarksserien (midterfelt)","","","ikke fundet","Danmarksserien","","13230","Pulje 7","grundspil","",""
"2020/2021","Dragør","Danmarksserien","3","forbliver i Danmarksserien (midterfelt)","","","ikke fundet","Danmarksserien","","13230","Pulje 7","grundspil","",""
"2020/2021","Birkerød BK13 (O)","Danmarksserien","4","forbliver i Danmarksserien (midterfelt); BD (O) = historisk bevægelsesmarkør","","","ikke fundet","Danmarksserien","","13230","Pulje 7","grundspil","",""
"2020/2021","Charlottenlund 2","Danmarksserien","5","forbliver i Danmarksserien (midterfelt)","","","ikke fundet","Danmarksserien","","13230","Pulje 7","grundspil","",""
"2020/2021","Frem - Hellebæk (N)","Danmarksserien","6","forbliver i Danmarksserien (midterfelt); BD (N) = historisk bevægelsesmarkør","","","ikke fundet","Danmarksserien","","13230","Pulje 7","grundspil","",""
"2020/2021","Gladsaxe Søborg 2 (O)","Danmarksserien","7","forbliver i Danmarksserien (midterfelt); BD (O) = historisk bevægelsesmarkør","","","ikke fundet","Danmarksserien","","13230","Pulje 7","grundspil","",""
"2020/2021","Holte 3","Danmarksserien","8","forbliver i Danmarksserien (midterfelt)","","","ikke fundet","ikke fundet","","13230","Pulje 7","grundspil","",""
"2020/2021","KBK Kbh. 2","Danmarksserien","1","forbliver i Danmarksserien (midterfelt)","","","ikke fundet","Danmarksserien","","13231","Pulje 8","grundspil","",""
"2020/2021","Ringsted (N)","Danmarksserien","2","forbliver i Danmarksserien (midterfelt); BD (N) = historisk bevægelsesmarkør","","","ikke fundet","Danmarksserien","","13231","Pulje 8","grundspil","",""
"2020/2021","KMB2010 3","Danmarksserien","3","forbliver i Danmarksserien (midterfelt)","","","ikke fundet","Danmarksserien","","13231","Pulje 8","grundspil","",""
"2020/2021","Vordingborg","Danmarksserien","4","forbliver i Danmarksserien (midterfelt)","","","ikke fundet","Danmarksserien","","13231","Pulje 8","grundspil","",""
"2020/2021","Herlev Badminton 2","Danmarksserien","5","forbliver i Danmarksserien (midterfelt)","","","ikke fundet","Danmarksserien","","13231","Pulje 8","grundspil","",""
"2020/2021","Solrød Strand 5","Danmarksserien","6","forbliver i Danmarksserien (midterfelt)","","","ikke fundet","Danmarksserien","","13231","Pulje 8","grundspil","",""
"2020/2021","Greve 4 (O)","Danmarksserien","7","forbliver i Danmarksserien (midterfelt); BD (O) = historisk bevægelsesmarkør","","","ikke fundet","Danmarksserien","","13231","Pulje 8","grundspil","",""
"2020/2021","KSI Badmintonklub Kbh. (O)","Danmarksserien","8","forbliver i Danmarksserien (midterfelt); BD (O) = historisk bevægelsesmarkør","","","ikke fundet","Danmarksserien","","13231","Pulje 8","grundspil","",""
"2021/2022","Vendsyssel","Ligaen","1","Liga-grundspil","","","ikke fundet","Ligaen","","13945","Grundspil","grundspil","",""
"2021/2022","Skovshoved","Ligaen","2","Liga-grundspil","","","ikke fundet","Ligaen","","13945","Grundspil","grundspil","",""
"2021/2022","Højbjerg/Via Biler","Ligaen","3","Liga-grundspil","","","ikke fundet","Ligaen","","13945","Grundspil","grundspil","",""
"2021/2022","Værløse","Ligaen","4","Liga-grundspil","","","ikke fundet","Ligaen","","13945","Grundspil","grundspil","",""
"2021/2022","Gentofte","Ligaen","5","Liga-grundspil","","","ikke fundet","Ligaen","","13945","Grundspil","grundspil","","13773"
"2021/2022","Team Skælskør-Slagelse","Ligaen","6","Liga-grundspil","","","ikke fundet","Ligaen","","13945","Grundspil","grundspil","",""
"2021/2022","RSL ODENSE OBK","Ligaen","7","forbliver i Ligaen (nr. 7-8)","","","ikke fundet","Ligaen","","13945","Grundspil","grundspil","",""
"2021/2022","Solrød Strand","Ligaen","8","forbliver i Ligaen (nr. 7-8)","","","ikke fundet","Ligaen","","13945","Grundspil","grundspil","","13773"
"2021/2022","Aarhus AB","Ligaen","9","kvalifikationskamp mod 1.divisions nr. 2","Hvidovre","7-2","ikke fundet","Ligaen","","13945","Grundspil","grundspil","423547",""
"2021/2022","Greve","Ligaen","10","automatisk nedrykning","","","ikke fundet","1. division","","13945","Grundspil","grundspil","",""
"2021/2022","Skovshoved 2","1. division","1","1. divisions nedrykningsspil mod 2. division","","","ikke fundet","1. division","","13760","Pulje 1","grundspil","","14462"
"2021/2022","Højbjerg 2 (O)","1. division","2","1. divisions nedrykningsspil mod 2. division; BD (O) = historisk bevægelsesmarkør","","","ikke fundet","1. division","","13760","Pulje 1","grundspil","","14462"
"2021/2022","Aalborg Triton","1. division","3","1. divisions kvalifikationsgruppe mod Ligaen","","","ikke fundet","1. division","","13760","Pulje 1","grundspil","","14461"
"2021/2022","Ikast","1. division","4","1. divisions kvalifikationsgruppe mod Ligaen","","","ikke fundet","1. division","","13760","Pulje 1","grundspil","","14461|13772"
"2021/2022","Kolding BK","1. division","5","1. divisions kvalifikationsgruppe mod Ligaen","","","A-only: methodA","ikke fundet","","13760","Pulje 1","grundspil","","14461"
"2021/2022","Værløse 2","1. division","6","1. divisions nedrykningsspil mod 2. division","","","ikke fundet","1. division","","13760","Pulje 1","grundspil","","14462"
"2021/2022","Viby J (O)","1. division","7","1. divisions kvalifikationsgruppe mod Ligaen; BD (O) = historisk bevægelsesmarkør","","","ikke fundet","1. division","","13760","Pulje 1","grundspil","","14461|13772"
"2021/2022","abc Aalborg","1. division","8","1. divisions nedrykningsspil mod 2. division","","","ikke fundet","2. division","","13760","Pulje 1","grundspil","","14462|13772"
"2021/2022","KMB2010","1. division","1","1. divisions kvalifikationsgruppe mod Ligaen","","","ikke fundet","Ligaen","","13761","Pulje 2","grundspil","","14461"
"2021/2022","Hvidovre","1. division","2","1. divisions kvalifikationsgruppe mod Ligaen","","","ikke fundet","1. division","","13761","Pulje 2","grundspil","","14461|13773"
"2021/2022","KBK Kbh. (O)","1. division","3","1. divisions kvalifikationsgruppe mod Ligaen; BD (O) = historisk bevægelsesmarkør","","","ikke fundet","1. division","","13761","Pulje 2","grundspil","","14461"
"2021/2022","Solrød Strand 2","1. division","4","1. divisions nedrykningsspil mod 2. division","","","ikke fundet","1. division","","13761","Pulje 2","grundspil","","14462"
"2021/2022","Lillerød","1. division","5","1. divisions kvalifikationsgruppe mod Ligaen","","","ikke fundet","1. division","","13761","Pulje 2","grundspil","","14461"
"2021/2022","Lyngby (O)","1. division","6","1. divisions nedrykningsspil mod 2. division; BD (O) = historisk bevægelsesmarkør","","","ikke fundet","1. division","","13761","Pulje 2","grundspil","","14462|13773"
"2021/2022","Hillerød (O)","1. division","7","1. divisions nedrykningsspil mod 2. division; BD (O) = historisk bevægelsesmarkør","","","ikke fundet","1. division","","13761","Pulje 2","grundspil","","14462|13773"
"2021/2022","Greve 2","1. division","8","1. divisions nedrykningsspil mod 2. division","","","ikke fundet","2. division","","13761","Pulje 2","grundspil","","14462"
"2021/2022","Viby J 2","3. division","1","forbliver i 3. division (midterfelt)","","","ikke fundet","3. division","","13768","Pulje 1","grundspil","",""
"2021/2022","abc Aalborg 2","3. division","2","forbliver i 3. division (midterfelt)","","","ikke fundet","3. division","","13768","Pulje 1","grundspil","",""
"2021/2022","Skovbakken (N)","3. division","3","3. divisions kvalifikationsgruppe mod 2. division; BD (N) = historisk bevægelsesmarkør","","","ikke fundet","3. division","","13768","Pulje 1","grundspil","","13772"
"2021/2022","Ikast 3 (O)","3. division","4","forbliver i 3. division (midterfelt); BD (O) = historisk bevægelsesmarkør","","","ikke fundet","Danmarksserien","","13768","Pulje 1","grundspil","",""
"2021/2022","Højbjerg 4 (O)","3. division","5","forbliver i 3. division (midterfelt); BD (O) = historisk bevægelsesmarkør","","","ikke fundet","3. division","","13768","Pulje 1","grundspil","",""
"2021/2022","Vendsyssel 2","3. division","6","forbliver i 3. division (midterfelt)","","","ikke fundet","3. division","","13768","Pulje 1","grundspil","",""
"2021/2022","Team Favrskov (O)","3. division","7","forbliver i 3. division (midterfelt); BD (O) = historisk bevægelsesmarkør","","","ikke fundet","3. division","","13768","Pulje 1","grundspil","",""
"2021/2022","Gug","3. division","8","forbliver i 3. division (midterfelt)","","","ikke fundet","3. division","","13768","Pulje 1","grundspil","",""
"2021/2022","Aarhus AB 2","2. division","1","2. divisions oprykningsspil/kvalifikation mod 1. division","","","ikke fundet","ikke fundet","","13764","Pulje 1","grundspil","","13766"
"2021/2022","Aalborg Triton 2 (O)","2. division","2","2. divisions oprykningsspil/kvalifikation mod 1. division; BD (O) = historisk bevægelsesmarkør","","","ikke fundet","2. division","","13764","Pulje 1","grundspil","","13766"
"2021/2022","Højbjerg 3 (O)","2. division","3","2. divisions oprykningsspil/kvalifikation mod 1. division; BD (O) = historisk bevægelsesmarkør","","","ikke fundet","2. division","","13764","Pulje 1","grundspil","","13766"
"2021/2022","Lillerød 2","2. division","4","2. divisions oprykningsspil/kvalifikation mod 1. division","","","ikke fundet","2. division","","13764","Pulje 1","grundspil","","13766"
"2021/2022","Odense OBK 2","2. division","5","2. divisions nedrykningsspil/kvalifikation mod 3. division","","","ikke fundet","2. division","","13764","Pulje 1","grundspil","","13767"
"2021/2022","Kolding BK 2 (O)","2. division","6","2. divisions nedrykningsspil/kvalifikation mod 3. division; BD (O) = historisk bevægelsesmarkør","","","ikke fundet","ikke fundet","","13764","Pulje 1","grundspil","","13767"
"2021/2022","Ikast 2","2. division","7","2. divisions nedrykningsspil/kvalifikation mod 3. division","","","ikke fundet","3. division","","13764","Pulje 1","grundspil","","13767"
"2021/2022","Aabenraa (N)","2. division","8","2. divisions nedrykningsspil/kvalifikation mod 3. division; BD (N) = historisk bevægelsesmarkør","","","ikke fundet","3. division","","13764","Pulje 1","grundspil","","13767"
"2021/2022","Gentofte 2","2. division","1","2. divisions oprykningsspil/kvalifikation mod 1. division","","","ikke fundet","1. division","","13765","Pulje 2","grundspil","","13766"
"2021/2022","Karlslunde (O)","2. division","2","2. divisions oprykningsspil/kvalifikation mod 1. division; BD (O) = historisk bevægelsesmarkør","","","ikke fundet","1. division","","13765","Pulje 2","grundspil","","13766"
"2021/2022","KMB2010 2 (O)","2. division","3","2. divisions oprykningsspil/kvalifikation mod 1. division; BD (O) = historisk bevægelsesmarkør","","","ikke fundet","2. division","","13765","Pulje 2","grundspil","","13766"
"2021/2022","Solrød Strand 3","2. division","4","2. divisions oprykningsspil/kvalifikation mod 1. division","","","ikke fundet","2. division","","13765","Pulje 2","grundspil","","13766"
"2021/2022","Skovshoved 3","2. division","5","2. divisions nedrykningsspil/kvalifikation mod 3. division","","","ikke fundet","2. division","","13765","Pulje 2","grundspil","","13767"
"2021/2022","Holbæk (N)","2. division","6","2. divisions nedrykningsspil/kvalifikation mod 3. division; BD (N) = historisk bevægelsesmarkør","","","ikke fundet","2. division","","13765","Pulje 2","grundspil","","13767"
"2021/2022","Værløse 3","2. division","7","2. divisions nedrykningsspil/kvalifikation mod 3. division","","","ikke fundet","3. division","","13765","Pulje 2","grundspil","","13767"
"2021/2022","Greve 3 (O)","2. division","8","2. divisions nedrykningsspil/kvalifikation mod 3. division; BD (O) = historisk bevægelsesmarkør","","","ikke fundet","3. division","","13765","Pulje 2","grundspil","","13767"
"2021/2022","Slagelse","3. division","1","3. divisions kvalifikationsgruppe mod 2. division","","","ikke fundet","2. division","","13769","Pulje 2","grundspil","","13772"
"2021/2022","Badminton Esbjerg","3. division","2","3. divisions kvalifikationsgruppe mod 2. division","","","ikke fundet","3. division","","13769","Pulje 2","grundspil","","13772"
"2021/2022","Team Fyn (N)","3. division","3","3. divisions kvalifikationsgruppe mod 2. division; BD (N) = historisk bevægelsesmarkør","","","ikke fundet","3. division","","13769","Pulje 2","grundspil","","13772"
"2021/2022","Nr. Lyndelse","3. division","4","3. divisions kvalifikationsgruppe mod 2. division","","","ikke fundet","3. division","","13769","Pulje 2","grundspil","","13772"
"2021/2022","Dalum Hjallese BK (O)","3. division","5","forbliver i 3. division (midterfelt); BD (O) = historisk bevægelsesmarkør","","","ikke fundet","Danmarksserien","","13769","Pulje 2","grundspil","",""
"2021/2022","Dybbøl (O)","3. division","6","forbliver i 3. division (midterfelt); BD (O) = historisk bevægelsesmarkør","","","ikke fundet","Danmarksserien","","13769","Pulje 2","grundspil","",""
"2021/2022","Odense OBK 3","3. division","7","forbliver i 3. division (midterfelt)","","","ikke fundet","3. division","","13769","Pulje 2","grundspil","",""
"2021/2022","Varde *trukket*","3. division","8","forbliver i 3. division (midterfelt)","","","ikke fundet","ikke fundet","","13769","Pulje 2","grundspil","",""
"2021/2022","Drive (N)","3. division","1","3. divisions kvalifikationsgruppe mod 2. division; BD (N) = historisk bevægelsesmarkør","","","ikke fundet","2. division","","13770","Pulje 3","grundspil","","13773"
"2021/2022","Lyngby 2","3. division","2","forbliver i 3. division (midterfelt)","","","ikke fundet","3. division","","13770","Pulje 3","grundspil","",""
"2021/2022","Charlottenlund","3. division","3","3. divisions kvalifikationsgruppe mod 2. division","","","ikke fundet","3. division","","13770","Pulje 3","grundspil","","13773"
"2021/2022","Holte","3. division","4","3. divisions kvalifikationsgruppe mod 2. division","","","ikke fundet","3. division","","13770","Pulje 3","grundspil","","13773"
"2021/2022","SAIF Kbh.","3. division","5","forbliver i 3. division (midterfelt)","","","ikke fundet","3. division","","13770","Pulje 3","grundspil","",""
"2021/2022","Lillerød 3 (O)","3. division","6","forbliver i 3. division (midterfelt); BD (O) = historisk bevægelsesmarkør","","","ikke fundet","3. division","","13770","Pulje 3","grundspil","",""
"2021/2022","Skovshoved 4 (O)","3. division","7","forbliver i 3. division (midterfelt); BD (O) = historisk bevægelsesmarkør","","","ikke fundet","3. division","","13770","Pulje 3","grundspil","",""
"2021/2022","Badminton Roskilde","3. division","8","forbliver i 3. division (midterfelt)","","","ikke fundet","Danmarksserien","","13770","Pulje 3","grundspil","",""
"2021/2022","Hvidovre 2","3. division","1","forbliver i 3. division (midterfelt)","","","ikke fundet","2. division","","13771","Pulje 4","grundspil","",""
"2021/2022","Gentofte 3 (O)","3. division","2","forbliver i 3. division (midterfelt); BD (O) = historisk bevægelsesmarkør","","","ikke fundet","2. division","","13771","Pulje 4","grundspil","",""
"2021/2022","Solrød Strand 4","3. division","3","forbliver i 3. division (midterfelt)","","","ikke fundet","3. division","","13771","Pulje 4","grundspil","",""
"2021/2022","Hillerød 2 (O)","3. division","4","forbliver i 3. division (midterfelt); BD (O) = historisk bevægelsesmarkør","","","ikke fundet","3. division","","13771","Pulje 4","grundspil","",""
"2021/2022","Herlev Badminton","3. division","5","forbliver i 3. division (midterfelt)","","","ikke fundet","ikke fundet","","13771","Pulje 4","grundspil","",""
"2021/2022","Værløse 4 (O)","3. division","6","forbliver i 3. division (midterfelt); BD (O) = historisk bevægelsesmarkør","","","ikke fundet","Danmarksserien","","13771","Pulje 4","grundspil","",""
"2021/2022","Holbæk 2 (O)","3. division","7","forbliver i 3. division (midterfelt); BD (O) = historisk bevægelsesmarkør","","","ikke fundet","Danmarksserien","","13771","Pulje 4","grundspil","",""
"2021/2022","Team Vejleå *trukket*","3. division","8","forbliver i 3. division (midterfelt)","","","ikke fundet","ikke fundet","","13771","Pulje 4","grundspil","",""
"2021/2022","Viby J 3","Danmarksserien","1","Danmarksseriens kvalifikationsgruppe mod 3. division","","","ikke fundet","Danmarksserien","","13776","Pulje 1","grundspil","","13784"
"2021/2022","Langhøj","Danmarksserien","2","Danmarksseriens kvalifikationsgruppe mod 3. division","","","ikke fundet","3. division","","13776","Pulje 1","grundspil","","13784"
"2021/2022","Aalborg Triton 3","Danmarksserien","3","Danmarksseriens kvalifikationsgruppe mod 3. division","","","ikke fundet","3. division","","13776","Pulje 1","grundspil","","13784"
"2021/2022","Aarhus AB 3 (N)","Danmarksserien","4","Danmarksseriens kvalifikationsgruppe mod 3. division; BD (N) = historisk bevægelsesmarkør","","","ikke fundet","Danmarksserien","","13776","Pulje 1","grundspil","","13784"
"2021/2022","Team Favrskov 2 (O)","Danmarksserien","5","forbliver i Danmarksserien (midterfelt); BD (O) = historisk bevægelsesmarkør","","","ikke fundet","Danmarksserien","","13776","Pulje 1","grundspil","",""
"2021/2022","Gug 2 (O)","Danmarksserien","6","forbliver i Danmarksserien (midterfelt); BD (O) = historisk bevægelsesmarkør","","","ikke fundet","ikke fundet","","13776","Pulje 1","grundspil","",""
"2021/2022","Brønderslev","Danmarksserien","7","forbliver i Danmarksserien (midterfelt)","","","ikke fundet","ikke fundet","","13776","Pulje 1","grundspil","",""
"2021/2022","Christiansbjerg (O)","Danmarksserien","8","forbliver i Danmarksserien (midterfelt); BD (O) = historisk bevægelsesmarkør","","","ikke fundet","Danmarksserien","","13776","Pulje 1","grundspil","",""
"2021/2022","Herning","Danmarksserien","1","Danmarksseriens kvalifikationsgruppe mod 3. division","","","ikke fundet","3. division","","13777","Pulje 2","grundspil","","13784"
"2021/2022","Team Salling/Sabro","Danmarksserien","2","Danmarksseriens kvalifikationsgruppe mod 3. division","","","ikke fundet","Danmarksserien","","13777","Pulje 2","grundspil","","13784"
"2021/2022","Vejlby IK","Danmarksserien","3","Danmarksseriens kvalifikationsgruppe mod 3. division","","","ikke fundet","ikke fundet","","13777","Pulje 2","grundspil","","13784"
"2021/2022","abc Aalborg 3","Danmarksserien","4","Danmarksseriens kvalifikationsgruppe mod 3. division","","","ikke fundet","Danmarksserien","","13777","Pulje 2","grundspil","","13784"
"2021/2022","Skovbakken 3","Danmarksserien","5","forbliver i Danmarksserien (midterfelt)","","","ikke fundet","Danmarksserien","","13777","Pulje 2","grundspil","",""
"2021/2022","Skødstrup (O)","Danmarksserien","6","forbliver i Danmarksserien (midterfelt); BD (O) = historisk bevægelsesmarkør","","","ikke fundet","Danmarksserien","","13777","Pulje 2","grundspil","",""
"2021/2022","Randers BK (N)","Danmarksserien","7","forbliver i Danmarksserien (midterfelt); BD (N) = historisk bevægelsesmarkør","","","ikke fundet","Danmarksserien","","13777","Pulje 2","grundspil","",""
"2021/2022","Vendsyssel 3 *trukket*","Danmarksserien","8","forbliver i Danmarksserien (midterfelt)","","","ikke fundet","ikke fundet","","13777","Pulje 2","grundspil","",""
"2021/2022","Horsens (N)","Danmarksserien","1","Danmarksseriens kvalifikationsgruppe mod 3. division; BD (N) = historisk bevægelsesmarkør","","","ikke fundet","3. division","","13778","Pulje 3","grundspil","","13785"
"2021/2022","Kolding BK 3","Danmarksserien","2","Danmarksseriens kvalifikationsgruppe mod 3. division","","","ikke fundet","Danmarksserien","","13778","Pulje 3","grundspil","","13785"
"2021/2022","Viby J 4","Danmarksserien","3","Danmarksseriens kvalifikationsgruppe mod 3. division","","","ikke fundet","Danmarksserien","","13778","Pulje 3","grundspil","","13785"
"2021/2022","Grindsted BK","Danmarksserien","4","Danmarksseriens kvalifikationsgruppe mod 3. division","","","ikke fundet","Danmarksserien","","13778","Pulje 3","grundspil","","13785"
"2021/2022","Middelfart","Danmarksserien","5","forbliver i Danmarksserien (midterfelt)","","","ikke fundet","Danmarksserien","","13778","Pulje 3","grundspil","",""
"2021/2022","Ringe (O)","Danmarksserien","6","forbliver i Danmarksserien (midterfelt); BD (O) = historisk bevægelsesmarkør","","","ikke fundet","Danmarksserien","","13778","Pulje 3","grundspil","",""
"2021/2022","Tarup-Pårup","Danmarksserien","7","forbliver i Danmarksserien (midterfelt)","","","ikke fundet","Danmarksserien","","13778","Pulje 3","grundspil","",""
"2021/2022","Team Fyn 3 (O)","Danmarksserien","8","forbliver i Danmarksserien (midterfelt); BD (O) = historisk bevægelsesmarkør","","","ikke fundet","ikke fundet","","13778","Pulje 3","grundspil","",""
"2021/2022","Svendborg","Danmarksserien","1","Danmarksseriens kvalifikationsgruppe mod 3. division","","","ikke fundet","ikke fundet","","13779","Pulje 4","grundspil","","13785"
"2021/2022","Silkeborg BK","Danmarksserien","2","Danmarksseriens kvalifikationsgruppe mod 3. division","","","ikke fundet","Danmarksserien","","13779","Pulje 4","grundspil","","13785"
"2021/2022","Team Fyn 2","Danmarksserien","3","Danmarksseriens kvalifikationsgruppe mod 3. division","","","ikke fundet","Danmarksserien","","13779","Pulje 4","grundspil","","13785"
"2021/2022","Skovbakken 2 (N)","Danmarksserien","4","Danmarksseriens kvalifikationsgruppe mod 3. division; BD (N) = historisk bevægelsesmarkør","","","ikke fundet","Danmarksserien","","13779","Pulje 4","grundspil","","13785"
"2021/2022","Bolbro","Danmarksserien","5","forbliver i Danmarksserien (midterfelt)","","","ikke fundet","Danmarksserien","","13779","Pulje 4","grundspil","",""
"2021/2022","Dalum Hjallese BK 2 (O)","Danmarksserien","6","forbliver i Danmarksserien (midterfelt); BD (O) = historisk bevægelsesmarkør","","","ikke fundet","Danmarksserien","","13779","Pulje 4","grundspil","",""
"2021/2022","Odense OBK 4","Danmarksserien","7","forbliver i Danmarksserien (midterfelt)","","","ikke fundet","Danmarksserien","","13779","Pulje 4","grundspil","",""
"2021/2022","Vejle (O)","Danmarksserien","8","forbliver i Danmarksserien (midterfelt); BD (O) = historisk bevægelsesmarkør","","","ikke fundet","Danmarksserien","","13779","Pulje 4","grundspil","",""
"2021/2022","Humlebæk (N)","Danmarksserien","1","Danmarksseriens kvalifikationsgruppe mod 3. division; BD (N) = historisk bevægelsesmarkør","","","ikke fundet","Danmarksserien","","13780","Pulje 5","grundspil","","13786"
"2021/2022","Hvidovre HB2000 (O)","Danmarksserien","2","Danmarksseriens kvalifikationsgruppe mod 3. division; BD (O) = historisk bevægelsesmarkør","","","ikke fundet","Danmarksserien","","13780","Pulje 5","grundspil","","13786"
"2021/2022","Nivå-Kokkedal","Danmarksserien","3","Danmarksseriens kvalifikationsgruppe mod 3. division","","","ikke fundet","Danmarksserien","","13780","Pulje 5","grundspil","","13786"
"2021/2022","Vanløse","Danmarksserien","4","Danmarksseriens kvalifikationsgruppe mod 3. division","","","ikke fundet","Danmarksserien","","13780","Pulje 5","grundspil","","13786"
"2021/2022","Lyngby 3","Danmarksserien","5","forbliver i Danmarksserien (midterfelt)","","","ikke fundet","Danmarksserien","","13780","Pulje 5","grundspil","",""
"2021/2022","Team GSG","Danmarksserien","6","forbliver i Danmarksserien (midterfelt)","","","ikke fundet","Danmarksserien","","13780","Pulje 5","grundspil","",""
"2021/2022","Gladsaxe Søborg","Danmarksserien","7","forbliver i Danmarksserien (midterfelt)","","","ikke fundet","Danmarksserien","","13780","Pulje 5","grundspil","",""
"2021/2022","Dragør 2 (O)","Danmarksserien","8","forbliver i Danmarksserien (midterfelt); BD (O) = historisk bevægelsesmarkør","","","ikke fundet","ikke fundet","","13780","Pulje 5","grundspil","",""
"2021/2022","Hvidovre 3","Danmarksserien","1","Danmarksseriens kvalifikationsgruppe mod 3. division","","","ikke fundet","3. division","","13781","Pulje 6","grundspil","","13786"
"2021/2022","Frederiksberg","Danmarksserien","2","Danmarksseriens kvalifikationsgruppe mod 3. division","","","ikke fundet","Danmarksserien","","13781","Pulje 6","grundspil","","13786"
"2021/2022","Drive 3 (O)","Danmarksserien","3","Danmarksseriens kvalifikationsgruppe mod 3. division; BD (O) = historisk bevægelsesmarkør","","","ikke fundet","Danmarksserien","","13781","Pulje 6","grundspil","","13786"
"2021/2022","Karlslunde 2","Danmarksserien","4","Danmarksseriens kvalifikationsgruppe mod 3. division","","","ikke fundet","Danmarksserien","","13781","Pulje 6","grundspil","","13786"
"2021/2022","BC37 Amager","Danmarksserien","5","forbliver i Danmarksserien (midterfelt)","","","ikke fundet","Danmarksserien","","13781","Pulje 6","grundspil","",""
"2021/2022","Næstved-Herlufsholm","Danmarksserien","6","forbliver i Danmarksserien (midterfelt)","","","ikke fundet","ikke fundet","","13781","Pulje 6","grundspil","",""
"2021/2022","FKIF Frederiksberg","Danmarksserien","7","forbliver i Danmarksserien (midterfelt)","","","ikke fundet","Danmarksserien","","13781","Pulje 6","grundspil","",""
"2021/2022","Nordbyens Badmintonklub *trukket*","Danmarksserien","8","forbliver i Danmarksserien (midterfelt)","","","ikke fundet","ikke fundet","","13781","Pulje 6","grundspil","",""
"2021/2022","Drive 2","Danmarksserien","1","Danmarksseriens kvalifikationsgruppe mod 3. division","","","ikke fundet","Danmarksserien","","13782","Pulje 7","grundspil","","13787"
"2021/2022","Birkerød BK13 (O)","Danmarksserien","2","Danmarksseriens kvalifikationsgruppe mod 3. division; BD (O) = historisk bevægelsesmarkør","","","ikke fundet","3. division","","13782","Pulje 7","grundspil","","13787"
"2021/2022","Dragør","Danmarksserien","3","Danmarksseriens kvalifikationsgruppe mod 3. division","","","ikke fundet","3. division","","13782","Pulje 7","grundspil","","13787"
"2021/2022","Charlottenlund 2","Danmarksserien","4","Danmarksseriens kvalifikationsgruppe mod 3. division","","","ikke fundet","Danmarksserien","","13782","Pulje 7","grundspil","","13787"
"2021/2022","Frem - Hellebæk (N)","Danmarksserien","5","forbliver i Danmarksserien (midterfelt); BD (N) = historisk bevægelsesmarkør","","","ikke fundet","Danmarksserien","","13782","Pulje 7","grundspil","",""
"2021/2022","SAIF Kbh. 2","Danmarksserien","6","forbliver i Danmarksserien (midterfelt)","","","ikke fundet","Danmarksserien","","13782","Pulje 7","grundspil","",""
"2021/2022","Holte 2","Danmarksserien","7","forbliver i Danmarksserien (midterfelt)","","","ikke fundet","ikke fundet","","13782","Pulje 7","grundspil","",""
"2021/2022","Gladsaxe Søborg 2 (O)","Danmarksserien","8","forbliver i Danmarksserien (midterfelt); BD (O) = historisk bevægelsesmarkør","","","ikke fundet","ikke fundet","","13782","Pulje 7","grundspil","",""
"2021/2022","KBK Kbh. 2","Danmarksserien","1","Danmarksseriens kvalifikationsgruppe mod 3. division","","","ikke fundet","3. division","","13783","Pulje 8","grundspil","","13787"
"2021/2022","KMB2010 3","Danmarksserien","2","Danmarksseriens kvalifikationsgruppe mod 3. division","","","ikke fundet","Danmarksserien","","13783","Pulje 8","grundspil","","13787"
"2021/2022","Solrød Strand 5","Danmarksserien","3","Danmarksseriens kvalifikationsgruppe mod 3. division","","","ikke fundet","Danmarksserien","","13783","Pulje 8","grundspil","","13787"
"2021/2022","Greve 4 (O)","Danmarksserien","4","Danmarksseriens kvalifikationsgruppe mod 3. division; BD (O) = historisk bevægelsesmarkør","","","ikke fundet","Danmarksserien","","13783","Pulje 8","grundspil","","13787"
"2021/2022","Ringsted (N)","Danmarksserien","5","forbliver i Danmarksserien (midterfelt); BD (N) = historisk bevægelsesmarkør","","","ikke fundet","Danmarksserien","","13783","Pulje 8","grundspil","",""
"2021/2022","Vordingborg","Danmarksserien","6","forbliver i Danmarksserien (midterfelt)","","","ikke fundet","Danmarksserien","","13783","Pulje 8","grundspil","",""
"2021/2022","Herlev Badminton 2","Danmarksserien","7","forbliver i Danmarksserien (midterfelt)","","","ikke fundet","ikke fundet","","13783","Pulje 8","grundspil","",""
"2021/2022","KSI Badmintonklub Kbh. (O)","Danmarksserien","8","forbliver i Danmarksserien (midterfelt); BD (O) = historisk bevægelsesmarkør","","","ikke fundet","Danmarksserien","","13783","Pulje 8","grundspil","",""
"2022/2023","Højbjerg/Via Biler","Ligaen","1","Liga-grundspil","","","ikke fundet","Ligaen","","14805","Grundspil","grundspil","",""
"2022/2023","Vendsyssel (M)","Ligaen","2","Liga-grundspil","","","ikke fundet","Ligaen","","14805","Grundspil","grundspil","",""
"2022/2023","Skovshoved","Ligaen","3","Liga-grundspil","","","ikke fundet","Ligaen","","14805","Grundspil","grundspil","",""
"2022/2023","Team Skælskør-Slagelse","Ligaen","4","Liga-grundspil","","","ikke fundet","Ligaen","","14805","Grundspil","grundspil","",""
"2022/2023","Solrød Strand","Ligaen","5","Liga-grundspil","","","ikke fundet","Ligaen","","14805","Grundspil","grundspil","",""
"2022/2023","RSL ODENSE OBK","Ligaen","6","Liga-grundspil","","","ikke fundet","Ligaen","","14805","Grundspil","grundspil","",""
"2022/2023","Gentofte","Ligaen","7","forbliver i Ligaen (nr. 7-8)","","","ikke fundet","Ligaen","","14805","Grundspil","grundspil","",""
"2022/2023","Værløse","Ligaen","8","forbliver i Ligaen (nr. 7-8)","","","ikke fundet","Ligaen","","14805","Grundspil","grundspil","",""
"2022/2023","Aarhus AB","Ligaen","9","kvalifikationskamp mod 1.divisions nr. 2","Kolding BK","","ikke fundet","Ligaen","","14805","Grundspil","grundspil","442832",""
"2022/2023","KMB2010 (O)","Ligaen","10","automatisk nedrykning","","","ikke fundet","1. division","","14805","Grundspil","grundspil","",""
"2022/2023","Hvidovre","1. division","1","1. divisions kvalifikationsgruppe mod Ligaen","","","ikke fundet","Ligaen","","14808","Pulje 1","grundspil","","15339"
"2022/2023","Hillerød","1. division","2","1. divisions kvalifikationsgruppe mod Ligaen","","","ikke fundet","1. division","","14808","Pulje 1","grundspil","","15339"
"2022/2023","Kolding BK","1. division","3","1. divisions kvalifikationsgruppe mod Ligaen","","","ikke fundet","1. division","","14808","Pulje 1","grundspil","","15339"
"2022/2023","Gentofte 2 (O)","1. division","4","1. divisions kvalifikationsgruppe mod Ligaen; BD (O) = historisk bevægelsesmarkør","","","ikke fundet","1. division","","14808","Pulje 1","grundspil","","15339"
"2022/2023","Ikast","1. division","5","1. divisions nedrykningsspil mod 2. division","","","ikke fundet","1. division","","14808","Pulje 1","grundspil","","15340"
"2022/2023","Aalborg Triton","1. division","6","1. divisions nedrykningsspil mod 2. division","","","ikke fundet","1. division","","14808","Pulje 1","grundspil","","15340"
"2022/2023","Højbjerg 2","1. division","7","1. divisions nedrykningsspil mod 2. division","","","ikke fundet","1. division","","14808","Pulje 1","grundspil","","15340"
"2022/2023","Viby J","1. division","8","1. divisions nedrykningsspil mod 2. division","","","ikke fundet","2. division","","14808","Pulje 1","grundspil","","15340"
"2022/2023","Solrød Strand 2","1. division","1","1. divisions kvalifikationsgruppe mod Ligaen","","","ikke fundet","1. division","","14809","Pulje 2","grundspil","","15339"
"2022/2023","KBK Kbh.","1. division","2","1. divisions kvalifikationsgruppe mod Ligaen","","","ikke fundet","1. division","","14809","Pulje 2","grundspil","","15339"
"2022/2023","Greve (N)","1. division","3","1. divisions kvalifikationsgruppe mod Ligaen; BD (N) = historisk bevægelsesmarkør","","","ikke fundet","ikke fundet","","14809","Pulje 2","grundspil","","15339"
"2022/2023","Skovshoved 2","1. division","4","1. divisions kvalifikationsgruppe mod Ligaen","","","ikke fundet","1. division","","14809","Pulje 2","grundspil","","15339"
"2022/2023","Lillerød","1. division","5","1. divisions nedrykningsspil mod 2. division","","","ikke fundet","1. division","","14809","Pulje 2","grundspil","","15340"
"2022/2023","Værløse 2","1. division","6","1. divisions nedrykningsspil mod 2. division","","","ikke fundet","1. division","","14809","Pulje 2","grundspil","","15340"
"2022/2023","Karlslunde (O)","1. division","7","1. divisions nedrykningsspil mod 2. division; BD (O) = historisk bevægelsesmarkør","","","ikke fundet","1. division","","14809","Pulje 2","grundspil","","15340"
"2022/2023","Lyngby","1. division","8","1. divisions nedrykningsspil mod 2. division","","","ikke fundet","ikke fundet","","14809","Pulje 2","grundspil","","15340"
"2022/2023","Aarhus AB 2","2. division","1","2. divisions oprykningsspil/kvalifikation mod 1. division","","","ikke fundet","1. division","","14810","Pulje 1","grundspil","","14812"
"2022/2023","Odense OBK 2","2. division","2","2. divisions oprykningsspil/kvalifikation mod 1. division","","","ikke fundet","ikke fundet","","14810","Pulje 1","grundspil","","14812"
"2022/2023","Kolding BK 2","2. division","3","2. divisions oprykningsspil/kvalifikation mod 1. division","","","ikke fundet","2. division","","14810","Pulje 1","grundspil","","14812"
"2022/2023","Aalborg Triton 2","2. division","4","2. divisions oprykningsspil/kvalifikation mod 1. division","","","ikke fundet","2. division","","14810","Pulje 1","grundspil","","14812"
"2022/2023","Højbjerg 3","2. division","5","2. divisions nedrykningsspil/kvalifikation mod 3. division","","","ikke fundet","2. division","","14810","Pulje 1","grundspil","","14813"
"2022/2023","Slagelse (O)","2. division","6","2. divisions nedrykningsspil/kvalifikation mod 3. division; BD (O) = historisk bevægelsesmarkør","","","ikke fundet","3. division","","14810","Pulje 1","grundspil","","14813"
"2022/2023","Drive (O)","2. division","7","2. divisions nedrykningsspil/kvalifikation mod 3. division; BD (O) = historisk bevægelsesmarkør","","","A-only: methodA","2. division","","14810","Pulje 1","grundspil","","14813"
"2022/2023","abc Aalborg (N)","2. division","8","2. divisions nedrykningsspil/kvalifikation mod 3. division; BD (N) = historisk bevægelsesmarkør","","","ikke fundet","3. division","","14810","Pulje 1","grundspil","","14813"
"2022/2023","Skovshoved 3","2. division","1","2. divisions oprykningsspil/kvalifikation mod 1. division","","","ikke fundet","2. division","","14811","Pulje 2","grundspil","","14812"
"2022/2023","Gentofte 3 (O)","2. division","2","2. divisions oprykningsspil/kvalifikation mod 1. division; BD (O) = historisk bevægelsesmarkør","","","ikke fundet","2. division","","14811","Pulje 2","grundspil","","14812"
"2022/2023","Lillerød 2","2. division","3","2. divisions oprykningsspil/kvalifikation mod 1. division","","","ikke fundet","2. division","","14811","Pulje 2","grundspil","","14812"
"2022/2023","Solrød Strand 3","2. division","4","2. divisions oprykningsspil/kvalifikation mod 1. division","","","ikke fundet","2. division","","14811","Pulje 2","grundspil","","14812"
"2022/2023","Holbæk","2. division","5","2. divisions nedrykningsspil/kvalifikation mod 3. division","","","ikke fundet","2. division","","14811","Pulje 2","grundspil","","14813"
"2022/2023","Hvidovre 2 (O)","2. division","6","2. divisions nedrykningsspil/kvalifikation mod 3. division; BD (O) = historisk bevægelsesmarkør","","","ikke fundet","ikke fundet","","14811","Pulje 2","grundspil","","14813"
"2022/2023","KMB2010 2","2. division","7","2. divisions nedrykningsspil/kvalifikation mod 3. division","","","ikke fundet","3. division","","14811","Pulje 2","grundspil","","14813"
"2022/2023","Greve 2 (N)","2. division","8","2. divisions nedrykningsspil/kvalifikation mod 3. division; BD (N) = historisk bevægelsesmarkør","","","ikke fundet","3. division","","14811","Pulje 2","grundspil","","14813"
"2022/2023","Skovbakken","3. division","1","3. divisions kvalifikationsgruppe mod 2. division","","","ikke fundet","3. division","","14814","Pulje 1","grundspil","","15342"
"2022/2023","Langhøj (O)","3. division","2","3. divisions kvalifikationsgruppe mod 2. division; BD (O) = historisk bevægelsesmarkør","","","ikke fundet","ikke fundet","","14814","Pulje 1","grundspil","","15342"
"2022/2023","Ikast 2 (N)","3. division","3","3. divisions kvalifikationsgruppe mod 2. division; BD (N) = historisk bevægelsesmarkør","","","ikke fundet","3. division","","14814","Pulje 1","grundspil","","15342"
"2022/2023","Gug","3. division","4","3. divisions kvalifikationsgruppe mod 2. division","","","ikke fundet","3. division","","14814","Pulje 1","grundspil","","15342"
"2022/2023","Vendsyssel 2","3. division","5","forbliver i 3. division (midterfelt)","","","ikke fundet","Danmarksserien","","14814","Pulje 1","grundspil","",""
"2022/2023","Aalborg Triton 3 (O)","3. division","6","forbliver i 3. division (midterfelt); BD (O) = historisk bevægelsesmarkør","","","ikke fundet","Danmarksserien","","14814","Pulje 1","grundspil","",""
"2022/2023","Team Favrskov","3. division","7","forbliver i 3. division (midterfelt)","","","ikke fundet","Danmarksserien","","14814","Pulje 1","grundspil","",""
"2022/2023","abc Aalborg 2","3. division","8","forbliver i 3. division (midterfelt)","","","ikke fundet","Danmarksserien","","14814","Pulje 1","grundspil","",""
"2022/2023","Viby J 2","3. division","1","3. divisions kvalifikationsgruppe mod 2. division","","","ikke fundet","3. division","","14815","Pulje 2","grundspil","","15342"
"2022/2023","Badminton Esbjerg","3. division","2","3. divisions kvalifikationsgruppe mod 2. division","","","ikke fundet","2. division","","14815","Pulje 2","grundspil","","15342"
"2022/2023","Aabenraa (N)","3. division","3","3. divisions kvalifikationsgruppe mod 2. division; BD (N) = historisk bevægelsesmarkør","","","ikke fundet","3. division","","14815","Pulje 2","grundspil","","15342"
"2022/2023","Højbjerg 4","3. division","4","3. divisions kvalifikationsgruppe mod 2. division","","","ikke fundet","3. division","","14815","Pulje 2","grundspil","","15342"
"2022/2023","Odense OBK 3","3. division","5","forbliver i 3. division (midterfelt)","","","ikke fundet","3. division","","14815","Pulje 2","grundspil","",""
"2022/2023","Nr. Lyndelse","3. division","6","forbliver i 3. division (midterfelt)","","","ikke fundet","3. division","","14815","Pulje 2","grundspil","",""
"2022/2023","Horsens (O)","3. division","7","forbliver i 3. division (midterfelt); BD (O) = historisk bevægelsesmarkør","","","ikke fundet","3. division","","14815","Pulje 2","grundspil","",""
"2022/2023","Herning (O)","3. division","8","forbliver i 3. division (midterfelt); BD (O) = historisk bevægelsesmarkør","","","ikke fundet","3. division","","14815","Pulje 2","grundspil","",""
"2022/2023","Hillerød 2","3. division","1","3. divisions kvalifikationsgruppe mod 2. division","","","ikke fundet","2. division","","14816","Pulje 3","grundspil","","15343"
"2022/2023","Charlottenlund","3. division","2","3. divisions kvalifikationsgruppe mod 2. division","","","ikke fundet","3. division","","14816","Pulje 3","grundspil","","15343"
"2022/2023","Værløse 3 (N)","3. division","3","3. divisions kvalifikationsgruppe mod 2. division; BD (N) = historisk bevægelsesmarkør","","","ikke fundet","3. division","","14816","Pulje 3","grundspil","","15343"
"2022/2023","SAIF Kbh.","3. division","4","3. divisions kvalifikationsgruppe mod 2. division","","","ikke fundet","3. division","","14816","Pulje 3","grundspil","","15343"
"2022/2023","Holte","3. division","5","forbliver i 3. division (midterfelt)","","","ikke fundet","3. division","","14816","Pulje 3","grundspil","",""
"2022/2023","Hvidovre 3 (O)","3. division","6","forbliver i 3. division (midterfelt); BD (O) = historisk bevægelsesmarkør","","","ikke fundet","Danmarksserien","","14816","Pulje 3","grundspil","",""
"2022/2023","Herlev/Hjorten","3. division","7","forbliver i 3. division (midterfelt)","","","ikke fundet","Danmarksserien","","14816","Pulje 3","grundspil","",""
"2022/2023","Birkerød BK13 (O)","3. division","8","forbliver i 3. division (midterfelt); BD (O) = historisk bevægelsesmarkør","","","ikke fundet","Danmarksserien","","14816","Pulje 3","grundspil","",""
"2022/2023","KBK Kbh. 2 (O)","3. division","1","3. divisions kvalifikationsgruppe mod 2. division; BD (O) = historisk bevægelsesmarkør","","","ikke fundet","2. division","","14817","Pulje 4","grundspil","","15343"
"2022/2023","Team Fyn","3. division","2","3. divisions kvalifikationsgruppe mod 2. division","","","A-only: methodA","3. division","","14817","Pulje 4","grundspil","","15343"
"2022/2023","Lyngby 2","3. division","3","3. divisions kvalifikationsgruppe mod 2. division","","","ikke fundet","3. division","","14817","Pulje 4","grundspil","","15343"
"2022/2023","Dragør (O)","3. division","4","3. divisions kvalifikationsgruppe mod 2. division; BD (O) = historisk bevægelsesmarkør","","","ikke fundet","3. division","","14817","Pulje 4","grundspil","","15343"
"2022/2023","Lillerød 3","3. division","5","forbliver i 3. division (midterfelt)","","","ikke fundet","3. division","","14817","Pulje 4","grundspil","",""
"2022/2023","Skovshoved 4","3. division","6","forbliver i 3. division (midterfelt)","","","ikke fundet","3. division","","14817","Pulje 4","grundspil","",""
"2022/2023","Greve 3 (N)","3. division","7","forbliver i 3. division (midterfelt); BD (N) = historisk bevægelsesmarkør","","","ikke fundet","3. division","","14817","Pulje 4","grundspil","",""
"2022/2023","Solrød Strand 4","3. division","8","forbliver i 3. division (midterfelt)","","","ikke fundet","Danmarksserien","","14817","Pulje 4","grundspil","",""
"2022/2023","Silkeborg BK","Danmarksserien","1","Danmarksseriens kvalifikationsgruppe mod 3. division","","","ikke fundet","3. division","","14823","Pulje 1","grundspil","","15346"
"2022/2023","Skovbakken 2","Danmarksserien","2","Danmarksseriens kvalifikationsgruppe mod 3. division","","","ikke fundet","Danmarksserien","","14823","Pulje 1","grundspil","","15346"
"2022/2023","Aarhus AB 3","Danmarksserien","3","Danmarksseriens kvalifikationsgruppe mod 3. division","","","ikke fundet","3. division","","14823","Pulje 1","grundspil","","15346"
"2022/2023","Randers BK","Danmarksserien","4","Danmarksseriens kvalifikationsgruppe mod 3. division","","","ikke fundet","Danmarksserien","","14823","Pulje 1","grundspil","","15346"
"2022/2023","Ikast 3 (N)","Danmarksserien","5","forbliver i Danmarksserien (midterfelt); BD (N) = historisk bevægelsesmarkør","","","ikke fundet","Danmarksserien","","14823","Pulje 1","grundspil","",""
"2022/2023","Aarhus Akademisk (O)","Danmarksserien","6","forbliver i Danmarksserien (midterfelt); BD (O) = historisk bevægelsesmarkør","","","ikke fundet","ikke fundet","","14823","Pulje 1","grundspil","",""
"2022/2023","Lindholm (O)","Danmarksserien","7","forbliver i Danmarksserien (midterfelt); BD (O) = historisk bevægelsesmarkør","","","ikke fundet","Danmarksserien","","14823","Pulje 1","grundspil","",""
"2022/2023","Team Favrskov 2","Danmarksserien","8","forbliver i Danmarksserien (midterfelt)","","","ikke fundet","ikke fundet","","14823","Pulje 1","grundspil","",""
"2022/2023","Team Salling/Sabro","Danmarksserien","1","Danmarksseriens kvalifikationsgruppe mod 3. division","","","ikke fundet","ikke fundet","","14824","Pulje 2","grundspil","","15346"
"2022/2023","Christiansbjerg","Danmarksserien","2","Danmarksseriens kvalifikationsgruppe mod 3. division","","","ikke fundet","Danmarksserien","","14824","Pulje 2","grundspil","","15346"
"2022/2023","Team TRIF - Rønde E (O)","Danmarksserien","3","Danmarksseriens kvalifikationsgruppe mod 3. division; BD (O) = historisk bevægelsesmarkør","","","ikke fundet","ikke fundet","","14824","Pulje 2","grundspil","","15346"
"2022/2023","Højbjerg 5 (O)","Danmarksserien","4","Danmarksseriens kvalifikationsgruppe mod 3. division; BD (O) = historisk bevægelsesmarkør","","","ikke fundet","Danmarksserien","","14824","Pulje 2","grundspil","","15346"
"2022/2023","Viby J 4","Danmarksserien","5","forbliver i Danmarksserien (midterfelt)","","","ikke fundet","Danmarksserien","","14824","Pulje 2","grundspil","",""
"2022/2023","Silkeborg BK 2 (O)","Danmarksserien","6","forbliver i Danmarksserien (midterfelt); BD (O) = historisk bevægelsesmarkør","","","ikke fundet","Danmarksserien","","14824","Pulje 2","grundspil","",""
"2022/2023","Skødstrup","Danmarksserien","7","forbliver i Danmarksserien (midterfelt)","","","ikke fundet","ikke fundet","","14824","Pulje 2","grundspil","",""
"2022/2023","abc Aalborg 3","Danmarksserien","8","forbliver i Danmarksserien (midterfelt)","","","ikke fundet","ikke fundet","","14824","Pulje 2","grundspil","",""
"2022/2023","Kolding BK 3","Danmarksserien","1","Danmarksseriens kvalifikationsgruppe mod 3. division","","","ikke fundet","Danmarksserien","","14825","Pulje 3","grundspil","","15347"
"2022/2023","Tarup-Pårup","Danmarksserien","2","Danmarksseriens kvalifikationsgruppe mod 3. division","","","ikke fundet","Danmarksserien","","14825","Pulje 3","grundspil","","15347"
"2022/2023","Dalum Hjallese BK (N)","Danmarksserien","3","Danmarksseriens kvalifikationsgruppe mod 3. division; BD (N) = historisk bevægelsesmarkør","","","ikke fundet","Danmarksserien","","14825","Pulje 3","grundspil","","15347"
"2022/2023","Odense OBK 4","Danmarksserien","4","Danmarksseriens kvalifikationsgruppe mod 3. division","","","ikke fundet","Danmarksserien","","14825","Pulje 3","grundspil","","15347"
"2022/2023","Skovbakken 3","Danmarksserien","5","forbliver i Danmarksserien (midterfelt)","","","ikke fundet","Danmarksserien","","14825","Pulje 3","grundspil","",""
"2022/2023","Middelfart","Danmarksserien","6","forbliver i Danmarksserien (midterfelt)","","","ikke fundet","ikke fundet","","14825","Pulje 3","grundspil","",""
"2022/2023","Højbjerg 6 (O)","Danmarksserien","7","forbliver i Danmarksserien (midterfelt); BD (O) = historisk bevægelsesmarkør","","","ikke fundet","ikke fundet","","14825","Pulje 3","grundspil","",""
"2022/2023","Vejle (O)","Danmarksserien","8","forbliver i Danmarksserien (midterfelt); BD (O) = historisk bevægelsesmarkør","","","ikke fundet","ikke fundet","","14825","Pulje 3","grundspil","",""
"2022/2023","Viby J 3","Danmarksserien","1","Danmarksseriens kvalifikationsgruppe mod 3. division","","","ikke fundet","3. division","","14826","Pulje 4","grundspil","","15347"
"2022/2023","Badminton Esbjerg 2 (O)","Danmarksserien","2","Danmarksseriens kvalifikationsgruppe mod 3. division; BD (O) = historisk bevægelsesmarkør","","","ikke fundet","3. division","","14826","Pulje 4","grundspil","","15347"
"2022/2023","Bolbro","Danmarksserien","3","Danmarksseriens kvalifikationsgruppe mod 3. division","","","ikke fundet","Danmarksserien","","14826","Pulje 4","grundspil","","15347"
"2022/2023","Team Fyn 2","Danmarksserien","4","Danmarksseriens kvalifikationsgruppe mod 3. division","","","ikke fundet","Danmarksserien","","14826","Pulje 4","grundspil","","15347"
"2022/2023","Dybbøl (N)","Danmarksserien","5","forbliver i Danmarksserien (midterfelt); BD (N) = historisk bevægelsesmarkør","","","ikke fundet","Danmarksserien","","14826","Pulje 4","grundspil","",""
"2022/2023","Grindsted BK","Danmarksserien","6","forbliver i Danmarksserien (midterfelt)","","","ikke fundet","Danmarksserien","","14826","Pulje 4","grundspil","",""
"2022/2023","Ringe","Danmarksserien","7","forbliver i Danmarksserien (midterfelt)","","","ikke fundet","ikke fundet","","14826","Pulje 4","grundspil","",""
"2022/2023","Dalum Hjallese BK 2","Danmarksserien","8","forbliver i Danmarksserien (midterfelt)","","","ikke fundet","Danmarksserien","","14826","Pulje 4","grundspil","",""
"2022/2023","Drive 2","Danmarksserien","1","Danmarksseriens kvalifikationsgruppe mod 3. division","","","ikke fundet","3. division","","14827","Pulje 5","grundspil","","15348"
"2022/2023","Frederiksberg","Danmarksserien","2","Danmarksseriens kvalifikationsgruppe mod 3. division","","","ikke fundet","Danmarksserien","","14827","Pulje 5","grundspil","","15348"
"2022/2023","Måløv (O)","Danmarksserien","3","Danmarksseriens kvalifikationsgruppe mod 3. division; BD (O) = historisk bevægelsesmarkør","","","ikke fundet","Danmarksserien","","14827","Pulje 5","grundspil","","15348"
"2022/2023","Vordingborg","Danmarksserien","4","Danmarksseriens kvalifikationsgruppe mod 3. division","","","ikke fundet","Danmarksserien","","14827","Pulje 5","grundspil","","15348"
"2022/2023","Vanløse","Danmarksserien","5","forbliver i Danmarksserien (midterfelt)","","","ikke fundet","Danmarksserien","","14827","Pulje 5","grundspil","",""
"2022/2023","Hvidovre HB2000","Danmarksserien","6","forbliver i Danmarksserien (midterfelt)","","","ikke fundet","Danmarksserien","","14827","Pulje 5","grundspil","",""
"2022/2023","SAIF Kbh. 2","Danmarksserien","7","forbliver i Danmarksserien (midterfelt)","","","ikke fundet","Danmarksserien","","14827","Pulje 5","grundspil","",""
"2022/2023","FKIF Frederiksberg","Danmarksserien","8","forbliver i Danmarksserien (midterfelt)","","","ikke fundet","ikke fundet","","14827","Pulje 5","grundspil","",""
"2022/2023","Karlslunde 2","Danmarksserien","1","Danmarksseriens kvalifikationsgruppe mod 3. division","","","ikke fundet","3. division","","14828","Pulje 6","grundspil","","15348"
"2022/2023","KBK Kbh. 3 (O)","Danmarksserien","2","Danmarksseriens kvalifikationsgruppe mod 3. division; BD (O) = historisk bevægelsesmarkør","","","ikke fundet","3. division","","14828","Pulje 6","grundspil","","15348"
"2022/2023","Gladsaxe Søborg","Danmarksserien","3","Danmarksseriens kvalifikationsgruppe mod 3. division","","","ikke fundet","Danmarksserien","","14828","Pulje 6","grundspil","","15348"
"2022/2023","Ringsted","Danmarksserien","4","Danmarksseriens kvalifikationsgruppe mod 3. division","","","ikke fundet","Danmarksserien","","14828","Pulje 6","grundspil","","15348"
"2022/2023","BC37 Amager 2 (O)","Danmarksserien","5","forbliver i Danmarksserien (midterfelt); BD (O) = historisk bevægelsesmarkør","","","ikke fundet","ikke fundet","","14828","Pulje 6","grundspil","",""
"2022/2023","Greve 4","Danmarksserien","6","forbliver i Danmarksserien (midterfelt)","","","ikke fundet","Danmarksserien","","14828","Pulje 6","grundspil","",""
"2022/2023","Solrød Strand 5","Danmarksserien","7","forbliver i Danmarksserien (midterfelt)","","","ikke fundet","Danmarksserien","","14828","Pulje 6","grundspil","",""
"2022/2023","Holbæk 2 (N)","Danmarksserien","8","forbliver i Danmarksserien (midterfelt); BD (N) = historisk bevægelsesmarkør","","","ikke fundet","ikke fundet","","14828","Pulje 6","grundspil","",""
"2022/2023","Humlebæk","Danmarksserien","1","Danmarksseriens kvalifikationsgruppe mod 3. division","","","ikke fundet","Danmarksserien","","14829","Pulje 7","grundspil","","15349"
"2022/2023","Hillerød 3 (O)","Danmarksserien","2","Danmarksseriens kvalifikationsgruppe mod 3. division; BD (O) = historisk bevægelsesmarkør","","","ikke fundet","Danmarksserien","","14829","Pulje 7","grundspil","","15349"
"2022/2023","Drive 3","Danmarksserien","3","Danmarksseriens kvalifikationsgruppe mod 3. division","","","ikke fundet","Danmarksserien","","14829","Pulje 7","grundspil","","15349"
"2022/2023","Værløse 4 (N)","Danmarksserien","4","Danmarksseriens kvalifikationsgruppe mod 3. division; BD (N) = historisk bevægelsesmarkør","","","ikke fundet","Danmarksserien","","14829","Pulje 7","grundspil","","15349"
"2022/2023","Charlottenlund 2","Danmarksserien","5","forbliver i Danmarksserien (midterfelt)","","","ikke fundet","Danmarksserien","","14829","Pulje 7","grundspil","",""
"2022/2023","Herlev/Hjorten 2","Danmarksserien","6","forbliver i Danmarksserien (midterfelt)","","","ikke fundet","Danmarksserien","","14829","Pulje 7","grundspil","",""
"2022/2023","KSI Badmintonklub Kbh.","Danmarksserien","7","forbliver i Danmarksserien (midterfelt)","","","ikke fundet","ikke fundet","","14829","Pulje 7","grundspil","",""
"2022/2023","Team GSG","Danmarksserien","8","forbliver i Danmarksserien (midterfelt)","","","ikke fundet","ikke fundet","","14829","Pulje 7","grundspil","",""
"2022/2023","Gentofte 4 (O)","Danmarksserien","1","Danmarksseriens kvalifikationsgruppe mod 3. division; BD (O) = historisk bevægelsesmarkør","","","ikke fundet","3. division","","14830","Pulje 8","grundspil","","15349"
"2022/2023","BC37 Amager","Danmarksserien","2","Danmarksseriens kvalifikationsgruppe mod 3. division","","","ikke fundet","Danmarksserien","","14830","Pulje 8","grundspil","","15349"
"2022/2023","KMB2010 3","Danmarksserien","3","Danmarksseriens kvalifikationsgruppe mod 3. division","","","ikke fundet","Danmarksserien","","14830","Pulje 8","grundspil","","15349"
"2022/2023","Nivå-Kokkedal","Danmarksserien","4","Danmarksseriens kvalifikationsgruppe mod 3. division","","","ikke fundet","Danmarksserien","","14830","Pulje 8","grundspil","","15349"
"2022/2023","Kirke Hyllinge-Skibby (O)","Danmarksserien","5","forbliver i Danmarksserien (midterfelt); BD (O) = historisk bevægelsesmarkør","","","ikke fundet","Danmarksserien","","14830","Pulje 8","grundspil","",""
"2022/2023","Lyngby 3","Danmarksserien","6","forbliver i Danmarksserien (midterfelt)","","","ikke fundet","Danmarksserien","","14830","Pulje 8","grundspil","",""
"2022/2023","Badminton Roskilde (N)","Danmarksserien","7","forbliver i Danmarksserien (midterfelt); BD (N) = historisk bevægelsesmarkør","","","ikke fundet","Danmarksserien","","14830","Pulje 8","grundspil","",""
"2022/2023","Frem - Hellebæk","Danmarksserien","8","forbliver i Danmarksserien (midterfelt)","","","ikke fundet","ikke fundet","","14830","Pulje 8","grundspil","",""
"2023/2024","Højbjerg/Via Biler","Ligaen","1","Liga-grundspil","","","ikke fundet","Ligaen","","15789","Grundspil","grundspil","",""
"2023/2024","Skovshoved","Ligaen","2","Liga-grundspil","","","ikke fundet","Ligaen","","15789","Grundspil","grundspil","",""
"2023/2024","Vendsyssel (M)","Ligaen","3","Liga-grundspil","","","ikke fundet","ikke fundet","","15789","Grundspil","grundspil","",""
"2023/2024","Team Skælskør-Slagelse","Ligaen","4","Liga-grundspil","","","ikke fundet","Ligaen","","15789","Grundspil","grundspil","",""
"2023/2024","RSL ODENSE OBK","Ligaen","5","Liga-grundspil","","","ikke fundet","Ligaen","","15789","Grundspil","grundspil","",""
"2023/2024","Hvidovre (O)","Ligaen","6","Liga-grundspil","","","ikke fundet","Ligaen","","15789","Grundspil","grundspil","",""
"2023/2024","Solrød Strand","Ligaen","7","forbliver i Ligaen (nr. 7-8)","","","ikke fundet","Ligaen","","15789","Grundspil","grundspil","",""
"2023/2024","Værløse","Ligaen","8","forbliver i Ligaen (nr. 7-8)","","","ikke fundet","Ligaen","","15789","Grundspil","grundspil","",""
"2023/2024","Gentofte","Ligaen","9","kvalifikationskamp mod 1.divisions nr. 2","Greve","5-1","ikke fundet","Ligaen","","15789","Grundspil","grundspil","462526",""
"2023/2024","Aarhus AB","Ligaen","10","automatisk nedrykning","","","ikke fundet","1. division","","15789","Grundspil","grundspil","",""
"2023/2024","Aalborg Triton","1. division","1","1. divisions kvalifikationsgruppe mod Ligaen","","","ikke fundet","Ligaen","","15822","Pulje 1","grundspil","","16378"
"2023/2024","Højbjerg 2","1. division","2","1. divisions kvalifikationsgruppe mod Ligaen","","","ikke fundet","1. division","","15822","Pulje 1","grundspil","","16378"
"2023/2024","Kolding BK","1. division","3","1. divisions kvalifikationsgruppe mod Ligaen","","","ikke fundet","1. division","","15822","Pulje 1","grundspil","","16378"
"2023/2024","KBK Kbh.","1. division","4","1. divisions kvalifikationsgruppe mod Ligaen","","","ikke fundet","1. division","","15822","Pulje 1","grundspil","","16378"
"2023/2024","Ikast","1. division","5","1. divisions nedrykningsspil mod 2. division","","","ikke fundet","1. division","","15822","Pulje 1","grundspil","","16379"
"2023/2024","RSL ODENSE OBK 2 (O)","1. division","6","1. divisions nedrykningsspil mod 2. division; BD (O) = historisk bevægelsesmarkør","","","ikke fundet","1. division","","15822","Pulje 1","grundspil","","16379"
"2023/2024","KMB2010 (N)","1. division","7","1. divisions nedrykningsspil mod 2. division; BD (N) = historisk bevægelsesmarkør","","","A-only: methodA","ikke fundet","","15822","Pulje 1","grundspil","","16379"
"2023/2024","Aarhus AB 2","1. division","8","1. divisions nedrykningsspil mod 2. division","","","ikke fundet","2. division","","15822","Pulje 1","grundspil","","16379"
"2023/2024","Skovshoved 2","1. division","1","1. divisions kvalifikationsgruppe mod Ligaen","","","ikke fundet","1. division","","15823","Pulje 2","grundspil","","16378"
"2023/2024","Greve","1. division","2","1. divisions kvalifikationsgruppe mod Ligaen","","","A-only: methodA","1. division","","15823","Pulje 2","grundspil","","16378"
"2023/2024","Gentofte 2","1. division","3","1. divisions kvalifikationsgruppe mod Ligaen","","","ikke fundet","1. division","","15823","Pulje 2","grundspil","","16378"
"2023/2024","Lillerød","1. division","4","1. divisions kvalifikationsgruppe mod Ligaen","","","ikke fundet","1. division","","15823","Pulje 2","grundspil","","16378"
"2023/2024","Hillerød","1. division","5","1. divisions nedrykningsspil mod 2. division","","","ikke fundet","1. division","","15823","Pulje 2","grundspil","","16379"
"2023/2024","Værløse 2","1. division","6","1. divisions nedrykningsspil mod 2. division","","","ikke fundet","1. division","","15823","Pulje 2","grundspil","","16379"
"2023/2024","Solrød Strand 2","1. division","7","1. divisions nedrykningsspil mod 2. division","","","ikke fundet","1. division","","15823","Pulje 2","grundspil","","16379"
"2023/2024","Karlslunde","1. division","8","1. divisions nedrykningsspil mod 2. division","","","ikke fundet","2. division","","15823","Pulje 2","grundspil","","16379"
"2023/2024","Lillerød 2","2. division","1","2. divisions oprykningsspil/kvalifikation mod 1. division","","","ikke fundet","2. division","","15824","Pulje 1","grundspil","","16380"
"2023/2024","Viby J (N)","2. division","2","2. divisions oprykningsspil/kvalifikation mod 1. division; BD (N) = historisk bevægelsesmarkør","","","ikke fundet","1. division","","15824","Pulje 1","grundspil","","16380"
"2023/2024","Langhøj (O)","2. division","3","2. divisions oprykningsspil/kvalifikation mod 1. division; BD (O) = historisk bevægelsesmarkør","","","ikke fundet","ikke fundet","","15824","Pulje 1","grundspil","","16380"
"2023/2024","Holbæk","2. division","4","2. divisions oprykningsspil/kvalifikation mod 1. division","","","ikke fundet","2. division","","15824","Pulje 1","grundspil","","16380"
"2023/2024","Badminton Esbjerg (O)","2. division","5","2. divisions nedrykningsspil/kvalifikation mod 3. division; BD (O) = historisk bevægelsesmarkør","","","A-only: methodA","2. division","","15824","Pulje 1","grundspil","","16381"
"2023/2024","Aalborg Triton 2","2. division","6","2. divisions nedrykningsspil/kvalifikation mod 3. division","","","ikke fundet","2. division","","15824","Pulje 1","grundspil","","16381"
"2023/2024","Højbjerg 3","2. division","7","2. divisions nedrykningsspil/kvalifikation mod 3. division","","","ikke fundet","2. division","","15824","Pulje 1","grundspil","","16381"
"2023/2024","Kolding BK 2","2. division","8","2. divisions nedrykningsspil/kvalifikation mod 3. division","","","ikke fundet","3. division","","15824","Pulje 1","grundspil","","16381"
"2023/2024","Hvidovre 2","2. division","1","2. divisions oprykningsspil/kvalifikation mod 1. division","","","ikke fundet","1. division","","15825","Pulje 2","grundspil","","16380"
"2023/2024","Lyngby (N)","2. division","2","2. divisions oprykningsspil/kvalifikation mod 1. division; BD (N) = historisk bevægelsesmarkør","","","ikke fundet","2. division","","15825","Pulje 2","grundspil","","16380"
"2023/2024","Gentofte 3","2. division","3","2. divisions oprykningsspil/kvalifikation mod 1. division","","","A-only: methodA","2. division","","15825","Pulje 2","grundspil","","16380"
"2023/2024","Solrød Strand 3","2. division","4","2. divisions oprykningsspil/kvalifikation mod 1. division","","","ikke fundet","2. division","","15825","Pulje 2","grundspil","","16380"
"2023/2024","Drive","2. division","5","2. divisions nedrykningsspil/kvalifikation mod 3. division","","","ikke fundet","3. division","","15825","Pulje 2","grundspil","","16381"
"2023/2024","Skovshoved 3","2. division","6","2. divisions nedrykningsspil/kvalifikation mod 3. division","","","ikke fundet","2. division","","15825","Pulje 2","grundspil","","16381"
"2023/2024","KBK Kbh. 2 (O)","2. division","7","2. divisions nedrykningsspil/kvalifikation mod 3. division; BD (O) = historisk bevægelsesmarkør","","","ikke fundet","3. division","","15825","Pulje 2","grundspil","","16381"
"2023/2024","Hillerød 2 (O)","2. division","8","2. divisions nedrykningsspil/kvalifikation mod 3. division; BD (O) = historisk bevægelsesmarkør","","","ikke fundet","3. division","","15825","Pulje 2","grundspil","","16381"
"2023/2024","Badminton Esbjerg 2 (O)","3. division","1","3. divisions kvalifikationsgruppe mod 2. division; BD (O) = historisk bevægelsesmarkør","","","ikke fundet","3. division","","15826","Pulje 1","grundspil","","16382"
"2023/2024","Viby J 2","3. division","2","3. divisions kvalifikationsgruppe mod 2. division","","","ikke fundet","3. division","","15826","Pulje 1","grundspil","","16382"
"2023/2024","Odense OBK 3","3. division","3","3. divisions kvalifikationsgruppe mod 2. division","","","ikke fundet","2. division","","15826","Pulje 1","grundspil","","16382"
"2023/2024","Team Fyn","3. division","4","3. divisions kvalifikationsgruppe mod 2. division","","","ikke fundet","3. division","","15826","Pulje 1","grundspil","","16382"
"2023/2024","Silkeborg BK (O)","3. division","5","forbliver i 3. division (midterfelt); BD (O) = historisk bevægelsesmarkør","","","ikke fundet","3. division","","15826","Pulje 1","grundspil","",""
"2023/2024","Horsens","3. division","6","forbliver i 3. division (midterfelt)","","","ikke fundet","3. division","","15826","Pulje 1","grundspil","",""
"2023/2024","Nr. Lyndelse","3. division","7","forbliver i 3. division (midterfelt)","","","ikke fundet","Danmarksserien","","15826","Pulje 1","grundspil","",""
"2023/2024","Aabenraa","3. division","8","forbliver i 3. division (midterfelt)","","","ikke fundet","ikke fundet","","15826","Pulje 1","grundspil","",""
"2023/2024","abc Aalborg (N)","3. division","1","3. divisions kvalifikationsgruppe mod 2. division; BD (N) = historisk bevægelsesmarkør","","","A-only: methodA","3. division","","15827","Pulje 2","grundspil","","16382|16493"
"2023/2024","Skovbakken","3. division","2","3. divisions kvalifikationsgruppe mod 2. division","","","ikke fundet","2. division","","15827","Pulje 2","grundspil","","16382|16493"
"2023/2024","Viby J 3 (O)","3. division","3","3. divisions kvalifikationsgruppe mod 2. division; BD (O) = historisk bevægelsesmarkør","","","ikke fundet","3. division","","15827","Pulje 2","grundspil","","16382"
"2023/2024","Ikast 2","3. division","4","3. divisions kvalifikationsgruppe mod 2. division","","","ikke fundet","3. division","","15827","Pulje 2","grundspil","","16382"
"2023/2024","Højbjerg 4","3. division","5","3. divisions nedrykningsspil/kvalifikation mod Danmarksserien","","","ikke fundet","3. division","","15827","Pulje 2","grundspil","","16494"
"2023/2024","Aarhus AB 3 (O)","3. division","6","forbliver i 3. division (midterfelt); BD (O) = historisk bevægelsesmarkør","","","ikke fundet","3. division","","15827","Pulje 2","grundspil","",""
"2023/2024","Gug","3. division","7","3. divisions nedrykningsspil/kvalifikation mod Danmarksserien","","","ikke fundet","Danmarksserien","","15827","Pulje 2","grundspil","","16494"
"2023/2024","Herning","3. division","8","forbliver i 3. division (midterfelt)","","","ikke fundet","Danmarksserien","","15827","Pulje 2","grundspil","",""
"2023/2024","Charlottenlund","3. division","1","3. divisions kvalifikationsgruppe mod 2. division","","","ikke fundet","2. division","","15828","Pulje 3","grundspil","","16383|16493"
"2023/2024","SAIF Kbh.","3. division","2","3. divisions kvalifikationsgruppe mod 2. division","","","ikke fundet","3. division","","15828","Pulje 3","grundspil","","16383"
"2023/2024","Værløse 3","3. division","3","3. divisions kvalifikationsgruppe mod 2. division","","","ikke fundet","3. division","","15828","Pulje 3","grundspil","","16383"
"2023/2024","Greve 3","3. division","4","3. divisions kvalifikationsgruppe mod 2. division","","","ikke fundet","3. division","","15828","Pulje 3","grundspil","","16383"
"2023/2024","KMB2010 2 (N)","3. division","5","forbliver i 3. division (midterfelt); BD (N) = historisk bevægelsesmarkør","","","ikke fundet","3. division","","15828","Pulje 3","grundspil","",""
"2023/2024","Drive 2 (O)","3. division","6","3. divisions nedrykningsspil/kvalifikation mod Danmarksserien; BD (O) = historisk bevægelsesmarkør","","","ikke fundet","3. division","","15828","Pulje 3","grundspil","","16494"
"2023/2024","Gentofte 4 (O)","3. division","7","forbliver i 3. division (midterfelt); BD (O) = historisk bevægelsesmarkør","","","ikke fundet","3. division","","15828","Pulje 3","grundspil","",""
"2023/2024","Dragør","3. division","8","forbliver i 3. division (midterfelt)","","","ikke fundet","Danmarksserien","","15828","Pulje 3","grundspil","",""
"2023/2024","Greve 2 (N)","3. division","1","3. divisions kvalifikationsgruppe mod 2. division; BD (N) = historisk bevægelsesmarkør","","","ikke fundet","ikke fundet","","15829","Pulje 4","grundspil","","16383"
"2023/2024","Slagelse (N)","3. division","2","3. divisions kvalifikationsgruppe mod 2. division; BD (N) = historisk bevægelsesmarkør","","","ikke fundet","3. division","","15829","Pulje 4","grundspil","","16383|16493"
"2023/2024","Lillerød 3","3. division","3","3. divisions kvalifikationsgruppe mod 2. division","","","ikke fundet","3. division","","15829","Pulje 4","grundspil","","16383"
"2023/2024","Holte","3. division","4","3. divisions kvalifikationsgruppe mod 2. division","","","ikke fundet","3. division","","15829","Pulje 4","grundspil","","16383"
"2023/2024","KBK Kbh. 3 (O)","3. division","5","forbliver i 3. division (midterfelt); BD (O) = historisk bevægelsesmarkør","","","ikke fundet","Danmarksserien","","15829","Pulje 4","grundspil","",""
"2023/2024","Skovshoved 4","3. division","6","forbliver i 3. division (midterfelt)","","","ikke fundet","3. division","","15829","Pulje 4","grundspil","",""
"2023/2024","Karlslunde 2 (O)","3. division","7","forbliver i 3. division (midterfelt); BD (O) = historisk bevægelsesmarkør","","","ikke fundet","Danmarksserien","","15829","Pulje 4","grundspil","",""
"2023/2024","Lyngby 2","3. division","8","3. divisions nedrykningsspil/kvalifikation mod Danmarksserien","","","ikke fundet","Danmarksserien","","15829","Pulje 4","grundspil","","16494"
"2023/2024","Randers BK","Danmarksserien","1","Danmarksseriens kvalifikationsgruppe mod 3. division","","","ikke fundet","3. division","","15839","Pulje 1","grundspil","","16386|16495"
"2023/2024","Aalborg Triton 3 (N)","Danmarksserien","2","Danmarksseriens kvalifikationsgruppe mod 3. division; BD (N) = historisk bevægelsesmarkør","","","ikke fundet","3. division","","15839","Pulje 1","grundspil","","16386"
"2023/2024","Skovbakken 3","Danmarksserien","3","Danmarksseriens kvalifikationsgruppe mod 3. division","","","ikke fundet","Danmarksserien","","15839","Pulje 1","grundspil","","16386"
"2023/2024","Vendsyssel 2 (N)","Danmarksserien","4","Danmarksseriens kvalifikationsgruppe mod 3. division; BD (N) = historisk bevægelsesmarkør","","","ikke fundet","Danmarksserien","","15839","Pulje 1","grundspil","","16386"
"2023/2024","Silkeborg BK 2","Danmarksserien","5","forbliver i Danmarksserien (midterfelt)","","","ikke fundet","Danmarksserien","","15839","Pulje 1","grundspil","",""
"2023/2024","Christiansbjerg","Danmarksserien","6","forbliver i Danmarksserien (midterfelt)","","","ikke fundet","Danmarksserien","","15839","Pulje 1","grundspil","",""
"2023/2024","Ikast 3","Danmarksserien","7","Danmarksseriens nedrykningsspil mod regional række","","","ikke fundet","Danmarksserien","","15839","Pulje 1","grundspil","","16496"
"2023/2024","Brønderslev (O)","Danmarksserien","8","forbliver i Danmarksserien (midterfelt); BD (O) = historisk bevægelsesmarkør","","","ikke fundet","ikke fundet","","15839","Pulje 1","grundspil","",""
"2023/2024","Skovbakken 2","Danmarksserien","1","Danmarksseriens kvalifikationsgruppe mod 3. division","","","ikke fundet","3. division","","15840","Pulje 2","grundspil","","16386|16495"
"2023/2024","Akademisk/Sabro","Danmarksserien","2","Danmarksseriens kvalifikationsgruppe mod 3. division","","","ikke fundet","ikke fundet","","15840","Pulje 2","grundspil","","16386"
"2023/2024","Beder-Malling (O)","Danmarksserien","3","Danmarksseriens kvalifikationsgruppe mod 3. division; BD (O) = historisk bevægelsesmarkør","","","ikke fundet","Danmarksserien","","15840","Pulje 2","grundspil","","16386"
"2023/2024","Viby J 4","Danmarksserien","4","Danmarksseriens kvalifikationsgruppe mod 3. division","","","ikke fundet","Danmarksserien","","15840","Pulje 2","grundspil","","16386"
"2023/2024","Lindholm","Danmarksserien","5","forbliver i Danmarksserien (midterfelt)","","","ikke fundet","Danmarksserien","","15840","Pulje 2","grundspil","",""
"2023/2024","Højbjerg 5","Danmarksserien","6","forbliver i Danmarksserien (midterfelt)","","","ikke fundet","Danmarksserien","","15840","Pulje 2","grundspil","",""
"2023/2024","abc Aalborg 2 (N)","Danmarksserien","7","Danmarksseriens nedrykningsspil mod regional række; BD (N) = historisk bevægelsesmarkør","","","ikke fundet","Danmarksserien","","15840","Pulje 2","grundspil","","16496"
"2023/2024","Gug 2 (O)","Danmarksserien","8","forbliver i Danmarksserien (midterfelt); BD (O) = historisk bevægelsesmarkør","","","ikke fundet","ikke fundet","","15840","Pulje 2","grundspil","",""
"2023/2024","Odense OBK 4","Danmarksserien","1","Danmarksseriens kvalifikationsgruppe mod 3. division","","","ikke fundet","3. division","","15841","Pulje 3","grundspil","","16387"
"2023/2024","Badminton Esbjerg 3 (O)","Danmarksserien","2","Danmarksseriens kvalifikationsgruppe mod 3. division; BD (O) = historisk bevægelsesmarkør","","","ikke fundet","Danmarksserien","","15841","Pulje 3","grundspil","","16387"
"2023/2024","Grindsted BK","Danmarksserien","3","Danmarksseriens kvalifikationsgruppe mod 3. division","","","ikke fundet","Danmarksserien","","15841","Pulje 3","grundspil","","16387|16495"
"2023/2024","Kolding BK 3","Danmarksserien","4","Danmarksseriens kvalifikationsgruppe mod 3. division","","","ikke fundet","Danmarksserien","","15841","Pulje 3","grundspil","","16387"
"2023/2024","Dalum Hjallese BK 2","Danmarksserien","5","forbliver i Danmarksserien (midterfelt)","","","ikke fundet","Danmarksserien","","15841","Pulje 3","grundspil","",""
"2023/2024","Team Fyn 2","Danmarksserien","6","Danmarksseriens nedrykningsspil mod regional række","","","ikke fundet","ikke fundet","","15841","Pulje 3","grundspil","","16496"
"2023/2024","Tarup-Pårup","Danmarksserien","7","forbliver i Danmarksserien (midterfelt)","","","ikke fundet","Danmarksserien","","15841","Pulje 3","grundspil","",""
"2023/2024","Horsens 2 (O)","Danmarksserien","8","forbliver i Danmarksserien (midterfelt); BD (O) = historisk bevægelsesmarkør","","","ikke fundet","Danmarksserien","","15841","Pulje 3","grundspil","",""
"2023/2024","Dalum Hjallese BK","Danmarksserien","1","Danmarksseriens kvalifikationsgruppe mod 3. division","","","ikke fundet","Danmarksserien","","15842","Pulje 4","grundspil","","16387|16495"
"2023/2024","Team Favrskov (N)","Danmarksserien","2","Danmarksseriens kvalifikationsgruppe mod 3. division; BD (N) = historisk bevægelsesmarkør","","","ikke fundet","Danmarksserien","","15842","Pulje 4","grundspil","","16387"
"2023/2024","Dybbøl","Danmarksserien","3","Danmarksseriens kvalifikationsgruppe mod 3. division","","","ikke fundet","Danmarksserien","","15842","Pulje 4","grundspil","","16387"
"2023/2024","Odense OBK 5 (O)","Danmarksserien","4","Danmarksseriens kvalifikationsgruppe mod 3. division; BD (O) = historisk bevægelsesmarkør","","","ikke fundet","Danmarksserien","","15842","Pulje 4","grundspil","","16387"
"2023/2024","Bolbro","Danmarksserien","5","forbliver i Danmarksserien (midterfelt)","","","ikke fundet","Danmarksserien","","15842","Pulje 4","grundspil","",""
"2023/2024","Badminton Vestfyn","Danmarksserien","6","Danmarksseriens nedrykningsspil mod regional række","","","ikke fundet","ikke fundet","","15842","Pulje 4","grundspil","","16496"
"2023/2024","Brabrand (O)","Danmarksserien","7","forbliver i Danmarksserien (midterfelt); BD (O) = historisk bevægelsesmarkør","","","ikke fundet","ikke fundet","","15842","Pulje 4","grundspil","",""
"2023/2024","Kolding BK 4 (O)","Danmarksserien","8","forbliver i Danmarksserien (midterfelt); BD (O) = historisk bevægelsesmarkør","","","ikke fundet","ikke fundet","","15842","Pulje 4","grundspil","",""
"2023/2024","Herlev/Hjorten (N)","Danmarksserien","1","Danmarksseriens kvalifikationsgruppe mod 3. division; BD (N) = historisk bevægelsesmarkør","","","ikke fundet","3. division","","15843","Pulje 5","grundspil","","16388"
"2023/2024","Kirke Hyllinge-Skibby","Danmarksserien","2","Danmarksseriens kvalifikationsgruppe mod 3. division","","","ikke fundet","Danmarksserien","","15843","Pulje 5","grundspil","","16388|16495"
"2023/2024","Frederiksberg","Danmarksserien","3","Danmarksseriens kvalifikationsgruppe mod 3. division","","","ikke fundet","Danmarksserien","","15843","Pulje 5","grundspil","","16388|16495"
"2023/2024","Nivå-Kokkedal","Danmarksserien","4","Danmarksseriens kvalifikationsgruppe mod 3. division","","","ikke fundet","Danmarksserien","","15843","Pulje 5","grundspil","","16388"
"2023/2024","Charlottenlund 2","Danmarksserien","5","forbliver i Danmarksserien (midterfelt)","","","ikke fundet","Danmarksserien","","15843","Pulje 5","grundspil","",""
"2023/2024","NBK Amager (O)","Danmarksserien","6","forbliver i Danmarksserien (midterfelt); BD (O) = historisk bevægelsesmarkør","","","ikke fundet","ikke fundet","","15843","Pulje 5","grundspil","",""
"2023/2024","Ringsted","Danmarksserien","7","Danmarksseriens nedrykningsspil mod regional række","","","ikke fundet","Danmarksserien","","15843","Pulje 5","grundspil","","16496"
"2023/2024","PI København (O)","Danmarksserien","8","forbliver i Danmarksserien (midterfelt); BD (O) = historisk bevægelsesmarkør","","","ikke fundet","ikke fundet","","15843","Pulje 5","grundspil","",""
"2023/2024","Drive 3","Danmarksserien","1","Danmarksseriens kvalifikationsgruppe mod 3. division","","","ikke fundet","Danmarksserien","","15844","Pulje 6","grundspil","","16388"
"2023/2024","Hillerød 3","Danmarksserien","2","Danmarksseriens kvalifikationsgruppe mod 3. division","","","ikke fundet","Danmarksserien","","15844","Pulje 6","grundspil","","16388"
"2023/2024","Birkerød BK13 (N)","Danmarksserien","3","Danmarksseriens kvalifikationsgruppe mod 3. division; BD (N) = historisk bevægelsesmarkør","","","ikke fundet","Danmarksserien","","15844","Pulje 6","grundspil","","16388"
"2023/2024","Vanløse","Danmarksserien","4","Danmarksseriens kvalifikationsgruppe mod 3. division","","","ikke fundet","Danmarksserien","","15844","Pulje 6","grundspil","","16388"
"2023/2024","Vordingborg","Danmarksserien","5","forbliver i Danmarksserien (midterfelt)","","","ikke fundet","Danmarksserien","","15844","Pulje 6","grundspil","",""
"2023/2024","Ledøje-Smørum (O)","Danmarksserien","6","forbliver i Danmarksserien (midterfelt); BD (O) = historisk bevægelsesmarkør","","","ikke fundet","Danmarksserien","","15844","Pulje 6","grundspil","",""
"2023/2024","Badminton Roskilde","Danmarksserien","7","forbliver i Danmarksserien (midterfelt)","","","ikke fundet","Danmarksserien","","15844","Pulje 6","grundspil","",""
"2023/2024","Solrød Strand 5","Danmarksserien","8","Danmarksseriens nedrykningsspil mod regional række","","","ikke fundet","Danmarksserien","","15844","Pulje 6","grundspil","","16496"
"2023/2024","BC37 Amager","Danmarksserien","1","Danmarksseriens kvalifikationsgruppe mod 3. division","","","ikke fundet","Danmarksserien","","15845","Pulje 7","grundspil","","16389"
"2023/2024","Hvidovre 3 (N)","Danmarksserien","2","Danmarksseriens kvalifikationsgruppe mod 3. division; BD (N) = historisk bevægelsesmarkør","","","ikke fundet","Danmarksserien","","15845","Pulje 7","grundspil","","16389"
"2023/2024","Herlev/Hjorten 2","Danmarksserien","3","Danmarksseriens kvalifikationsgruppe mod 3. division","","","ikke fundet","Danmarksserien","","15845","Pulje 7","grundspil","","16389"
"2023/2024","Gladsaxe Søborg","Danmarksserien","4","Danmarksseriens kvalifikationsgruppe mod 3. division","","","ikke fundet","Danmarksserien","","15845","Pulje 7","grundspil","","16389"
"2023/2024","SAIF Kbh. 2","Danmarksserien","5","forbliver i Danmarksserien (midterfelt)","","","ikke fundet","Danmarksserien","","15845","Pulje 7","grundspil","",""
"2023/2024","Hvidovre HB2000","Danmarksserien","6","forbliver i Danmarksserien (midterfelt)","","","ikke fundet","Danmarksserien","","15845","Pulje 7","grundspil","",""
"2023/2024","KMB2010 3","Danmarksserien","7","Danmarksseriens nedrykningsspil mod regional række","","","ikke fundet","ikke fundet","","15845","Pulje 7","grundspil","","16496"
"2023/2024","Slagelse 2 (O)","Danmarksserien","8","forbliver i Danmarksserien (midterfelt); BD (O) = historisk bevægelsesmarkør","","","ikke fundet","ikke fundet","","15845","Pulje 7","grundspil","",""
"2023/2024","Humlebæk","Danmarksserien","1","Danmarksseriens kvalifikationsgruppe mod 3. division","","","ikke fundet","3. division","","15846","Pulje 8","grundspil","","16389"
"2023/2024","Værløse 4","Danmarksserien","2","Danmarksseriens kvalifikationsgruppe mod 3. division","","","ikke fundet","3. division","","15846","Pulje 8","grundspil","","16389|16495"
"2023/2024","Solrød Strand 4 (N)","Danmarksserien","3","Danmarksseriens kvalifikationsgruppe mod 3. division; BD (N) = historisk bevægelsesmarkør","","","ikke fundet","3. division","","15846","Pulje 8","grundspil","","16389|16495"
"2023/2024","Drive 4 (O)","Danmarksserien","4","Danmarksseriens kvalifikationsgruppe mod 3. division; BD (O) = historisk bevægelsesmarkør","","","ikke fundet","Danmarksserien","","15846","Pulje 8","grundspil","","16389"
"2023/2024","Måløv","Danmarksserien","5","forbliver i Danmarksserien (midterfelt)","","","ikke fundet","Danmarksserien","","15846","Pulje 8","grundspil","",""
"2023/2024","Greve 4","Danmarksserien","6","forbliver i Danmarksserien (midterfelt)","","","ikke fundet","Danmarksserien","","15846","Pulje 8","grundspil","",""
"2023/2024","Lyngby 3","Danmarksserien","7","Danmarksseriens nedrykningsspil mod regional række","","","ikke fundet","ikke fundet","","15846","Pulje 8","grundspil","","16496"
"2023/2024","Hillerød 4 (O)","Danmarksserien","8","forbliver i Danmarksserien (midterfelt); BD (O) = historisk bevægelsesmarkør","","","ikke fundet","ikke fundet","","15846","Pulje 8","grundspil","",""
"2024/2025","Højbjerg/Via Biler (M)","Ligaen","1","Liga-grundspil","","","ikke fundet","ikke fundet","","16857","Grundspil","grundspil","",""
"2024/2025","Vendsyssel","Ligaen","2","Liga-grundspil","","","ikke fundet","ikke fundet","","16857","Grundspil","grundspil","",""
"2024/2025","Skovshoved","Ligaen","3","Liga-grundspil","","","ikke fundet","Ligaen","","16857","Grundspil","grundspil","",""
"2024/2025","Solrød Strand","Ligaen","4","Liga-grundspil","","","ikke fundet","Ligaen","","16857","Grundspil","grundspil","",""
"2024/2025","Hvidovre","Ligaen","5","Liga-grundspil","","","ikke fundet","Ligaen","","16857","Grundspil","grundspil","",""
"2024/2025","RSL ODENSE OBK","Ligaen","6","Liga-grundspil","","","ikke fundet","ikke fundet","","16857","Grundspil","grundspil","",""
"2024/2025","Team Skælskør-Slagelse","Ligaen","7","forbliver i Ligaen (nr. 7-8)","","","ikke fundet","Ligaen","","16857","Grundspil","grundspil","",""
"2024/2025","Værløse","Ligaen","8","forbliver i Ligaen (nr. 7-8)","","","ikke fundet","Ligaen","","16857","Grundspil","grundspil","",""
"2024/2025","Gentofte","Ligaen","9","kvalifikationskamp mod 1.divisions nr. 2","Langhøj (O)","5-0","ikke fundet","Ligaen","","16857","Grundspil","grundspil","483659",""
"2024/2025","Aalborg Triton (O)","Ligaen","10","automatisk nedrykning","","","ikke fundet","1. division","","16857","Grundspil","grundspil","",""
"2024/2025","Langhøj (O)","1. division","1","1. divisions kvalifikationsgruppe mod Ligaen; BD (O) = historisk bevægelsesmarkør","","","ikke fundet","1. division","","16860","Pulje 1","grundspil","","16862"
"2024/2025","Aarhus AB (N)","1. division","2","1. divisions kvalifikationsgruppe mod Ligaen; BD (N) = historisk bevægelsesmarkør","","","ikke fundet","1. division","","16860","Pulje 1","grundspil","","16862"
"2024/2025","Solrød Strand 2","1. division","3","1. divisions kvalifikationsgruppe mod Ligaen","","","ikke fundet","1. division","","16860","Pulje 1","grundspil","","16862"
"2024/2025","Højbjerg 2","1. division","4","1. divisions kvalifikationsgruppe mod Ligaen","","","ikke fundet","1. division","","16860","Pulje 1","grundspil","","16862"
"2024/2025","RSL ODENSE OBK 2","1. division","5","1. divisions nedrykningsspil mod 2. division","","","ikke fundet","ikke fundet","","16860","Pulje 1","grundspil","","16863"
"2024/2025","Kolding BK","1. division","6","1. divisions nedrykningsspil mod 2. division","","","A-only: methodA","1. division","","16860","Pulje 1","grundspil","","16863"
"2024/2025","Viby J (O)","1. division","7","1. divisions nedrykningsspil mod 2. division; BD (O) = historisk bevægelsesmarkør","","","ikke fundet","1. division","","16860","Pulje 1","grundspil","","16863"
"2024/2025","Ikast","1. division","8","1. divisions nedrykningsspil mod 2. division","","","ikke fundet","2. division","","16860","Pulje 1","grundspil","","16863"
"2024/2025","Greve","1. division","1","1. divisions kvalifikationsgruppe mod Ligaen","","","ikke fundet","Ligaen","","16861","Pulje 2","grundspil","","16862"
"2024/2025","Lillerød","1. division","2","1. divisions kvalifikationsgruppe mod Ligaen","","","ikke fundet","ikke fundet","","16861","Pulje 2","grundspil","","16862"
"2024/2025","Hillerød","1. division","3","1. divisions kvalifikationsgruppe mod Ligaen","","","ikke fundet","1. division","","16861","Pulje 2","grundspil","","16862"
"2024/2025","KBK Kbh.","1. division","4","1. divisions kvalifikationsgruppe mod Ligaen","","","ikke fundet","1. division","","16861","Pulje 2","grundspil","","16862"
"2024/2025","Skovshoved 2","1. division","5","1. divisions nedrykningsspil mod 2. division","","","ikke fundet","1. division","","16861","Pulje 2","grundspil","","16863"
"2024/2025","Værløse 2","1. division","6","1. divisions nedrykningsspil mod 2. division","","","ikke fundet","1. division","","16861","Pulje 2","grundspil","","16863"
"2024/2025","Hvidovre 2 (O)","1. division","7","1. divisions nedrykningsspil mod 2. division; BD (O) = historisk bevægelsesmarkør","","","A-only: methodA+methodC","1. division","","16861","Pulje 2","grundspil","","16863"
"2024/2025","Gentofte 2","1. division","8","1. divisions nedrykningsspil mod 2. division","","","ikke fundet","1. division","","16861","Pulje 2","grundspil","","16863"
"2024/2025","Badminton Esbjerg","2. division","1","2. divisions oprykningsspil/kvalifikation mod 1. division","","","ikke fundet","1. division","","16865","Pulje 1","grundspil","","16867"
"2024/2025","Aarhus AB 2 (N)","2. division","2","2. divisions oprykningsspil/kvalifikation mod 1. division; BD (N) = historisk bevægelsesmarkør","","","ikke fundet","2. division","","16865","Pulje 1","grundspil","","16867"
"2024/2025","Aalborg Triton 2","2. division","3","2. divisions oprykningsspil/kvalifikation mod 1. division","","","ikke fundet","2. division","","16865","Pulje 1","grundspil","","16867"
"2024/2025","Odense OBK 3 (O)","2. division","4","2. divisions oprykningsspil/kvalifikation mod 1. division; BD (O) = historisk bevægelsesmarkør","","","ikke fundet","2. division","","16865","Pulje 1","grundspil","","16867"
"2024/2025","Lyngby","2. division","5","2. divisions nedrykningsspil/kvalifikation mod 3. division","","","ikke fundet","ikke fundet","","16865","Pulje 1","grundspil","","16868"
"2024/2025","Højbjerg 3","2. division","6","2. divisions nedrykningsspil/kvalifikation mod 3. division","","","ikke fundet","3. division","","16865","Pulje 1","grundspil","","16868"
"2024/2025","Skovbakken (O)","2. division","7","2. divisions nedrykningsspil/kvalifikation mod 3. division; BD (O) = historisk bevægelsesmarkør","","","ikke fundet","3. division","","16865","Pulje 1","grundspil","","16868"
"2024/2025","Karlslunde (N)","2. division","8","2. divisions nedrykningsspil/kvalifikation mod 3. division; BD (N) = historisk bevægelsesmarkør","","","ikke fundet","3. division","","16865","Pulje 1","grundspil","","16868"
"2024/2025","Skovshoved 3","2. division","1","2. divisions oprykningsspil/kvalifikation mod 1. division","","","ikke fundet","2. division","","16866","Pulje 2","grundspil","","16867"
"2024/2025","Lillerød 2","2. division","2","2. divisions oprykningsspil/kvalifikation mod 1. division","","","ikke fundet","ikke fundet","","16866","Pulje 2","grundspil","","16867"
"2024/2025","Greve 2 (O)","2. division","3","2. divisions oprykningsspil/kvalifikation mod 1. division; BD (O) = historisk bevægelsesmarkør","","","A-only: methodA+methodC","2. division","","16866","Pulje 2","grundspil","","16867"
"2024/2025","KMB2010 (N)","2. division","4","2. divisions oprykningsspil/kvalifikation mod 1. division; BD (N) = historisk bevægelsesmarkør","","","ikke fundet","2. division","","16866","Pulje 2","grundspil","","16867"
"2024/2025","Holbæk","2. division","5","2. divisions nedrykningsspil/kvalifikation mod 3. division","","","ikke fundet","2. division","","16866","Pulje 2","grundspil","","16868"
"2024/2025","Gentofte 3","2. division","6","2. divisions nedrykningsspil/kvalifikation mod 3. division","","","ikke fundet","2. division","","16866","Pulje 2","grundspil","","16868"
"2024/2025","Solrød Strand 3","2. division","7","2. divisions nedrykningsspil/kvalifikation mod 3. division","","","ikke fundet","2. division","","16866","Pulje 2","grundspil","","16868"
"2024/2025","Charlottenlund (O)","2. division","8","2. divisions nedrykningsspil/kvalifikation mod 3. division; BD (O) = historisk bevægelsesmarkør","","","ikke fundet","3. division","","16866","Pulje 2","grundspil","","16868"
"2024/2025","Viby J 2","3. division","1","3. divisions kvalifikationsgruppe mod 2. division","","","ikke fundet","2. division","","16869","Pulje 1","grundspil","","16873"
"2024/2025","Randers BK (O)","3. division","2","3. divisions kvalifikationsgruppe mod 2. division; BD (O) = historisk bevægelsesmarkør","","","ikke fundet","3. division","","16869","Pulje 1","grundspil","","16873"
"2024/2025","abc Aalborg","3. division","3","3. divisions kvalifikationsgruppe mod 2. division","","","ikke fundet","3. division","","16869","Pulje 1","grundspil","","16873"
"2024/2025","Ikast 2","3. division","4","3. divisions kvalifikationsgruppe mod 2. division","","","A-only: methodA+methodC","3. division","","16869","Pulje 1","grundspil","","16873"
"2024/2025","Aalborg Triton 3 (O)","3. division","5","forbliver i 3. division (midterfelt); BD (O) = historisk bevægelsesmarkør","","","ikke fundet","3. division","","16869","Pulje 1","grundspil","",""
"2024/2025","Højbjerg 4","3. division","6","3. divisions nedrykningsspil/kvalifikation mod Danmarksserien","","","ikke fundet","Danmarksserien","","16869","Pulje 1","grundspil","","16878"
"2024/2025","Silkeborg BK","3. division","7","forbliver i 3. division (midterfelt)","","","ikke fundet","Danmarksserien","","16869","Pulje 1","grundspil","",""
"2024/2025","Aarhus AB 3","3. division","8","3. divisions nedrykningsspil/kvalifikation mod Danmarksserien","","","ikke fundet","Danmarksserien","","16869","Pulje 1","grundspil","","16878"
"2024/2025","Slagelse","3. division","1","3. divisions kvalifikationsgruppe mod 2. division","","","ikke fundet","2. division","","16870","Pulje 2","grundspil","","16873|16877"
"2024/2025","Badminton Esbjerg 2","3. division","2","3. divisions kvalifikationsgruppe mod 2. division","","","A-only: methodA+methodC","3. division","","16870","Pulje 2","grundspil","","16873|16877"
"2024/2025","Kolding BK 2 (N)","3. division","3","3. divisions kvalifikationsgruppe mod 2. division; BD (N) = historisk bevægelsesmarkør","","","A-only: methodA+methodC","3. division","","16870","Pulje 2","grundspil","","16873"
"2024/2025","Odense OBK 4 (O)","3. division","4","3. divisions kvalifikationsgruppe mod 2. division; BD (O) = historisk bevægelsesmarkør","","","ikke fundet","3. division","","16870","Pulje 2","grundspil","","16873"
"2024/2025","Viby J 3","3. division","5","forbliver i 3. division (midterfelt)","","","ikke fundet","3. division","","16870","Pulje 2","grundspil","",""
"2024/2025","Team Fyn","3. division","6","forbliver i 3. division (midterfelt)","","","ikke fundet","3. division","","16870","Pulje 2","grundspil","",""
"2024/2025","Horsens","3. division","7","forbliver i 3. division (midterfelt)","","","ikke fundet","Danmarksserien","","16870","Pulje 2","grundspil","",""
"2024/2025","Skovbakken 2 (O)","3. division","8","forbliver i 3. division (midterfelt); BD (O) = historisk bevægelsesmarkør","","","ikke fundet","Danmarksserien","","16870","Pulje 2","grundspil","",""
"2024/2025","Værløse 3","3. division","1","3. divisions kvalifikationsgruppe mod 2. division","","","ikke fundet","2. division","","16871","Pulje 3","grundspil","","16874|16877"
"2024/2025","Drive (N)","3. division","2","3. divisions kvalifikationsgruppe mod 2. division; BD (N) = historisk bevægelsesmarkør","","","ikke fundet","2. division","","16871","Pulje 3","grundspil","","16874"
"2024/2025","Solrød Strand 4 (O)","3. division","3","3. divisions kvalifikationsgruppe mod 2. division; BD (O) = historisk bevægelsesmarkør","","","ikke fundet","3. division","","16871","Pulje 3","grundspil","","16874"
"2024/2025","SAIF Kbh.","3. division","4","3. divisions kvalifikationsgruppe mod 2. division","","","ikke fundet","3. division","","16871","Pulje 3","grundspil","","16874"
"2024/2025","Lillerød 3","3. division","5","forbliver i 3. division (midterfelt)","","","ikke fundet","3. division","","16871","Pulje 3","grundspil","",""
"2024/2025","Holte","3. division","6","3. divisions nedrykningsspil/kvalifikation mod Danmarksserien","","","ikke fundet","3. division","","16871","Pulje 3","grundspil","","16878"
"2024/2025","Herlev/Hjorten (O)","3. division","7","forbliver i 3. division (midterfelt); BD (O) = historisk bevægelsesmarkør","","","ikke fundet","Danmarksserien","","16871","Pulje 3","grundspil","",""
"2024/2025","KMB2010 2","3. division","8","forbliver i 3. division (midterfelt)","","","ikke fundet","Danmarksserien","","16871","Pulje 3","grundspil","",""
"2024/2025","Greve 3","3. division","1","3. divisions kvalifikationsgruppe mod 2. division","","","A-only: methodA+methodC","3. division","","16872","Pulje 4","grundspil","","16874|16877"
"2024/2025","KBK Kbh. 2 (N)","3. division","2","3. divisions kvalifikationsgruppe mod 2. division; BD (N) = historisk bevægelsesmarkør","","","ikke fundet","3. division","","16872","Pulje 4","grundspil","","16874"
"2024/2025","Værløse 4 (O)","3. division","3","3. divisions kvalifikationsgruppe mod 2. division; BD (O) = historisk bevægelsesmarkør","","","ikke fundet","3. division","","16872","Pulje 4","grundspil","","16874"
"2024/2025","Skovshoved 4","3. division","4","3. divisions kvalifikationsgruppe mod 2. division","","","ikke fundet","3. division","","16872","Pulje 4","grundspil","","16874"
"2024/2025","Hillerød 2 (N)","3. division","5","forbliver i 3. division (midterfelt); BD (N) = historisk bevægelsesmarkør","","","ikke fundet","3. division","","16872","Pulje 4","grundspil","",""
"2024/2025","Drive 2","3. division","6","forbliver i 3. division (midterfelt)","","","ikke fundet","Danmarksserien","","16872","Pulje 4","grundspil","",""
"2024/2025","Gentofte 4","3. division","7","3. divisions nedrykningsspil/kvalifikation mod Danmarksserien","","","ikke fundet","3. division","","16872","Pulje 4","grundspil","","16878"
"2024/2025","Humlebæk (O)","3. division","8","forbliver i 3. division (midterfelt); BD (O) = historisk bevægelsesmarkør","","","ikke fundet","3. division","","16872","Pulje 4","grundspil","",""
"2024/2025","Team Favrskov","Danmarksserien","1","Danmarksseriens kvalifikationsgruppe mod 3. division","","","ikke fundet","Danmarksserien","","16879","Pulje 1","grundspil","","16887|16895"
"2024/2025","Viby J 4","Danmarksserien","2","Danmarksseriens kvalifikationsgruppe mod 3. division","","","ikke fundet","Danmarksserien","","16879","Pulje 1","grundspil","","16887"
"2024/2025","abc Aalborg 2","Danmarksserien","3","Danmarksseriens kvalifikationsgruppe mod 3. division","","","ikke fundet","Danmarksserien","","16879","Pulje 1","grundspil","","16887|16895"
"2024/2025","Højbjerg 5","Danmarksserien","4","Danmarksseriens kvalifikationsgruppe mod 3. division","","","ikke fundet","Danmarksserien","","16879","Pulje 1","grundspil","","16887"
"2024/2025","Ikast 3","Danmarksserien","5","forbliver i Danmarksserien (midterfelt)","","","ikke fundet","Danmarksserien","","16879","Pulje 1","grundspil","",""
"2024/2025","Herning (N)","Danmarksserien","6","forbliver i Danmarksserien (midterfelt); BD (N) = historisk bevægelsesmarkør","","","ikke fundet","Danmarksserien","","16879","Pulje 1","grundspil","",""
"2024/2025","Aalborg Triton 4 (O)","Danmarksserien","7","forbliver i Danmarksserien (midterfelt); BD (O) = historisk bevægelsesmarkør","","","ikke fundet","ikke fundet","","16879","Pulje 1","grundspil","",""
"2024/2025","Silkeborg BK 2","Danmarksserien","8","forbliver i Danmarksserien (midterfelt)","","","ikke fundet","ikke fundet","","16879","Pulje 1","grundspil","",""
"2024/2025","Gug (N)","Danmarksserien","1","Danmarksseriens kvalifikationsgruppe mod 3. division; BD (N) = historisk bevægelsesmarkør","","","ikke fundet","3. division","","16880","Pulje 2","grundspil","","16887"
"2024/2025","Skovbakken 3","Danmarksserien","2","Danmarksseriens kvalifikationsgruppe mod 3. division","","","ikke fundet","Danmarksserien","","16880","Pulje 2","grundspil","","16887"
"2024/2025","Aarhus Akademisk","Danmarksserien","3","Danmarksseriens kvalifikationsgruppe mod 3. division","","","ikke fundet","Danmarksserien","","16880","Pulje 2","grundspil","","16887"
"2024/2025","Beder-Malling","Danmarksserien","4","Danmarksseriens kvalifikationsgruppe mod 3. division","","","ikke fundet","Danmarksserien","","16880","Pulje 2","grundspil","","16887"
"2024/2025","Christiansbjerg","Danmarksserien","5","forbliver i Danmarksserien (midterfelt)","","","ikke fundet","Danmarksserien","","16880","Pulje 2","grundspil","",""
"2024/2025","Vendsyssel 2","Danmarksserien","6","forbliver i Danmarksserien (midterfelt)","","","ikke fundet","Danmarksserien","","16880","Pulje 2","grundspil","",""
"2024/2025","Lindholm","Danmarksserien","7","Danmarksseriens nedrykningsspil mod regional række","","","ikke fundet","Danmarksserien","","16880","Pulje 2","grundspil","","16896"
"2024/2025","Grenå (O)","Danmarksserien","8","Danmarksseriens nedrykningsspil mod regional række; BD (O) = historisk bevægelsesmarkør","","","ikke fundet","ikke fundet","","16880","Pulje 2","grundspil","","16896"
"2024/2025","Grindsted BK","Danmarksserien","1","Danmarksseriens kvalifikationsgruppe mod 3. division","","","ikke fundet","3. division","","16881","Pulje 3","grundspil","","16888"
"2024/2025","Nr. Lyndelse (N)","Danmarksserien","2","Danmarksseriens kvalifikationsgruppe mod 3. division; BD (N) = historisk bevægelsesmarkør","","","ikke fundet","3. division","","16881","Pulje 3","grundspil","","16888|16895"
"2024/2025","Dalum Hjallese BK","Danmarksserien","3","Danmarksseriens kvalifikationsgruppe mod 3. division","","","ikke fundet","3. division","","16881","Pulje 3","grundspil","","16888|16895"
"2024/2025","Badminton Esbjerg 3","Danmarksserien","4","Danmarksseriens kvalifikationsgruppe mod 3. division","","","ikke fundet","Danmarksserien","","16881","Pulje 3","grundspil","","16888"
"2024/2025","Bolbro","Danmarksserien","5","forbliver i Danmarksserien (midterfelt)","","","ikke fundet","Danmarksserien","","16881","Pulje 3","grundspil","",""
"2024/2025","Badminton &#216;stfyn (O)","Danmarksserien","6","Danmarksseriens nedrykningsspil mod regional række; BD (O) = historisk bevægelsesmarkør","","","ikke fundet","Danmarksserien","","16881","Pulje 3","grundspil","","16896"
"2024/2025","Ribe (O)","Danmarksserien","7","Danmarksseriens nedrykningsspil mod regional række; BD (O) = historisk bevægelsesmarkør","","","ikke fundet","ikke fundet","","16881","Pulje 3","grundspil","","16896"
"2024/2025","Kolding BK 3","Danmarksserien","8","forbliver i Danmarksserien (midterfelt)","","","ikke fundet","ikke fundet","","16881","Pulje 3","grundspil","",""
"2024/2025","Vinding SF (O)","Danmarksserien","1","Danmarksseriens kvalifikationsgruppe mod 3. division; BD (O) = historisk bevægelsesmarkør","","","ikke fundet","Danmarksserien","","16882","Pulje 4","grundspil","","16888"
"2024/2025","Odense OBK 5","Danmarksserien","2","Danmarksseriens kvalifikationsgruppe mod 3. division","","","ikke fundet","Danmarksserien","","16882","Pulje 4","grundspil","","16888"
"2024/2025","Næsby (O)","Danmarksserien","3","Danmarksseriens kvalifikationsgruppe mod 3. division; BD (O) = historisk bevægelsesmarkør","","","ikke fundet","Danmarksserien","","16882","Pulje 4","grundspil","","16888"
"2024/2025","Tarup-Pårup","Danmarksserien","4","Danmarksseriens kvalifikationsgruppe mod 3. division","","","ikke fundet","Danmarksserien","","16882","Pulje 4","grundspil","","16888"
"2024/2025","Horsens 2","Danmarksserien","5","forbliver i Danmarksserien (midterfelt)","","","ikke fundet","Danmarksserien","","16882","Pulje 4","grundspil","",""
"2024/2025","Dalum Hjallese BK 2","Danmarksserien","6","forbliver i Danmarksserien (midterfelt)","","","ikke fundet","Danmarksserien","","16882","Pulje 4","grundspil","",""
"2024/2025","Aabenraa/Rødekro (N)","Danmarksserien","7","forbliver i Danmarksserien (midterfelt); BD (N) = historisk bevægelsesmarkør","","","ikke fundet","ikke fundet","","16882","Pulje 4","grundspil","",""
"2024/2025","Dybbøl","Danmarksserien","8","forbliver i Danmarksserien (midterfelt)","","","ikke fundet","ikke fundet","","16882","Pulje 4","grundspil","",""
"2024/2025","Badminton Roskilde","Danmarksserien","1","Danmarksseriens kvalifikationsgruppe mod 3. division","","","ikke fundet","3. division","","16883","Pulje 5","grundspil","","16889|16895"
"2024/2025","Frederiksberg","Danmarksserien","2","Danmarksseriens kvalifikationsgruppe mod 3. division","","","ikke fundet","Danmarksserien","","16883","Pulje 5","grundspil","","16889"
"2024/2025","Lyngby 2 (N)","Danmarksserien","3","Danmarksseriens kvalifikationsgruppe mod 3. division; BD (N) = historisk bevægelsesmarkør","","","ikke fundet","Danmarksserien","","16883","Pulje 5","grundspil","","16889"
"2024/2025","SAIF Kbh. 2","Danmarksserien","4","Danmarksseriens kvalifikationsgruppe mod 3. division","","","ikke fundet","Danmarksserien","","16883","Pulje 5","grundspil","","16889"
"2024/2025","Drive 4","Danmarksserien","5","forbliver i Danmarksserien (midterfelt)","","","ikke fundet","ikke fundet","","16883","Pulje 5","grundspil","",""
"2024/2025","Hvidovre HB2000","Danmarksserien","6","Danmarksseriens nedrykningsspil mod regional række","","","ikke fundet","ikke fundet","","16883","Pulje 5","grundspil","","16896"
"2024/2025","Hørsholm (O)","Danmarksserien","7","forbliver i Danmarksserien (midterfelt); BD (O) = historisk bevægelsesmarkør","","","ikke fundet","Danmarksserien","","16883","Pulje 5","grundspil","",""
"2024/2025","Vanløse","Danmarksserien","8","Danmarksseriens nedrykningsspil mod regional række","","","ikke fundet","Danmarksserien","","16883","Pulje 5","grundspil","","16896"
"2024/2025","Hvidovre 3","Danmarksserien","1","Danmarksseriens kvalifikationsgruppe mod 3. division","","","ikke fundet","3. division","","16884","Pulje 6","grundspil","","16889"
"2024/2025","Greve 4","Danmarksserien","2","Danmarksseriens kvalifikationsgruppe mod 3. division","","","ikke fundet","3. division","","16884","Pulje 6","grundspil","","16889|16895"
"2024/2025","KBK Kbh. 3","Danmarksserien","3","Danmarksseriens kvalifikationsgruppe mod 3. division","","","ikke fundet","Danmarksserien","","16884","Pulje 6","grundspil","","16889"
"2024/2025","Birkerød BK13","Danmarksserien","4","Danmarksseriens kvalifikationsgruppe mod 3. division","","","ikke fundet","Danmarksserien","","16884","Pulje 6","grundspil","","16889"
"2024/2025","Hillerød 3","Danmarksserien","5","forbliver i Danmarksserien (midterfelt)","","","ikke fundet","Danmarksserien","","16884","Pulje 6","grundspil","",""
"2024/2025","Holbæk 2 (O)","Danmarksserien","6","forbliver i Danmarksserien (midterfelt); BD (O) = historisk bevægelsesmarkør","","","ikke fundet","Danmarksserien","","16884","Pulje 6","grundspil","",""
"2024/2025","Nivå-Kokkedal","Danmarksserien","7","forbliver i Danmarksserien (midterfelt)","","","ikke fundet","Danmarksserien","","16884","Pulje 6","grundspil","",""
"2024/2025","Skovshoved 5 (O)","Danmarksserien","8","forbliver i Danmarksserien (midterfelt); BD (O) = historisk bevægelsesmarkør","","","ikke fundet","ikke fundet","","16884","Pulje 6","grundspil","",""
"2024/2025","Drive 3","Danmarksserien","1","Danmarksseriens kvalifikationsgruppe mod 3. division","","","ikke fundet","Danmarksserien","","16885","Pulje 7","grundspil","","16890|16895"
"2024/2025","Kirke Hyllinge-Skibby","Danmarksserien","2","Danmarksseriens kvalifikationsgruppe mod 3. division","","","ikke fundet","ikke fundet","","16885","Pulje 7","grundspil","","16890"
"2024/2025","KSI Badmintonklub Kbh. (O)","Danmarksserien","3","Danmarksseriens kvalifikationsgruppe mod 3. division; BD (O) = historisk bevægelsesmarkør","","","ikke fundet","Danmarksserien","","16885","Pulje 7","grundspil","","16890"
"2024/2025","Måløv","Danmarksserien","4","Danmarksseriens kvalifikationsgruppe mod 3. division","","","ikke fundet","Danmarksserien","","16885","Pulje 7","grundspil","","16890"
"2024/2025","Stenløse (O)","Danmarksserien","5","forbliver i Danmarksserien (midterfelt); BD (O) = historisk bevægelsesmarkør","","","ikke fundet","Danmarksserien","","16885","Pulje 7","grundspil","",""
"2024/2025","Ledøje-Smørum","Danmarksserien","6","Danmarksseriens nedrykningsspil mod regional række","","","ikke fundet","Danmarksserien","","16885","Pulje 7","grundspil","","16896"
"2024/2025","Herlev/Hjorten 2","Danmarksserien","7","Danmarksseriens nedrykningsspil mod regional række","","","ikke fundet","Danmarksserien","","16885","Pulje 7","grundspil","","16896"
"2024/2025","Karlslunde 2 (N)","Danmarksserien","8","forbliver i Danmarksserien (midterfelt); BD (N) = historisk bevægelsesmarkør","","","ikke fundet","ikke fundet","","16885","Pulje 7","grundspil","",""
"2024/2025","BC37 Amager","Danmarksserien","1","Danmarksseriens kvalifikationsgruppe mod 3. division","","","ikke fundet","3. division","","16886","Pulje 8","grundspil","","16890"
"2024/2025","Dragør (N)","Danmarksserien","2","Danmarksseriens kvalifikationsgruppe mod 3. division; BD (N) = historisk bevægelsesmarkør","","","ikke fundet","Danmarksserien","","16886","Pulje 8","grundspil","","16890"
"2024/2025","Gladsaxe Søborg","Danmarksserien","3","Danmarksseriens kvalifikationsgruppe mod 3. division","","","ikke fundet","Danmarksserien","","16886","Pulje 8","grundspil","","16890|16895"
"2024/2025","Charlottenlund 2","Danmarksserien","4","Danmarksseriens kvalifikationsgruppe mod 3. division","","","ikke fundet","Danmarksserien","","16886","Pulje 8","grundspil","","16890"
"2024/2025","Vordingborg","Danmarksserien","5","forbliver i Danmarksserien (midterfelt)","","","ikke fundet","ikke fundet","","16886","Pulje 8","grundspil","",""
"2024/2025","Solrød Strand 5","Danmarksserien","6","forbliver i Danmarksserien (midterfelt)","","","ikke fundet","Danmarksserien","","16886","Pulje 8","grundspil","",""
"2024/2025","Ringsted","Danmarksserien","7","forbliver i Danmarksserien (midterfelt)","","","ikke fundet","ikke fundet","","16886","Pulje 8","grundspil","",""
"2024/2025","KBK Kbh. 4 (O)","Danmarksserien","8","forbliver i Danmarksserien (midterfelt); BD (O) = historisk bevægelsesmarkør","","","ikke fundet","ikke fundet","","16886","Pulje 8","grundspil","",""
"2025/2026","Vendsyssel (M)","Ligaen","1","Liga-grundspil","","","ikke fundet","ikke fundet","","17880","Grundspil","grundspil","",""
"2025/2026","Skovshoved","Ligaen","2","Liga-grundspil","","","ikke fundet","Ligaen","","17880","Grundspil","grundspil","",""
"2025/2026","Hvidovre","Ligaen","3","Liga-grundspil","","","ikke fundet","ikke fundet","","17880","Grundspil","grundspil","",""
"2025/2026","Højbjerg","Ligaen","4","Liga-grundspil","","","ikke fundet","Ligaen","","17880","Grundspil","grundspil","",""
"2025/2026","Gentofte","Ligaen","5","Liga-grundspil","","","ikke fundet","Ligaen","","17880","Grundspil","grundspil","",""
"2025/2026","Værløse","Ligaen","6","Liga-grundspil","","","ikke fundet","Ligaen","","17880","Grundspil","grundspil","",""
"2025/2026","Greve (O)","Ligaen","7","forbliver i Ligaen (nr. 7-8)","","","ikke fundet","Ligaen","","17880","Grundspil","grundspil","",""
"2025/2026","Solrød Strand","Ligaen","8","forbliver i Ligaen (nr. 7-8)","","","ikke fundet","Ligaen","","17880","Grundspil","grundspil","",""
"2025/2026","Odense OBK","Ligaen","9","kvalifikationskamp mod 1.divisions nr. 2","Lillerød","5-1","ikke fundet","Ligaen","","17880","Grundspil","grundspil","505733",""
"2025/2026","Team Skælskør-Slagelse","Ligaen","10","automatisk nedrykning","","","ikke fundet","1. division","","17880","Grundspil","grundspil","",""
"2025/2026","Aarhus AB","1. division","1","1. divisions kvalifikationsgruppe mod Ligaen","","","ikke fundet","1. division","","17887","Pulje 1","grundspil","","17889"
"2025/2026","Odense OBK 2","1. division","2","1. divisions kvalifikationsgruppe mod Ligaen","","","ikke fundet","1. division","","17887","Pulje 1","grundspil","","17889"
"2025/2026","Aalborg Triton (N)","1. division","3","1. divisions kvalifikationsgruppe mod Ligaen; BD (N) = historisk bevægelsesmarkør","","","ikke fundet","1. division","","17887","Pulje 1","grundspil","","17889"
"2025/2026","Kolding BK","1. division","4","1. divisions kvalifikationsgruppe mod Ligaen","","","ikke fundet","1. division","","17887","Pulje 1","grundspil","","17889"
"2025/2026","Badminton Esbjerg (O)","1. division","5","1. divisions nedrykningsspil mod 2. division; BD (O) = historisk bevægelsesmarkør","","","ikke fundet","1. division","","17887","Pulje 1","grundspil","","17890"
"2025/2026","Viby J","1. division","6","1. divisions nedrykningsspil mod 2. division","","","ikke fundet","1. division","","17887","Pulje 1","grundspil","","17890"
"2025/2026","Højbjerg 2","1. division","7","1. divisions nedrykningsspil mod 2. division","","","ikke fundet","1. division","","17887","Pulje 1","grundspil","","17890"
"2025/2026","Langhøj","1. division","8","1. divisions nedrykningsspil mod 2. division","","","ikke fundet","Danmarksserien","","17887","Pulje 1","grundspil","","17890"
"2025/2026","KBK Kbh.","1. division","1","1. divisions kvalifikationsgruppe mod Ligaen","","","ikke fundet","Ligaen","","17888","Pulje 2","grundspil","","17889"
"2025/2026","Lillerød","1. division","2","1. divisions kvalifikationsgruppe mod Ligaen","","","ikke fundet","1. division","","17888","Pulje 2","grundspil","","17889"
"2025/2026","Hvidovre 2","1. division","3","1. divisions kvalifikationsgruppe mod Ligaen","","","ikke fundet","1. division","","17888","Pulje 2","grundspil","","17889"
"2025/2026","Værløse 2","1. division","4","1. divisions kvalifikationsgruppe mod Ligaen","","","ikke fundet","1. division","","17888","Pulje 2","grundspil","","17889"
"2025/2026","Skovshoved 2","1. division","5","1. divisions nedrykningsspil mod 2. division","","","ikke fundet","1. division","","17888","Pulje 2","grundspil","","17890"
"2025/2026","Hillerød","1. division","6","1. divisions nedrykningsspil mod 2. division","","","ikke fundet","1. division","","17888","Pulje 2","grundspil","","17890"
"2025/2026","Gentofte 2","1. division","7","1. divisions nedrykningsspil mod 2. division","","","ikke fundet","1. division","","17888","Pulje 2","grundspil","","17890"
"2025/2026","Solrød Strand 2","1. division","8","1. divisions nedrykningsspil mod 2. division","","","ikke fundet","1. division","","17888","Pulje 2","grundspil","","17890"
"2025/2026","Gentofte 3","2. division","1","2. divisions oprykningsspil/kvalifikation mod 1. division","","","ikke fundet","2. division","","17892","Pulje 1","grundspil","","17894"
"2025/2026","Skovshoved 3","2. division","2","2. divisions oprykningsspil/kvalifikation mod 1. division","","","ikke fundet","2. division","","17892","Pulje 1","grundspil","","17894"
"2025/2026","Odense OBK 3","2. division","3","2. divisions oprykningsspil/kvalifikation mod 1. division","","","ikke fundet","2. division","","17892","Pulje 1","grundspil","","17894"
"2025/2026","Slagelse (O)","2. division","4","2. divisions oprykningsspil/kvalifikation mod 1. division; BD (O) = historisk bevægelsesmarkør","","","ikke fundet","2. division","","17892","Pulje 1","grundspil","","17894"
"2025/2026","Ikast (N)","2. division","5","2. divisions nedrykningsspil/kvalifikation mod 3. division; BD (N) = historisk bevægelsesmarkør","","","ikke fundet","2. division","","17892","Pulje 1","grundspil","","17895"
"2025/2026","Aarhus AB 2","2. division","6","2. divisions nedrykningsspil/kvalifikation mod 3. division","","","ikke fundet","3. division","","17892","Pulje 1","grundspil","","17895"
"2025/2026","Aalborg Triton 2","2. division","7","2. divisions nedrykningsspil/kvalifikation mod 3. division","","","ikke fundet","3. division","","17892","Pulje 1","grundspil","","17895"
"2025/2026","Viby J 2 (O)","2. division","8","2. divisions nedrykningsspil/kvalifikation mod 3. division; BD (O) = historisk bevægelsesmarkør","","","ikke fundet","3. division","","17892","Pulje 1","grundspil","","17895"
"2025/2026","Greve 2","2. division","1","2. divisions oprykningsspil/kvalifikation mod 1. division","","","ikke fundet","1. division","","17893","Pulje 2","grundspil","","17894"
"2025/2026","Lillerød 2","2. division","2","2. divisions oprykningsspil/kvalifikation mod 1. division","","","ikke fundet","2. division","","17893","Pulje 2","grundspil","","17894"
"2025/2026","KMB2010","2. division","3","2. divisions oprykningsspil/kvalifikation mod 1. division","","","ikke fundet","2. division","","17893","Pulje 2","grundspil","","17894"
"2025/2026","Lyngby","2. division","4","2. divisions oprykningsspil/kvalifikation mod 1. division","","","ikke fundet","2. division","","17893","Pulje 2","grundspil","","17894"
"2025/2026","Solrød Strand 3","2. division","5","2. divisions nedrykningsspil/kvalifikation mod 3. division","","","ikke fundet","2. division","","17893","Pulje 2","grundspil","","17895"
"2025/2026","Holbæk","2. division","6","2. divisions nedrykningsspil/kvalifikation mod 3. division","","","ikke fundet","3. division","","17893","Pulje 2","grundspil","","17895"
"2025/2026","Drive (O)","2. division","7","2. divisions nedrykningsspil/kvalifikation mod 3. division; BD (O) = historisk bevægelsesmarkør","","","ikke fundet","2. division","","17893","Pulje 2","grundspil","","17895"
"2025/2026","Værløse 3 (O)","2. division","8","2. divisions nedrykningsspil/kvalifikation mod 3. division; BD (O) = historisk bevægelsesmarkør","","","ikke fundet","2. division","","17893","Pulje 2","grundspil","","17895"
"2025/2026","Badminton Esbjerg 2","3. division","1","3. divisions kvalifikationsgruppe mod 2. division","","","ikke fundet","2. division","","17906","Pulje 1","grundspil","","17910"
"2025/2026","Grindsted BK (O)","3. division","2","3. divisions kvalifikationsgruppe mod 2. division; BD (O) = historisk bevægelsesmarkør","","","ikke fundet","3. division","","17906","Pulje 1","grundspil","","17910"
"2025/2026","Greve 3","3. division","3","3. divisions kvalifikationsgruppe mod 2. division","","","ikke fundet","3. division","","17906","Pulje 1","grundspil","","17910"
"2025/2026","Odense OBK 4","3. division","4","3. divisions kvalifikationsgruppe mod 2. division","","","ikke fundet","3. division","","17906","Pulje 1","grundspil","","17910"
"2025/2026","Kolding BK 2","3. division","5","forbliver i 3. division (midterfelt)","","","ikke fundet","3. division","","17906","Pulje 1","grundspil","",""
"2025/2026","Team Fyn","3. division","6","forbliver i 3. division (midterfelt)","","","ikke fundet","3. division","","17906","Pulje 1","grundspil","",""
"2025/2026","Dalum Hjallese BK (O)","3. division","7","3. divisions nedrykningsspil/kvalifikation mod Danmarksserien; BD (O) = historisk bevægelsesmarkør","","","ikke fundet","Danmarksserien","","17906","Pulje 1","grundspil","","17915"
"2025/2026","Nr. Lyndelse (O)","3. division","8","forbliver i 3. division (midterfelt); BD (O) = historisk bevægelsesmarkør","","","ikke fundet","Danmarksserien","","17906","Pulje 1","grundspil","",""
"2025/2026","Skovbakken (N)","3. division","1","3. divisions kvalifikationsgruppe mod 2. division; BD (N) = historisk bevægelsesmarkør","","","ikke fundet","2. division","","17907","Pulje 2","grundspil","","17910|17914"
"2025/2026","Randers BK","3. division","2","3. divisions kvalifikationsgruppe mod 2. division","","","ikke fundet","3. division","","17907","Pulje 2","grundspil","","17910|17914"
"2025/2026","Viby J 3","3. division","3","3. divisions kvalifikationsgruppe mod 2. division","","","ikke fundet","3. division","","17907","Pulje 2","grundspil","","17910"
"2025/2026","abc Aalborg","3. division","4","3. divisions kvalifikationsgruppe mod 2. division","","","ikke fundet","3. division","","17907","Pulje 2","grundspil","","17910"
"2025/2026","Gug (O)","3. division","5","forbliver i 3. division (midterfelt); BD (O) = historisk bevægelsesmarkør","","","ikke fundet","3. division","","17907","Pulje 2","grundspil","",""
"2025/2026","Højbjerg 3 (N)","3. division","6","3. divisions nedrykningsspil/kvalifikation mod Danmarksserien; BD (N) = historisk bevægelsesmarkør","","","ikke fundet","3. division","","17907","Pulje 2","grundspil","","17915"
"2025/2026","Ikast 2","3. division","7","forbliver i 3. division (midterfelt)","","","ikke fundet","Danmarksserien","","17907","Pulje 2","grundspil","",""
"2025/2026","Aalborg Triton 3","3. division","8","forbliver i 3. division (midterfelt)","","","ikke fundet","Danmarksserien","","17907","Pulje 2","grundspil","",""
"2025/2026","KBK Kbh. 2","3. division","1","3. divisions kvalifikationsgruppe mod 2. division","","","ikke fundet","2. division","","17908","Pulje 3","grundspil","","17911"
"2025/2026","Hvidovre 3 (O)","3. division","2","3. divisions kvalifikationsgruppe mod 2. division; BD (O) = historisk bevægelsesmarkør","","","ikke fundet","2. division","","17908","Pulje 3","grundspil","","17911|17914"
"2025/2026","BC37 Amager (O)","3. division","3","3. divisions kvalifikationsgruppe mod 2. division; BD (O) = historisk bevægelsesmarkør","","","ikke fundet","3. division","","17908","Pulje 3","grundspil","","17911"
"2025/2026","Holte","3. division","4","3. divisions kvalifikationsgruppe mod 2. division","","","ikke fundet","3. division","","17908","Pulje 3","grundspil","","17911"
"2025/2026","Solrød Strand 4","3. division","5","forbliver i 3. division (midterfelt)","","","ikke fundet","3. division","","17908","Pulje 3","grundspil","",""
"2025/2026","Humlebæk","3. division","6","forbliver i 3. division (midterfelt)","","","ikke fundet","3. division","","17908","Pulje 3","grundspil","",""
"2025/2026","Skovshoved 4","3. division","7","forbliver i 3. division (midterfelt)","","","ikke fundet","Danmarksserien","","17908","Pulje 3","grundspil","",""
"2025/2026","Karlslunde (N)","3. division","8","forbliver i 3. division (midterfelt); BD (N) = historisk bevægelsesmarkør","","","ikke fundet","Danmarksserien","","17908","Pulje 3","grundspil","",""
"2025/2026","Charlottenlund (N)","3. division","1","3. divisions kvalifikationsgruppe mod 2. division; BD (N) = historisk bevægelsesmarkør","","","ikke fundet","3. division","","17909","Pulje 4","grundspil","","17911"
"2025/2026","Hillerød 2","3. division","2","3. divisions kvalifikationsgruppe mod 2. division","","","ikke fundet","2. division","","17909","Pulje 4","grundspil","","17911|17914"
"2025/2026","Gentofte 4","3. division","3","3. divisions kvalifikationsgruppe mod 2. division","","","ikke fundet","3. division","","17909","Pulje 4","grundspil","","17911"
"2025/2026","Værløse 4","3. division","4","3. divisions kvalifikationsgruppe mod 2. division","","","ikke fundet","3. division","","17909","Pulje 4","grundspil","","17911"
"2025/2026","Lillerød 3","3. division","5","forbliver i 3. division (midterfelt)","","","ikke fundet","3. division","","17909","Pulje 4","grundspil","",""
"2025/2026","Badminton Roskilde (O)","3. division","6","3. divisions nedrykningsspil/kvalifikation mod Danmarksserien; BD (O) = historisk bevægelsesmarkør","","","ikke fundet","3. division","","17909","Pulje 4","grundspil","","17915"
"2025/2026","Greve 4 (O)","3. division","7","3. divisions nedrykningsspil/kvalifikation mod Danmarksserien; BD (O) = historisk bevægelsesmarkør","","","ikke fundet","Danmarksserien","","17909","Pulje 4","grundspil","","17915"
"2025/2026","SAIF Kbh.","3. division","8","forbliver i 3. division (midterfelt)","","","ikke fundet","Danmarksserien","","17909","Pulje 4","grundspil","",""
"2025/2026","Lindholm","Danmarksserien","1","Danmarksseriens kvalifikationsgruppe mod 3. division","","","ikke fundet","Danmarksserien","","17916","Pulje 1","grundspil","","17924"
"2025/2026","Silkeborg BK (N)","Danmarksserien","2","Danmarksseriens kvalifikationsgruppe mod 3. division; BD (N) = historisk bevægelsesmarkør","","","ikke fundet","Danmarksserien","","17916","Pulje 1","grundspil","","17924"
"2025/2026","Svenstrup (O)","Danmarksserien","3","Danmarksseriens kvalifikationsgruppe mod 3. division; BD (O) = historisk bevægelsesmarkør","","","ikke fundet","Danmarksserien","","17916","Pulje 1","grundspil","","17924"
"2025/2026","Aarhus AB 3 (N)","Danmarksserien","4","Danmarksseriens kvalifikationsgruppe mod 3. division; BD (N) = historisk bevægelsesmarkør","","","ikke fundet","Danmarksserien","","17916","Pulje 1","grundspil","","17924"
"2025/2026","Langhøj 2 (O)","Danmarksserien","5","Danmarksseriens nedrykningsspil mod regional række; BD (O) = historisk bevægelsesmarkør","","","ikke fundet","ikke fundet","","17916","Pulje 1","grundspil","","17933"
"2025/2026","Christiansbjerg","Danmarksserien","6","forbliver i Danmarksserien (midterfelt)","","","ikke fundet","Danmarksserien","","17916","Pulje 1","grundspil","",""
"2025/2026","Herning","Danmarksserien","7","forbliver i Danmarksserien (midterfelt)","","","ikke fundet","Danmarksserien","","17916","Pulje 1","grundspil","",""
"2025/2026","Aarhus Akademisk","Danmarksserien","8","forbliver i Danmarksserien (midterfelt)","","","ikke fundet","ikke fundet","","17916","Pulje 1","grundspil","",""
"2025/2026","abc Aalborg 2","Danmarksserien","1","Danmarksseriens kvalifikationsgruppe mod 3. division","","","ikke fundet","Danmarksserien","","17917","Pulje 2","grundspil","","17924|17932"
"2025/2026","Viby J 4","Danmarksserien","2","Danmarksseriens kvalifikationsgruppe mod 3. division","","","ikke fundet","Danmarksserien","","17917","Pulje 2","grundspil","","17924"
"2025/2026","Viborg (O)","Danmarksserien","3","Danmarksseriens kvalifikationsgruppe mod 3. division; BD (O) = historisk bevægelsesmarkør","","","ikke fundet","Danmarksserien","","17917","Pulje 2","grundspil","","17924|17932"
"2025/2026","Skovbakken 2 (N)","Danmarksserien","4","Danmarksseriens kvalifikationsgruppe mod 3. division; BD (N) = historisk bevægelsesmarkør","","","ikke fundet","3. division","","17917","Pulje 2","grundspil","","17924"
"2025/2026","Vendsyssel 2","Danmarksserien","5","forbliver i Danmarksserien (midterfelt)","","","ikke fundet","Danmarksserien","","17917","Pulje 2","grundspil","",""
"2025/2026","Gug 2 (O)","Danmarksserien","6","forbliver i Danmarksserien (midterfelt); BD (O) = historisk bevægelsesmarkør","","","ikke fundet","Danmarksserien","","17917","Pulje 2","grundspil","",""
"2025/2026","Ikast 3","Danmarksserien","7","Danmarksseriens nedrykningsspil mod regional række","","","ikke fundet","Danmarksserien","","17917","Pulje 2","grundspil","","17933"
"2025/2026","Højbjerg 5","Danmarksserien","8","forbliver i Danmarksserien (midterfelt)","","","ikke fundet","ikke fundet","","17917","Pulje 2","grundspil","",""
"2025/2026","Team Favrskov","Danmarksserien","1","Danmarksseriens kvalifikationsgruppe mod 3. division","","","ikke fundet","3. division","","17918","Pulje 3","grundspil","","17925|17932"
"2025/2026","Vinding SF","Danmarksserien","2","Danmarksseriens kvalifikationsgruppe mod 3. division","","","ikke fundet","3. division","","17918","Pulje 3","grundspil","","17925|17932"
"2025/2026","Horsens (N)","Danmarksserien","3","Danmarksseriens kvalifikationsgruppe mod 3. division; BD (N) = historisk bevægelsesmarkør","","","ikke fundet","Danmarksserien","","17918","Pulje 3","grundspil","","17925"
"2025/2026","Odense OBK 5","Danmarksserien","4","Danmarksseriens kvalifikationsgruppe mod 3. division","","","ikke fundet","Danmarksserien","","17918","Pulje 3","grundspil","","17925"
"2025/2026","Beder-Malling","Danmarksserien","5","Danmarksseriens nedrykningsspil mod regional række","","","ikke fundet","ikke fundet","","17918","Pulje 3","grundspil","","17933"
"2025/2026","Bolbro","Danmarksserien","6","forbliver i Danmarksserien (midterfelt)","","","ikke fundet","Danmarksserien","","17918","Pulje 3","grundspil","",""
"2025/2026","Badminton Esbjerg 4 (O)","Danmarksserien","7","Danmarksseriens nedrykningsspil mod regional række; BD (O) = historisk bevægelsesmarkør","","","ikke fundet","Danmarksserien","","17918","Pulje 3","grundspil","","17933"
"2025/2026","Dalum Hjallese BK 2","Danmarksserien","8","forbliver i Danmarksserien (midterfelt)","","","ikke fundet","ikke fundet","","17918","Pulje 3","grundspil","",""
"2025/2026","Team Syd","Danmarksserien","1","Danmarksseriens kvalifikationsgruppe mod 3. division","","","ikke fundet","3. division","","17919","Pulje 4","grundspil","","17925"
"2025/2026","Badminton Esbjerg 3","Danmarksserien","2","Danmarksseriens kvalifikationsgruppe mod 3. division","","","ikke fundet","Danmarksserien","","17919","Pulje 4","grundspil","","17925"
"2025/2026","Haderslev (O)","Danmarksserien","3","Danmarksseriens kvalifikationsgruppe mod 3. division; BD (O) = historisk bevægelsesmarkør","","","ikke fundet","Danmarksserien","","17919","Pulje 4","grundspil","","17925"
"2025/2026","Højbjerg 4 (N)","Danmarksserien","4","Danmarksseriens kvalifikationsgruppe mod 3. division; BD (N) = historisk bevægelsesmarkør","","","ikke fundet","Danmarksserien","","17919","Pulje 4","grundspil","","17925"
"2025/2026","Næsby","Danmarksserien","5","forbliver i Danmarksserien (midterfelt)","","","ikke fundet","Danmarksserien","","17919","Pulje 4","grundspil","",""
"2025/2026","Tarup-Pårup","Danmarksserien","6","forbliver i Danmarksserien (midterfelt)","","","ikke fundet","Danmarksserien","","17919","Pulje 4","grundspil","",""
"2025/2026","Skovbakken 3","Danmarksserien","7","forbliver i Danmarksserien (midterfelt)","","","ikke fundet","Danmarksserien","","17919","Pulje 4","grundspil","",""
"2025/2026","Horsens 2","Danmarksserien","8","forbliver i Danmarksserien (midterfelt)","","","ikke fundet","ikke fundet","","17919","Pulje 4","grundspil","",""
"2025/2026","Herlev/Hjorten (N)","Danmarksserien","1","Danmarksseriens kvalifikationsgruppe mod 3. division; BD (N) = historisk bevægelsesmarkør","","","ikke fundet","3. division","","17920","Pulje 5","grundspil","","17926|17932"
"2025/2026","Drive 3","Danmarksserien","2","Danmarksseriens kvalifikationsgruppe mod 3. division","","","ikke fundet","Danmarksserien","","17920","Pulje 5","grundspil","","17926|17932"
"2025/2026","Birkerød BK13","Danmarksserien","3","Danmarksseriens kvalifikationsgruppe mod 3. division","","","ikke fundet","Danmarksserien","","17920","Pulje 5","grundspil","","17926"
"2025/2026","KSI Badmintonklub Kbh.","Danmarksserien","4","Danmarksseriens kvalifikationsgruppe mod 3. division","","","ikke fundet","Danmarksserien","","17920","Pulje 5","grundspil","","17926"
"2025/2026","Hørsholm","Danmarksserien","5","forbliver i Danmarksserien (midterfelt)","","","ikke fundet","Danmarksserien","","17920","Pulje 5","grundspil","",""
"2025/2026","Stenløse","Danmarksserien","6","forbliver i Danmarksserien (midterfelt)","","","ikke fundet","Danmarksserien","","17920","Pulje 5","grundspil","",""
"2025/2026","FKIF Frederiksberg (O)","Danmarksserien","7","Danmarksseriens nedrykningsspil mod regional række; BD (O) = historisk bevægelsesmarkør","","","ikke fundet","Danmarksserien","","17920","Pulje 5","grundspil","","17933"
"2025/2026","Holte 2 (O)","Danmarksserien","8","forbliver i Danmarksserien (midterfelt); BD (O) = historisk bevægelsesmarkør","","","ikke fundet","Danmarksserien","","17920","Pulje 5","grundspil","",""
"2025/2026","Lyngby 2","Danmarksserien","1","Danmarksseriens kvalifikationsgruppe mod 3. division","","","ikke fundet","3. division","","17921","Pulje 6","grundspil","","17926"
"2025/2026","KMB2010 2 (N)","Danmarksserien","2","Danmarksseriens kvalifikationsgruppe mod 3. division; BD (N) = historisk bevægelsesmarkør","","","ikke fundet","Danmarksserien","","17921","Pulje 6","grundspil","","17926"
"2025/2026","Nivå-Kokkedal","Danmarksserien","3","Danmarksseriens kvalifikationsgruppe mod 3. division","","","ikke fundet","Danmarksserien","","17921","Pulje 6","grundspil","","17926"
"2025/2026","Hillerød 3","Danmarksserien","4","Danmarksseriens kvalifikationsgruppe mod 3. division","","","ikke fundet","Danmarksserien","","17921","Pulje 6","grundspil","","17926"
"2025/2026","Charlottenlund 2","Danmarksserien","5","forbliver i Danmarksserien (midterfelt)","","","ikke fundet","Danmarksserien","","17921","Pulje 6","grundspil","",""
"2025/2026","Farum (O)","Danmarksserien","6","forbliver i Danmarksserien (midterfelt); BD (O) = historisk bevægelsesmarkør","","","ikke fundet","ikke fundet","","17921","Pulje 6","grundspil","",""
"2025/2026","Team GSG (O)","Danmarksserien","7","Danmarksseriens nedrykningsspil mod regional række; BD (O) = historisk bevægelsesmarkør","","","ikke fundet","Danmarksserien","","17921","Pulje 6","grundspil","","17933"
"2025/2026","SAIF Kbh. 2","Danmarksserien","8","forbliver i Danmarksserien (midterfelt)","","","ikke fundet","ikke fundet","","17921","Pulje 6","grundspil","",""
"2025/2026","Frederiksberg","Danmarksserien","1","Danmarksseriens kvalifikationsgruppe mod 3. division","","","ikke fundet","Danmarksserien","","17922","Pulje 7","grundspil","","17927"
"2025/2026","Gladsaxe Søborg","Danmarksserien","2","Danmarksseriens kvalifikationsgruppe mod 3. division","","","ikke fundet","Danmarksserien","","17922","Pulje 7","grundspil","","17927"
"2025/2026","Måløv","Danmarksserien","3","Danmarksseriens kvalifikationsgruppe mod 3. division","","","ikke fundet","ikke fundet","","17922","Pulje 7","grundspil","","17927|17932"
"2025/2026","Herlev/Hjorten 2","Danmarksserien","4","Danmarksseriens kvalifikationsgruppe mod 3. division","","","ikke fundet","Danmarksserien","","17922","Pulje 7","grundspil","","17927"
"2025/2026","Dragør","Danmarksserien","5","forbliver i Danmarksserien (midterfelt)","","","ikke fundet","Danmarksserien","","17922","Pulje 7","grundspil","",""
"2025/2026","BC37 Amager 2 (O)","Danmarksserien","6","forbliver i Danmarksserien (midterfelt); BD (O) = historisk bevægelsesmarkør","","","ikke fundet","Danmarksserien","","17922","Pulje 7","grundspil","",""
"2025/2026","Solrød Strand 5","Danmarksserien","7","forbliver i Danmarksserien (midterfelt)","","","ikke fundet","Danmarksserien","","17922","Pulje 7","grundspil","",""
"2025/2026","Valby BC (O)","Danmarksserien","8","Danmarksseriens nedrykningsspil mod regional række; BD (O) = historisk bevægelsesmarkør","","","ikke fundet","ikke fundet","","17922","Pulje 7","grundspil","","17933"
"2025/2026","Drive 2 (N)","Danmarksserien","1","Danmarksseriens kvalifikationsgruppe mod 3. division; BD (N) = historisk bevægelsesmarkør","","","ikke fundet","3. division","","17923","Pulje 8","grundspil","","17927"
"2025/2026","KBK Kbh. 3","Danmarksserien","2","Danmarksseriens kvalifikationsgruppe mod 3. division","","","ikke fundet","3. division","","17923","Pulje 8","grundspil","","17927|17932"
"2025/2026","Køge (O)","Danmarksserien","3","Danmarksseriens kvalifikationsgruppe mod 3. division; BD (O) = historisk bevægelsesmarkør","","","ikke fundet","Danmarksserien","","17923","Pulje 8","grundspil","","17927"
"2025/2026","Vanløse","Danmarksserien","4","Danmarksseriens kvalifikationsgruppe mod 3. division","","","ikke fundet","Danmarksserien","","17923","Pulje 8","grundspil","","17927"
"2025/2026","Holbæk 2 (O)","Danmarksserien","5","forbliver i Danmarksserien (midterfelt); BD (O) = historisk bevægelsesmarkør","","","ikke fundet","Danmarksserien","","17923","Pulje 8","grundspil","",""
"2025/2026","Lillerød 4 (O)","Danmarksserien","6","forbliver i Danmarksserien (midterfelt); BD (O) = historisk bevægelsesmarkør","","","ikke fundet","ikke fundet","","17923","Pulje 8","grundspil","",""
"2025/2026","Badminton &#216;stfyn","Danmarksserien","7","Danmarksseriens nedrykningsspil mod regional række","","","ikke fundet","ikke fundet","","17923","Pulje 8","grundspil","","17933"
"2025/2026","Ledøje-Smørum","Danmarksserien","8","forbliver i Danmarksserien (midterfelt)","","","ikke fundet","ikke fundet","","17923","Pulje 8","grundspil","",""
"2026/2027","Vendsyssel","Ligaen","1","Liga-grundspil","","","ikke fundet","ikke fundet","","18872","Grundspil","grundspil","",""
"2026/2027","Gentofte","Ligaen","2","Liga-grundspil","","","ikke fundet","ikke fundet","","18872","Grundspil","grundspil","",""
"2026/2027","Solrød Strand","Ligaen","3","Liga-grundspil","","","ikke fundet","ikke fundet","","18872","Grundspil","grundspil","",""
"2026/2027","KBK Kbh. (O)","Ligaen","4","Liga-grundspil","","","ikke fundet","ikke fundet","","18872","Grundspil","grundspil","",""
"2026/2027","Hvidovre (M)","Ligaen","5","Liga-grundspil","","","ikke fundet","ikke fundet","","18872","Grundspil","grundspil","",""
"2026/2027","Værløse","Ligaen","5","Liga-grundspil","","","ikke fundet","ikke fundet","","18872","Grundspil","grundspil","",""
"2026/2027","Greve","Ligaen","7","forbliver i Ligaen (nr. 7-8)","","","ikke fundet","ikke fundet","","18872","Grundspil","grundspil","",""
"2026/2027","Odense OBK","Ligaen","8","forbliver i Ligaen (nr. 7-8)","","","ikke fundet","ikke fundet","","18872","Grundspil","grundspil","",""
"2026/2027","Skovshoved","Ligaen","9","Ligakvalifikationspulje (ikke direkte 2-holds kamp)","","","ikke fundet","ikke fundet","","18872","Grundspil","grundspil","",""
"2026/2027","Højbjerg","Ligaen","10","automatisk nedrykning","","","ikke fundet","ikke fundet","","18872","Grundspil","grundspil","",""
"2026/2027","Viby J","1. division","1","forbliver i 1. division (midterfelt)","","","ikke fundet","ikke fundet","","18833","Pulje 1","grundspil","",""
"2026/2027","Odense OBK 2","1. division","2","forbliver i 1. division (midterfelt)","","","ikke fundet","ikke fundet","","18833","Pulje 1","grundspil","",""
"2026/2027","Aalborg Triton","1. division","3","forbliver i 1. division (midterfelt)","","","ikke fundet","ikke fundet","","18833","Pulje 1","grundspil","",""
"2026/2027","Badminton Esbjerg","1. division","4","forbliver i 1. division (midterfelt)","","","ikke fundet","ikke fundet","","18833","Pulje 1","grundspil","",""
"2026/2027","Team Skælskør-Slagelse (N)","1. division","5","forbliver i 1. division (midterfelt); BD (N) = historisk bevægelsesmarkør","","","ikke fundet","ikke fundet","","18833","Pulje 1","grundspil","",""
"2026/2027","Aarhus AB","1. division","6","forbliver i 1. division (midterfelt)","","","ikke fundet","ikke fundet","","18833","Pulje 1","grundspil","",""
"2026/2027","Kolding BK","1. division","7","forbliver i 1. division (midterfelt)","","","ikke fundet","ikke fundet","","18833","Pulje 1","grundspil","",""
"2026/2027","Højbjerg 2","1. division","8","forbliver i 1. division (midterfelt)","","","ikke fundet","ikke fundet","","18833","Pulje 1","grundspil","",""
"2026/2027","Gentofte 2","1. division","1","forbliver i 1. division (midterfelt)","","","ikke fundet","ikke fundet","","18834","Pulje 2","grundspil","",""
"2026/2027","Lillerød","1. division","2","forbliver i 1. division (midterfelt)","","","ikke fundet","ikke fundet","","18834","Pulje 2","grundspil","",""
"2026/2027","Hvidovre 2","1. division","3","forbliver i 1. division (midterfelt)","","","ikke fundet","ikke fundet","","18834","Pulje 2","grundspil","",""
"2026/2027","Skovshoved 2","1. division","4","forbliver i 1. division (midterfelt)","","","ikke fundet","ikke fundet","","18834","Pulje 2","grundspil","",""
"2026/2027","Solrød Strand 2","1. division","5","forbliver i 1. division (midterfelt)","","","ikke fundet","ikke fundet","","18834","Pulje 2","grundspil","",""
"2026/2027","Hillerød","1. division","6","forbliver i 1. division (midterfelt)","","","ikke fundet","ikke fundet","","18834","Pulje 2","grundspil","",""
"2026/2027","Greve 2 (O)","1. division","7","forbliver i 1. division (midterfelt); BD (O) = historisk bevægelsesmarkør","","","ikke fundet","ikke fundet","","18834","Pulje 2","grundspil","",""
"2026/2027","Værløse 2","1. division","8","forbliver i 1. division (midterfelt)","","","ikke fundet","ikke fundet","","18834","Pulje 2","grundspil","",""
"2026/2027","KBK Kbh. 2 (O)","2. division","1","forbliver i 2. division (midterfelt); BD (O) = historisk bevægelsesmarkør","","","ikke fundet","ikke fundet","","18838","Pulje 1","grundspil","",""
"2026/2027","KMB2010","2. division","2","forbliver i 2. division (midterfelt)","","","ikke fundet","ikke fundet","","18838","Pulje 1","grundspil","",""
"2026/2027","Ikast","2. division","3","forbliver i 2. division (midterfelt)","","","ikke fundet","ikke fundet","","18838","Pulje 1","grundspil","",""
"2026/2027","Odense OBK 3","2. division","4","forbliver i 2. division (midterfelt)","","","ikke fundet","ikke fundet","","18838","Pulje 1","grundspil","",""
"2026/2027","Skovbakken (O)","2. division","5","forbliver i 2. division (midterfelt); BD (O) = historisk bevægelsesmarkør","","","ikke fundet","ikke fundet","","18838","Pulje 1","grundspil","",""
"2026/2027","Slagelse","2. division","6","forbliver i 2. division (midterfelt)","","","ikke fundet","ikke fundet","","18838","Pulje 1","grundspil","",""
"2026/2027","Solrød Strand 3","2. division","7","forbliver i 2. division (midterfelt)","","","ikke fundet","ikke fundet","","18838","Pulje 1","grundspil","",""
"2026/2027","Badminton Esbjerg 2 (O)","2. division","8","forbliver i 2. division (midterfelt); BD (O) = historisk bevægelsesmarkør","","","ikke fundet","ikke fundet","","18838","Pulje 1","grundspil","",""
"2026/2027","Gentofte 3","2. division","1","forbliver i 2. division (midterfelt)","","","ikke fundet","ikke fundet","","18839","Pulje 2","grundspil","",""
"2026/2027","Lillerød 2","2. division","2","forbliver i 2. division (midterfelt)","","","ikke fundet","ikke fundet","","18839","Pulje 2","grundspil","",""
"2026/2027","Skovshoved 3","2. division","3","forbliver i 2. division (midterfelt)","","","ikke fundet","ikke fundet","","18839","Pulje 2","grundspil","",""
"2026/2027","Værløse 3","2. division","4","forbliver i 2. division (midterfelt)","","","ikke fundet","ikke fundet","","18839","Pulje 2","grundspil","",""
"2026/2027","Lyngby","2. division","5","forbliver i 2. division (midterfelt)","","","ikke fundet","ikke fundet","","18839","Pulje 2","grundspil","",""
"2026/2027","Hillerød 2 (O)","2. division","6","forbliver i 2. division (midterfelt); BD (O) = historisk bevægelsesmarkør","","","ikke fundet","ikke fundet","","18839","Pulje 2","grundspil","",""
"2026/2027","Drive","2. division","7","forbliver i 2. division (midterfelt)","","","ikke fundet","ikke fundet","","18839","Pulje 2","grundspil","",""
"2026/2027","Hvidovre 3 (O)","2. division","8","forbliver i 2. division (midterfelt); BD (O) = historisk bevægelsesmarkør","","","ikke fundet","ikke fundet","","18839","Pulje 2","grundspil","",""
"2026/2027","Viby J 2 (N)","3. division","1","forbliver i 3. division (midterfelt); BD (N) = historisk bevægelsesmarkør","","","ikke fundet","ikke fundet","","18842","Pulje 1","grundspil","",""
"2026/2027","Randers BK","3. division","2","forbliver i 3. division (midterfelt)","","","ikke fundet","ikke fundet","","18842","Pulje 1","grundspil","",""
"2026/2027","Gug","3. division","3","forbliver i 3. division (midterfelt)","","","ikke fundet","ikke fundet","","18842","Pulje 1","grundspil","",""
"2026/2027","abc Aalborg","3. division","4","forbliver i 3. division (midterfelt)","","","ikke fundet","ikke fundet","","18842","Pulje 1","grundspil","",""
"2026/2027","Aalborg Triton 2 (N)","3. division","5","forbliver i 3. division (midterfelt); BD (N) = historisk bevægelsesmarkør","","","ikke fundet","ikke fundet","","18842","Pulje 1","grundspil","",""
"2026/2027","Skovbakken 2 (O)","3. division","6","forbliver i 3. division (midterfelt); BD (O) = historisk bevægelsesmarkør","","","ikke fundet","ikke fundet","","18842","Pulje 1","grundspil","",""
"2026/2027","Højbjerg 3","3. division","7","forbliver i 3. division (midterfelt)","","","ikke fundet","ikke fundet","","18842","Pulje 1","grundspil","",""
"2026/2027","Team Favrskov (O)","3. division","8","forbliver i 3. division (midterfelt); BD (O) = historisk bevægelsesmarkør","","","ikke fundet","ikke fundet","","18842","Pulje 1","grundspil","",""
"2026/2027","Aarhus AB 2 (N)","3. division","1","forbliver i 3. division (midterfelt); BD (N) = historisk bevægelsesmarkør","","","ikke fundet","ikke fundet","","18843","Pulje 2","grundspil","",""
"2026/2027","Kolding BK 2","3. division","2","forbliver i 3. division (midterfelt)","","","ikke fundet","ikke fundet","","18843","Pulje 2","grundspil","",""
"2026/2027","Viby J 3","3. division","3","forbliver i 3. division (midterfelt)","","","ikke fundet","ikke fundet","","18843","Pulje 2","grundspil","",""
"2026/2027","Odense OBK 4","3. division","4","forbliver i 3. division (midterfelt)","","","ikke fundet","ikke fundet","","18843","Pulje 2","grundspil","",""
"2026/2027","Grindsted BK","3. division","5","forbliver i 3. division (midterfelt)","","","ikke fundet","ikke fundet","","18843","Pulje 2","grundspil","",""
"2026/2027","Team Fyn","3. division","6","forbliver i 3. division (midterfelt)","","","ikke fundet","ikke fundet","","18843","Pulje 2","grundspil","",""
"2026/2027","Vinding SF (O)","3. division","7","forbliver i 3. division (midterfelt); BD (O) = historisk bevægelsesmarkør","","","ikke fundet","ikke fundet","","18843","Pulje 2","grundspil","",""
"2026/2027","Team Syd (O)","3. division","8","forbliver i 3. division (midterfelt); BD (O) = historisk bevægelsesmarkør","","","ikke fundet","ikke fundet","","18843","Pulje 2","grundspil","",""
"2026/2027","Drive 2 (O)","3. division","1","forbliver i 3. division (midterfelt); BD (O) = historisk bevægelsesmarkør","","","ikke fundet","ikke fundet","","18844","Pulje 3","grundspil","",""
"2026/2027","Herlev/Hjorten","3. division","2","forbliver i 3. division (midterfelt)","","","ikke fundet","ikke fundet","","18844","Pulje 3","grundspil","",""
"2026/2027","Badminton Roskilde","3. division","3","forbliver i 3. division (midterfelt)","","","ikke fundet","ikke fundet","","18844","Pulje 3","grundspil","",""
"2026/2027","BC37 Amager","3. division","4","forbliver i 3. division (midterfelt)","","","ikke fundet","ikke fundet","","18844","Pulje 3","grundspil","",""
"2026/2027","Charlottenlund","3. division","5","forbliver i 3. division (midterfelt)","","","ikke fundet","ikke fundet","","18844","Pulje 3","grundspil","",""
"2026/2027","Holte","3. division","6","forbliver i 3. division (midterfelt)","","","ikke fundet","ikke fundet","","18844","Pulje 3","grundspil","",""
"2026/2027","Humlebæk","3. division","7","forbliver i 3. division (midterfelt)","","","ikke fundet","ikke fundet","","18844","Pulje 3","grundspil","",""
"2026/2027","KBK Kbh. 3","3. division","8","forbliver i 3. division (midterfelt)","","","ikke fundet","ikke fundet","","18844","Pulje 3","grundspil","",""
"2026/2027","Holbæk (N)","3. division","1","forbliver i 3. division (midterfelt); BD (N) = historisk bevægelsesmarkør","","","ikke fundet","ikke fundet","","18845","Pulje 4","grundspil","",""
"2026/2027","Gentofte 4","3. division","2","forbliver i 3. division (midterfelt)","","","ikke fundet","ikke fundet","","18845","Pulje 4","grundspil","",""
"2026/2027","Solrød Strand 4","3. division","3","forbliver i 3. division (midterfelt)","","","ikke fundet","ikke fundet","","18845","Pulje 4","grundspil","",""
"2026/2027","Greve 3","3. division","4","forbliver i 3. division (midterfelt)","","","ikke fundet","ikke fundet","","18845","Pulje 4","grundspil","",""
"2026/2027","Måløv (O","3. division","5","forbliver i 3. division (midterfelt)","","","ikke fundet","ikke fundet","","18845","Pulje 4","grundspil","",""
"2026/2027","Lillerød 3","3. division","6","forbliver i 3. division (midterfelt)","","","ikke fundet","ikke fundet","","18845","Pulje 4","grundspil","",""
"2026/2027","Værløse 4","3. division","7","forbliver i 3. division (midterfelt)","","","ikke fundet","ikke fundet","","18845","Pulje 4","grundspil","",""
"2026/2027","Lyngby 2 (O)","3. division","8","forbliver i 3. division (midterfelt); BD (O) = historisk bevægelsesmarkør","","","ikke fundet","ikke fundet","","18845","Pulje 4","grundspil","",""
"2026/2027","Gug 2","Danmarksserien","1","forbliver i Danmarksserien (midterfelt)","","","ikke fundet","ikke fundet","","18854","Pulje 1","grundspil","",""
"2026/2027","Silkeborg BK","Danmarksserien","2","forbliver i Danmarksserien (midterfelt)","","","ikke fundet","ikke fundet","","18854","Pulje 1","grundspil","",""
"2026/2027","Aalborg Triton 3 (N)","Danmarksserien","3","forbliver i Danmarksserien (midterfelt); BD (N) = historisk bevægelsesmarkør","","","ikke fundet","ikke fundet","","18854","Pulje 1","grundspil","",""
"2026/2027","abc Aalborg 2","Danmarksserien","4","forbliver i Danmarksserien (midterfelt)","","","ikke fundet","ikke fundet","","18854","Pulje 1","grundspil","",""
"2026/2027","Langhøj (N)","Danmarksserien","5","forbliver i Danmarksserien (midterfelt); BD (N) = historisk bevægelsesmarkør","","","ikke fundet","ikke fundet","","18854","Pulje 1","grundspil","",""
"2026/2027","Skovbakken 3","Danmarksserien","6","forbliver i Danmarksserien (midterfelt)","","","ikke fundet","ikke fundet","","18854","Pulje 1","grundspil","",""
"2026/2027","Grenå (O)","Danmarksserien","7","forbliver i Danmarksserien (midterfelt); BD (O) = historisk bevægelsesmarkør","","","ikke fundet","ikke fundet","","18854","Pulje 1","grundspil","",""
"2026/2027","Brønderslev (O)","Danmarksserien","8","forbliver i Danmarksserien (midterfelt); BD (O) = historisk bevægelsesmarkør","","","ikke fundet","ikke fundet","","18854","Pulje 1","grundspil","",""
"2026/2027","Viborg","Danmarksserien","1","forbliver i Danmarksserien (midterfelt)","","","ikke fundet","ikke fundet","","18855","Pulje 2","grundspil","",""
"2026/2027","Lindholm","Danmarksserien","2","forbliver i Danmarksserien (midterfelt)","","","ikke fundet","ikke fundet","","18855","Pulje 2","grundspil","",""
"2026/2027","Vendsyssel 2","Danmarksserien","3","forbliver i Danmarksserien (midterfelt)","","","ikke fundet","ikke fundet","","18855","Pulje 2","grundspil","",""
"2026/2027","Ikast 2 (N)","Danmarksserien","4","forbliver i Danmarksserien (midterfelt); BD (N) = historisk bevægelsesmarkør","","","ikke fundet","ikke fundet","","18855","Pulje 2","grundspil","",""
"2026/2027","Herning","Danmarksserien","5","forbliver i Danmarksserien (midterfelt)","","","ikke fundet","ikke fundet","","18855","Pulje 2","grundspil","",""
"2026/2027","Viby J 5 (O)","Danmarksserien","6","forbliver i Danmarksserien (midterfelt); BD (O) = historisk bevægelsesmarkør","","","ikke fundet","ikke fundet","","18855","Pulje 2","grundspil","",""
"2026/2027","Svenstrup","Danmarksserien","7","forbliver i Danmarksserien (midterfelt)","","","ikke fundet","ikke fundet","","18855","Pulje 2","grundspil","",""
"2026/2027","Christiansbjerg","Danmarksserien","8","forbliver i Danmarksserien (midterfelt)","","","ikke fundet","ikke fundet","","18855","Pulje 2","grundspil","",""
"2026/2027","Højbjerg 4","Danmarksserien","1","forbliver i Danmarksserien (midterfelt)","","","ikke fundet","ikke fundet","","18856","Pulje 3","grundspil","",""
"2026/2027","Badminton Esbjerg 3","Danmarksserien","2","forbliver i Danmarksserien (midterfelt)","","","ikke fundet","ikke fundet","","18856","Pulje 3","grundspil","",""
"2026/2027","Bolbro","Danmarksserien","3","forbliver i Danmarksserien (midterfelt)","","","ikke fundet","ikke fundet","","18856","Pulje 3","grundspil","",""
"2026/2027","Nr. Lyndelse (N)","Danmarksserien","4","forbliver i Danmarksserien (midterfelt); BD (N) = historisk bevægelsesmarkør","","","ikke fundet","ikke fundet","","18856","Pulje 3","grundspil","",""
"2026/2027","Næsby","Danmarksserien","5","forbliver i Danmarksserien (midterfelt)","","","ikke fundet","ikke fundet","","18856","Pulje 3","grundspil","",""
"2026/2027","Horsens","Danmarksserien","6","forbliver i Danmarksserien (midterfelt)","","","ikke fundet","ikke fundet","","18856","Pulje 3","grundspil","",""
"2026/2027","Ribe (O)","Danmarksserien","7","forbliver i Danmarksserien (midterfelt); BD (O) = historisk bevægelsesmarkør","","","ikke fundet","ikke fundet","","18856","Pulje 3","grundspil","",""
"2026/2027","Vejle (O)","Danmarksserien","8","forbliver i Danmarksserien (midterfelt); BD (O) = historisk bevægelsesmarkør","","","ikke fundet","ikke fundet","","18856","Pulje 3","grundspil","",""
"2026/2027","Ikast 3","Danmarksserien","1","forbliver i Danmarksserien (midterfelt)","","","ikke fundet","ikke fundet","","18857","Pulje 4","grundspil","",""
"2026/2027","Viby J 4","Danmarksserien","2","forbliver i Danmarksserien (midterfelt)","","","ikke fundet","ikke fundet","","18857","Pulje 4","grundspil","",""
"2026/2027","Tarup-Pårup","Danmarksserien","3","forbliver i Danmarksserien (midterfelt)","","","ikke fundet","ikke fundet","","18857","Pulje 4","grundspil","",""
"2026/2027","Dalum Hjallese BK (N)","Danmarksserien","4","forbliver i Danmarksserien (midterfelt); BD (N) = historisk bevægelsesmarkør","","","ikke fundet","ikke fundet","","18857","Pulje 4","grundspil","",""
"2026/2027","Badminton Esbjerg 4","Danmarksserien","5","forbliver i Danmarksserien (midterfelt)","","","ikke fundet","ikke fundet","","18857","Pulje 4","grundspil","",""
"2026/2027","Svendborg (O)","Danmarksserien","6","forbliver i Danmarksserien (midterfelt); BD (O) = historisk bevægelsesmarkør","","","ikke fundet","ikke fundet","","18857","Pulje 4","grundspil","",""
"2026/2027","Aarhus AB 3","Danmarksserien","7","forbliver i Danmarksserien (midterfelt)","","","ikke fundet","ikke fundet","","18857","Pulje 4","grundspil","",""
"2026/2027","Haderslev","Danmarksserien","8","forbliver i Danmarksserien (midterfelt)","","","ikke fundet","ikke fundet","","18857","Pulje 4","grundspil","",""
"2026/2027","Hørsholm","Danmarksserien","1","forbliver i Danmarksserien (midterfelt)","","","ikke fundet","ikke fundet","","18858","Pulje 5","grundspil","",""
"2026/2027","Vanløse","Danmarksserien","2","forbliver i Danmarksserien (midterfelt)","","","ikke fundet","ikke fundet","","18858","Pulje 5","grundspil","",""
"2026/2027","BC37 Amager 2","Danmarksserien","3","forbliver i Danmarksserien (midterfelt)","","","ikke fundet","ikke fundet","","18858","Pulje 5","grundspil","",""
"2026/2027","Herlev/Hjorten 2","Danmarksserien","4","forbliver i Danmarksserien (midterfelt)","","","ikke fundet","ikke fundet","","18858","Pulje 5","grundspil","",""
"2026/2027","Nivå-Kokkedal","Danmarksserien","5","forbliver i Danmarksserien (midterfelt)","","","ikke fundet","ikke fundet","","18858","Pulje 5","grundspil","",""
"2026/2027","KBK Kbh. 4 (O)","Danmarksserien","6","forbliver i Danmarksserien (midterfelt); BD (O) = historisk bevægelsesmarkør","","","ikke fundet","ikke fundet","","18858","Pulje 5","grundspil","",""
"2026/2027","SAIF Kbh. (N)","Danmarksserien","7","forbliver i Danmarksserien (midterfelt); BD (N) = historisk bevægelsesmarkør","","","ikke fundet","ikke fundet","","18858","Pulje 5","grundspil","",""
"2026/2027","Holte 2","Danmarksserien","8","forbliver i Danmarksserien (midterfelt)","","","ikke fundet","ikke fundet","","18858","Pulje 5","grundspil","",""
"2026/2027","Skovshoved 4 (N)","Danmarksserien","1","forbliver i Danmarksserien (midterfelt); BD (N) = historisk bevægelsesmarkør","","","ikke fundet","ikke fundet","","18859","Pulje 6","grundspil","",""
"2026/2027","Drive 3","Danmarksserien","2","forbliver i Danmarksserien (midterfelt)","","","ikke fundet","ikke fundet","","18859","Pulje 6","grundspil","",""
"2026/2027","Hillerød 3","Danmarksserien","3","forbliver i Danmarksserien (midterfelt)","","","ikke fundet","ikke fundet","","18859","Pulje 6","grundspil","",""
"2026/2027","Birkerød BK13","Danmarksserien","4","forbliver i Danmarksserien (midterfelt)","","","ikke fundet","ikke fundet","","18859","Pulje 6","grundspil","",""
"2026/2027","Hvidovre HB2000 (O)","Danmarksserien","5","forbliver i Danmarksserien (midterfelt); BD (O) = historisk bevægelsesmarkør","","","ikke fundet","ikke fundet","","18859","Pulje 6","grundspil","",""
"2026/2027","Stenløse","Danmarksserien","6","forbliver i Danmarksserien (midterfelt)","","","ikke fundet","ikke fundet","","18859","Pulje 6","grundspil","",""
"2026/2027","Frederiksberg","Danmarksserien","7","forbliver i Danmarksserien (midterfelt)","","","ikke fundet","ikke fundet","","18859","Pulje 6","grundspil","",""
"2026/2027","Team GSG","Danmarksserien","8","forbliver i Danmarksserien (midterfelt)","","","ikke fundet","ikke fundet","","18859","Pulje 6","grundspil","",""
"2026/2027","KMB2010 2","Danmarksserien","1","forbliver i Danmarksserien (midterfelt)","","","ikke fundet","ikke fundet","","18860","Pulje 7","grundspil","",""
"2026/2027","Rødby (O)","Danmarksserien","2","forbliver i Danmarksserien (midterfelt); BD (O) = historisk bevægelsesmarkør","","","ikke fundet","ikke fundet","","18860","Pulje 7","grundspil","",""
"2026/2027","Næstved-Herlufsholm (O)","Danmarksserien","3","forbliver i Danmarksserien (midterfelt); BD (O) = historisk bevægelsesmarkør","","","ikke fundet","ikke fundet","","18860","Pulje 7","grundspil","",""
"2026/2027","Dragør","Danmarksserien","4","forbliver i Danmarksserien (midterfelt)","","","ikke fundet","ikke fundet","","18860","Pulje 7","grundspil","",""
"2026/2027","Karlslunde (N)","Danmarksserien","5","forbliver i Danmarksserien (midterfelt); BD (N) = historisk bevægelsesmarkør","","","ikke fundet","ikke fundet","","18860","Pulje 7","grundspil","",""
"2026/2027","Charlottenlund 2","Danmarksserien","6","forbliver i Danmarksserien (midterfelt)","","","ikke fundet","ikke fundet","","18860","Pulje 7","grundspil","",""
"2026/2027","FKIF Frederiksberg","Danmarksserien","7","forbliver i Danmarksserien (midterfelt)","","","ikke fundet","ikke fundet","","18860","Pulje 7","grundspil","",""
"2026/2027","Odense OBK 5","Danmarksserien","8","forbliver i Danmarksserien (midterfelt)","","","ikke fundet","ikke fundet","","18860","Pulje 7","grundspil","",""
"2026/2027","Køge","Danmarksserien","1","forbliver i Danmarksserien (midterfelt)","","","ikke fundet","ikke fundet","","18861","Pulje 8","grundspil","",""
"2026/2027","Jernløse (O)","Danmarksserien","2","forbliver i Danmarksserien (midterfelt); BD (O) = historisk bevægelsesmarkør","","","ikke fundet","ikke fundet","","18861","Pulje 8","grundspil","",""
"2026/2027","Gladsaxe Søborg","Danmarksserien","3","forbliver i Danmarksserien (midterfelt)","","","ikke fundet","ikke fundet","","18861","Pulje 8","grundspil","",""
"2026/2027","Solrød Strand 5","Danmarksserien","4","forbliver i Danmarksserien (midterfelt)","","","ikke fundet","ikke fundet","","18861","Pulje 8","grundspil","",""
"2026/2027","Greve 4 (N)","Danmarksserien","5","forbliver i Danmarksserien (midterfelt); BD (N) = historisk bevægelsesmarkør","","","ikke fundet","ikke fundet","","18861","Pulje 8","grundspil","",""
"2026/2027","KSI Badmintonklub Kbh.","Danmarksserien","6","forbliver i Danmarksserien (midterfelt)","","","ikke fundet","ikke fundet","","18861","Pulje 8","grundspil","",""
"2026/2027","Holbæk 2","Danmarksserien","7","forbliver i Danmarksserien (midterfelt)","","","ikke fundet","ikke fundet","","18861","Pulje 8","grundspil","",""
"2026/2027","Drive 4 (O)","Danmarksserien","8","forbliver i Danmarksserien (midterfelt); BD (O) = historisk bevægelsesmarkør","","","ikke fundet","ikke fundet","","18861","Pulje 8","grundspil","",""
