id,holdkamp,ekstern_holdkamp,dato,markør,foreslået_vinder,metode,sikkerhed,klasse,forklaring,status,sæt_spillet,ukendte_i_holdkamp,walkovertekst,mangler_spiller_holdkort,holdresultat,hjemmescore,udescore,individuel_kampstatus,disciplin,hjemmehold,udehold,ant_der_mangler_hjemme,ant_der_mangler_ude,bekræftelse_ikke_fremmødt
14155,2734,1888,2011-10-09,,home,holdresultat,entydig,udledt,2 hjemme- og 0 udesejre mangler blandt 2 ukendte i holdkampen; alle ukendte må være home.,api_repaired,2,2,,,7-6,21-14,13-16,api_repaired,DS,KBK Kbh. 4,Gladsaxe Søborg,2,0,ikke relevant
14160,2734,1888,2011-10-09,,home,holdresultat,entydig,udledt,2 hjemme- og 0 udesejre mangler blandt 2 ukendte i holdkampen; alle ukendte må være home.,complete,0,2,,,7-6,- - -,- - -,complete,DD,KBK Kbh. 4,Gladsaxe Søborg,2,0,ikke relevant
14170,2735,1893,2011-11-06,,home,holdresultat,entydig,udledt,2 hjemme- og 0 udesejre mangler blandt 2 ukendte i holdkampen; alle ukendte må være home.,complete,0,2,,,8-5,- - -,- - -,complete,HS,Gladsaxe Søborg,Charlottenlund,2,0,ikke relevant
14171,2735,1893,2011-11-06,,home,holdresultat,entydig,udledt,2 hjemme- og 0 udesejre mangler blandt 2 ukendte i holdkampen; alle ukendte må være home.,complete,0,2,,,8-5,- - -,- - -,complete,HS,Gladsaxe Søborg,Charlottenlund,2,0,ikke relevant
14212,2739,1907,2012-01-15,,home,holdresultat,entydig,udledt,1 hjemme- og 0 udesejre mangler blandt 1 ukendte i holdkampen; alle ukendte må være home.,complete,0,1,,,11-2,- - -,- - -,complete,DD,Greve 3,Gladsaxe Søborg,1,0,ikke relevant
13378,2569,49395,2012-09-30,,,holdresultat ikke entydigt,uafklaret,uafklaret,Holdresultatet efter kendte sejre efterlader 3 hjemme- og -2 udesejre blandt 1 ukendte; udfaldet er ikke entydigt.,complete,0,1,,,8-5,- - -,- - -,complete,DD,Pan Kbh.,Gladsaxe Søborg 2,3,-2,ikke relevant
13384,2570,49399,2012-10-14,,home,holdresultat,entydig,udledt,4 hjemme- og 0 udesejre mangler blandt 4 ukendte i holdkampen; alle ukendte må være home.,complete,0,4,,,12-1,- - -,- - -,complete,MD,Gladsaxe Søborg 2,Skovshoved 4,4,0,ikke relevant
13386,2570,49399,2012-10-14,,home,holdresultat,entydig,udledt,4 hjemme- og 0 udesejre mangler blandt 4 ukendte i holdkampen; alle ukendte må være home.,complete,0,4,,,12-1,- - -,- - -,complete,DS,Gladsaxe Søborg 2,Skovshoved 4,4,0,ikke relevant
13392,2570,49399,2012-10-14,,home,holdresultat,entydig,udledt,4 hjemme- og 0 udesejre mangler blandt 4 ukendte i holdkampen; alle ukendte må være home.,complete,0,4,,,12-1,- - -,- - -,complete,DD,Gladsaxe Søborg 2,Skovshoved 4,4,0,ikke relevant
13395,2570,49399,2012-10-14,,home,holdresultat,entydig,udledt,4 hjemme- og 0 udesejre mangler blandt 4 ukendte i holdkampen; alle ukendte må være home.,complete,0,4,,,12-1,- - -,- - -,complete,HD,Gladsaxe Søborg 2,Skovshoved 4,4,0,ikke relevant
13484,2577,49455,2012-10-14,,away,holdresultat,entydig,udledt,0 hjemme- og 1 udesejre mangler blandt 1 ukendte i holdkampen; alle ukendte må være away.,complete,0,1,,,8-5,- - -,- - -,complete,HD,Amager ABC 3,Gladsaxe Søborg 3,0,1,ikke relevant
13994,2627,50436,2012-12-16,,home,holdresultat,entydig,udledt,3 hjemme- og 0 udesejre mangler blandt 3 ukendte i holdkampen; alle ukendte må være home.,complete,0,3,,,7-1,- - -,- - -,complete,HD,Gladsaxe Søborg 3,Rødovre 2,3,0,ikke relevant
13997,2627,50436,2012-12-16,,home,holdresultat,entydig,udledt,3 hjemme- og 0 udesejre mangler blandt 3 ukendte i holdkampen; alle ukendte må være home.,complete,0,3,,,7-1,- - -,- - -,complete,HD,Gladsaxe Søborg 3,Rødovre 2,3,0,ikke relevant
13998,2627,50436,2012-12-16,,home,holdresultat,entydig,udledt,3 hjemme- og 0 udesejre mangler blandt 3 ukendte i holdkampen; alle ukendte må være home.,complete,0,3,,,7-1,- - -,- - -,complete,HD,Gladsaxe Søborg 3,Rødovre 2,3,0,ikke relevant
13596,2587,49644,2013-01-27,,away,holdresultat,entydig,udledt,0 hjemme- og 1 udesejre mangler blandt 1 ukendte i holdkampen; alle ukendte må være away.,complete,0,1,,,3-9,- - -,- - -,complete,HD,Gladsaxe Søborg,Charlottenlund 2,0,1,ikke relevant
13752,2601,49728,2013-01-27,,home,holdresultat,entydig,udledt,2 hjemme- og 0 udesejre mangler blandt 2 ukendte i holdkampen; alle ukendte må være home.,complete,0,2,,,8-4,- - -,- - -,complete,HD,Vanløse 2,Gladsaxe Søborg 3,2,0,ikke relevant
13754,2601,49728,2013-01-27,,home,holdresultat,entydig,udledt,2 hjemme- og 0 udesejre mangler blandt 2 ukendte i holdkampen; alle ukendte må være home.,complete,0,2,,,8-4,- - -,- - -,complete,HD,Vanløse 2,Gladsaxe Søborg 3,2,0,ikke relevant
15420,2512,49896,2013-02-03,G,,"ikke fremmødt, deltagerside ikke entydig",uafklaret,uafklaret,Holdresultatet efter kendte sejre efterlader 3 hjemme- og 0 udesejre blandt 1 ukendte; udfaldet er ikke entydigt. G-markør med 2 scorede sæt identificerer ikke i sig selv den tilbagetrukne side.,browser_parsed,2,1,(Ikke fremmødt),,7-2,17-21,21-17,browser_parsed,S,Gladsaxe Søborg,KBK Kbh. 3,3,0,ikke relevant
13607,2588,49649,2013-02-03,,home,holdresultat,entydig,udledt,3 hjemme- og 0 udesejre mangler blandt 3 ukendte i holdkampen; alle ukendte må være home.,complete,0,3,,,9-3,- - -,- - -,complete,HD,FKIF Frederiksberg,Gladsaxe Søborg,3,0,ikke relevant
13608,2588,49649,2013-02-03,,home,holdresultat,entydig,udledt,3 hjemme- og 0 udesejre mangler blandt 3 ukendte i holdkampen; alle ukendte må være home.,complete,0,3,,,9-3,- - -,- - -,complete,HD,FKIF Frederiksberg,Gladsaxe Søborg,3,0,ikke relevant
13610,2588,49649,2013-02-03,,home,holdresultat,entydig,udledt,3 hjemme- og 0 udesejre mangler blandt 3 ukendte i holdkampen; alle ukendte må være home.,complete,0,3,,,9-3,- - -,- - -,complete,HD,FKIF Frederiksberg,Gladsaxe Søborg,3,0,ikke relevant
13954,2622,50454,2013-02-10,,home,holdresultat,entydig,udledt,2 hjemme- og 0 udesejre mangler blandt 2 ukendte i holdkampen; alle ukendte må være home.,complete,0,2,,,3-5,- - -,- - -,complete,HD,Gladsaxe Søborg 2,Drive,2,0,ikke relevant
13958,2622,50454,2013-02-10,,home,holdresultat,entydig,udledt,2 hjemme- og 0 udesejre mangler blandt 2 ukendte i holdkampen; alle ukendte må være home.,complete,0,2,,,3-5,- - -,- - -,complete,HD,Gladsaxe Søborg 2,Drive,2,0,ikke relevant
13277,2561,89991,2013-03-24,,away,holdresultat,entydig,udledt,0 hjemme- og 1 udesejre mangler blandt 1 ukendte i holdkampen; alle ukendte må være away.,complete,0,1,,,10-3,- - -,- - -,complete,HD,Holte 2,Gladsaxe Søborg,0,1,ikke relevant
13683,2596,49681,2013-03-24,,away,holdresultat,entydig,udledt,0 hjemme- og 2 udesejre mangler blandt 2 ukendte i holdkampen; alle ukendte må være away.,complete,0,2,,,5-7,- - -,- - -,complete,MD,Gentofte 3,Gladsaxe Søborg 2,0,2,ikke relevant
13687,2596,49681,2013-03-24,,away,holdresultat,entydig,udledt,0 hjemme- og 2 udesejre mangler blandt 2 ukendte i holdkampen; alle ukendte må være away.,complete,0,2,,,5-7,- - -,- - -,complete,DD,Gentofte 3,Gladsaxe Søborg 2,0,2,ikke relevant
13854,2610,49765,2013-03-24,,away,holdresultat,entydig,udledt,0 hjemme- og 2 udesejre mangler blandt 2 ukendte i holdkampen; alle ukendte må være away.,complete,0,2,,,4-8,- - -,- - -,complete,MD,Drive 4,Gladsaxe Søborg 4,0,2,ikke relevant
13856,2610,49765,2013-03-24,,away,holdresultat,entydig,udledt,0 hjemme- og 2 udesejre mangler blandt 2 ukendte i holdkampen; alle ukendte må være away.,complete,0,2,,,4-8,- - -,- - -,complete,DD,Drive 4,Gladsaxe Søborg 4,0,2,ikke relevant
13915,2617,48987,2013-04-07,,away,holdresultat,entydig,udledt,0 hjemme- og 1 udesejre mangler blandt 1 ukendte i holdkampen; alle ukendte må være away.,complete,0,1,,,1-7,- - -,- - -,complete,DD,FKIF Frederiksberg,Gladsaxe Søborg,0,1,ikke relevant
12372,2428,94206,2013-09-08,,home,holdresultat,entydig,udledt,2 hjemme- og 0 udesejre mangler blandt 2 ukendte i holdkampen; alle ukendte må være home.,complete,0,2,,,9-4,- - -,- - -,complete,DS,Gladsaxe Søborg,Hvidovre 3,2,0,ikke relevant
12378,2428,94206,2013-09-08,,home,holdresultat,entydig,udledt,2 hjemme- og 0 udesejre mangler blandt 2 ukendte i holdkampen; alle ukendte må være home.,complete,0,2,,,9-4,- - -,- - -,complete,DD,Gladsaxe Søborg,Hvidovre 3,2,0,ikke relevant
12265,2387,96002,2013-10-06,,home,holdresultat,entydig,udledt,2 hjemme- og 0 udesejre mangler blandt 2 ukendte i holdkampen; alle ukendte må være home.,complete,0,2,,,4-4,- - -,- - -,complete,HS,Gladsaxe Søborg,NBK Amager,2,0,ikke relevant
12268,2387,96002,2013-10-06,,home,holdresultat,entydig,udledt,2 hjemme- og 0 udesejre mangler blandt 2 ukendte i holdkampen; alle ukendte må være home.,complete,0,2,,,4-4,- - -,- - -,complete,HD,Gladsaxe Søborg,NBK Amager,2,0,ikke relevant
12557,2442,96701,2013-10-06,,home,holdresultat,entydig,udledt,3 hjemme- og 0 udesejre mangler blandt 3 ukendte i holdkampen; alle ukendte må være home.,complete,0,3,,,9-4,- - -,- - -,complete,HS,Skovshoved 5,Gladsaxe Søborg 3,3,0,ikke relevant
12558,2442,96701,2013-10-06,,home,holdresultat,entydig,udledt,3 hjemme- og 0 udesejre mangler blandt 3 ukendte i holdkampen; alle ukendte må være home.,complete,0,3,,,9-4,- - -,- - -,complete,HS,Skovshoved 5,Gladsaxe Søborg 3,3,0,ikke relevant
12563,2442,96701,2013-10-06,,home,holdresultat,entydig,udledt,3 hjemme- og 0 udesejre mangler blandt 3 ukendte i holdkampen; alle ukendte må være home.,complete,0,3,,,9-4,- - -,- - -,complete,HD,Skovshoved 5,Gladsaxe Søborg 3,3,0,ikke relevant
12745,2457,98375,2013-10-06,G,away,holdresultat,entydig,udledt,0 hjemme- og 2 udesejre mangler blandt 2 ukendte i holdkampen; alle ukendte må være away.,browser_zero_score,0,2,,,8-4,0,0,browser_zero_score,HD,Frederiksberg,Gladsaxe Søborg 2,0,2,ikke relevant
12749,2457,98375,2013-10-06,G,away,holdresultat,entydig,udledt,0 hjemme- og 2 udesejre mangler blandt 2 ukendte i holdkampen; alle ukendte må være away.,browser_zero_score,0,2,,,8-4,0,0,browser_zero_score,HD,Frederiksberg,Gladsaxe Søborg 2,0,2,ikke relevant
12825,2464,98402,2013-10-06,,home,holdresultat,entydig,udledt,4 hjemme- og 0 udesejre mangler blandt 4 ukendte i holdkampen; alle ukendte må være home.,complete,0,4,,,12-0,- - -,- - -,complete,MD,KMB2010 2,Gladsaxe Søborg 3,4,0,ikke relevant
12826,2464,98402,2013-10-06,,home,holdresultat,entydig,udledt,4 hjemme- og 0 udesejre mangler blandt 4 ukendte i holdkampen; alle ukendte må være home.,complete,0,4,,,12-0,- - -,- - -,complete,MD,KMB2010 2,Gladsaxe Søborg 3,4,0,ikke relevant
12828,2464,98402,2013-10-06,,home,holdresultat,entydig,udledt,4 hjemme- og 0 udesejre mangler blandt 4 ukendte i holdkampen; alle ukendte må være home.,complete,0,4,,,12-0,- - -,- - -,complete,DD,KMB2010 2,Gladsaxe Søborg 3,4,0,ikke relevant
12832,2464,98402,2013-10-06,,home,holdresultat,entydig,udledt,4 hjemme- og 0 udesejre mangler blandt 4 ukendte i holdkampen; alle ukendte må være home.,complete,0,4,,,12-0,- - -,- - -,complete,HD,KMB2010 2,Gladsaxe Søborg 3,4,0,ikke relevant
13053,2485,97638,2013-10-06,,away,holdresultat,entydig,udledt,0 hjemme- og 1 udesejre mangler blandt 1 ukendte i holdkampen; alle ukendte må være away.,complete,0,1,,,1-7,- - -,- - -,complete,HD,Gladsaxe Søborg 2,Gentofte 2,0,1,ikke relevant
12844,2465,98545,2013-10-27,,home,holdresultat,entydig,udledt,2 hjemme- og 0 udesejre mangler blandt 2 ukendte i holdkampen; alle ukendte må være home.,complete,0,2,,,7-5,- - -,- - -,complete,HD,Hvidovre 3,Gladsaxe Søborg 3,2,0,ikke relevant
12846,2465,98545,2013-10-27,,home,holdresultat,entydig,udledt,2 hjemme- og 0 udesejre mangler blandt 2 ukendte i holdkampen; alle ukendte må være home.,complete,0,2,,,7-5,- - -,- - -,complete,HD,Hvidovre 3,Gladsaxe Søborg 3,2,0,ikke relevant
12999,2479,97518,2013-10-27,,home,holdresultat,entydig,udledt,3 hjemme- og 0 udesejre mangler blandt 3 ukendte i holdkampen; alle ukendte må være home.,complete,0,3,,,5-3,- - -,- - -,complete,MD,Gladsaxe Søborg,KBK Kbh.,3,0,ikke relevant
13000,2479,97518,2013-10-27,,home,holdresultat,entydig,udledt,3 hjemme- og 0 udesejre mangler blandt 3 ukendte i holdkampen; alle ukendte må være home.,complete,0,3,,,5-3,- - -,- - -,complete,MD,Gladsaxe Søborg,KBK Kbh.,3,0,ikke relevant
13003,2479,97518,2013-10-27,,home,holdresultat,entydig,udledt,3 hjemme- og 0 udesejre mangler blandt 3 ukendte i holdkampen; alle ukendte må være home.,complete,0,3,,,5-3,- - -,- - -,complete,DD,Gladsaxe Søborg,KBK Kbh.,3,0,ikke relevant
13055,2486,97642,2013-10-27,,home,holdresultat,entydig,udledt,8 hjemme- og 0 udesejre mangler blandt 8 ukendte i holdkampen; alle ukendte må være home.,complete,0,8,,,8-0,- - -,- - -,complete,MD,Drive,Gladsaxe Søborg 2,8,0,ikke relevant
13056,2486,97642,2013-10-27,,home,holdresultat,entydig,udledt,8 hjemme- og 0 udesejre mangler blandt 8 ukendte i holdkampen; alle ukendte må være home.,complete,0,8,,,8-0,- - -,- - -,complete,MD,Drive,Gladsaxe Søborg 2,8,0,ikke relevant
13057,2486,97642,2013-10-27,,home,holdresultat,entydig,udledt,8 hjemme- og 0 udesejre mangler blandt 8 ukendte i holdkampen; alle ukendte må være home.,complete,0,8,,,8-0,- - -,- - -,complete,HD,Drive,Gladsaxe Søborg 2,8,0,ikke relevant
13058,2486,97642,2013-10-27,,home,holdresultat,entydig,udledt,8 hjemme- og 0 udesejre mangler blandt 8 ukendte i holdkampen; alle ukendte må være home.,complete,0,8,,,8-0,- - -,- - -,complete,HD,Drive,Gladsaxe Søborg 2,8,0,ikke relevant
13059,2486,97642,2013-10-27,,home,holdresultat,entydig,udledt,8 hjemme- og 0 udesejre mangler blandt 8 ukendte i holdkampen; alle ukendte må være home.,complete,0,8,,,8-0,- - -,- - -,complete,DD,Drive,Gladsaxe Søborg 2,8,0,ikke relevant
13060,2486,97642,2013-10-27,,home,holdresultat,entydig,udledt,8 hjemme- og 0 udesejre mangler blandt 8 ukendte i holdkampen; alle ukendte må være home.,complete,0,8,,,8-0,- - -,- - -,complete,HD,Drive,Gladsaxe Søborg 2,8,0,ikke relevant
13061,2486,97642,2013-10-27,,home,holdresultat,entydig,udledt,8 hjemme- og 0 udesejre mangler blandt 8 ukendte i holdkampen; alle ukendte må være home.,complete,0,8,,,8-0,- - -,- - -,complete,HD,Drive,Gladsaxe Søborg 2,8,0,ikke relevant
13062,2486,97642,2013-10-27,,home,holdresultat,entydig,udledt,8 hjemme- og 0 udesejre mangler blandt 8 ukendte i holdkampen; alle ukendte må være home.,complete,0,8,,,8-0,- - -,- - -,complete,HD,Drive,Gladsaxe Søborg 2,8,0,ikke relevant
12281,2389,96006,2013-11-17,,,holdresultat ikke entydigt,uafklaret,uafklaret,Holdresultatet efter kendte sejre efterlader 1 hjemme- og 1 udesejre blandt 2 ukendte; udfaldet er ikke entydigt.,complete,0,2,,,3-5,- - -,- - -,complete,HS,Gladsaxe Søborg,KBK Kbh. 3,1,1,ikke relevant
12284,2389,96006,2013-11-17,,,holdresultat ikke entydigt,uafklaret,uafklaret,Holdresultatet efter kendte sejre efterlader 1 hjemme- og 1 udesejre blandt 2 ukendte; udfaldet er ikke entydigt.,complete,0,2,,,3-5,- - -,- - -,complete,HD,Gladsaxe Søborg,KBK Kbh. 3,1,1,ikke relevant
12432,2432,94222,2013-11-17,G,home,"holdresultat (G, delvist scoret)",entydig,udledt,1 hjemme- og 0 udesejre mangler blandt 1 ukendte i holdkampen; alle ukendte må være home. G-markør og 2 scorede sæt er forenelige med afgørelse efter kampstart; hvem der trak sig kan ikke ses i rækkedata.,api_repaired,2,1,,,10-3,21-12,18-13,api_repaired,HD,Gladsaxe Søborg,Næstved,1,0,ikke relevant
12579,2444,96709,2013-11-17,,home,holdresultat,entydig,udledt,4 hjemme- og 0 udesejre mangler blandt 4 ukendte i holdkampen; alle ukendte må være home.,complete,0,4,,,12-1,- - -,- - -,complete,DS,Gladsaxe Søborg 3,KBK Kbh. 7,4,0,ikke relevant
12580,2444,96709,2013-11-17,,home,holdresultat,entydig,udledt,4 hjemme- og 0 udesejre mangler blandt 4 ukendte i holdkampen; alle ukendte må være home.,complete,0,4,,,12-1,- - -,- - -,complete,DS,Gladsaxe Søborg 3,KBK Kbh. 7,4,0,ikke relevant
12586,2444,96709,2013-11-17,,home,holdresultat,entydig,udledt,4 hjemme- og 0 udesejre mangler blandt 4 ukendte i holdkampen; alle ukendte må være home.,complete,0,4,,,12-1,- - -,- - -,complete,DD,Gladsaxe Søborg 3,KBK Kbh. 7,4,0,ikke relevant
12589,2444,96709,2013-11-17,,home,holdresultat,entydig,udledt,4 hjemme- og 0 udesejre mangler blandt 4 ukendte i holdkampen; alle ukendte må være home.,complete,0,4,,,12-1,- - -,- - -,complete,HD,Gladsaxe Søborg 3,KBK Kbh. 7,4,0,ikke relevant
13119,2494,97680,2013-11-17,,,holdresultat ikke entydigt,uafklaret,uafklaret,Holdresultatet efter kendte sejre efterlader 4 hjemme- og 4 udesejre blandt 8 ukendte; udfaldet er ikke entydigt.,complete,0,8,,,4-4,- - -,- - -,complete,MD,Skovshoved 2,Gladsaxe Søborg 3,4,4,ikke relevant
13120,2494,97680,2013-11-17,,,holdresultat ikke entydigt,uafklaret,uafklaret,Holdresultatet efter kendte sejre efterlader 4 hjemme- og 4 udesejre blandt 8 ukendte; udfaldet er ikke entydigt.,complete,0,8,,,4-4,- - -,- - -,complete,MD,Skovshoved 2,Gladsaxe Søborg 3,4,4,ikke relevant
13121,2494,97680,2013-11-17,,,holdresultat ikke entydigt,uafklaret,uafklaret,Holdresultatet efter kendte sejre efterlader 4 hjemme- og 4 udesejre blandt 8 ukendte; udfaldet er ikke entydigt.,complete,0,8,,,4-4,- - -,- - -,complete,HD,Skovshoved 2,Gladsaxe Søborg 3,4,4,ikke relevant
13122,2494,97680,2013-11-17,,,holdresultat ikke entydigt,uafklaret,uafklaret,Holdresultatet efter kendte sejre efterlader 4 hjemme- og 4 udesejre blandt 8 ukendte; udfaldet er ikke entydigt.,complete,0,8,,,4-4,- - -,- - -,complete,HD,Skovshoved 2,Gladsaxe Søborg 3,4,4,ikke relevant
13123,2494,97680,2013-11-17,,,holdresultat ikke entydigt,uafklaret,uafklaret,Holdresultatet efter kendte sejre efterlader 4 hjemme- og 4 udesejre blandt 8 ukendte; udfaldet er ikke entydigt.,complete,0,8,,,4-4,- - -,- - -,complete,DD,Skovshoved 2,Gladsaxe Søborg 3,4,4,ikke relevant
13124,2494,97680,2013-11-17,,,holdresultat ikke entydigt,uafklaret,uafklaret,Holdresultatet efter kendte sejre efterlader 4 hjemme- og 4 udesejre blandt 8 ukendte; udfaldet er ikke entydigt.,complete,0,8,,,4-4,- - -,- - -,complete,HD,Skovshoved 2,Gladsaxe Søborg 3,4,4,ikke relevant
13125,2494,97680,2013-11-17,,,holdresultat ikke entydigt,uafklaret,uafklaret,Holdresultatet efter kendte sejre efterlader 4 hjemme- og 4 udesejre blandt 8 ukendte; udfaldet er ikke entydigt.,complete,0,8,,,4-4,- - -,- - -,complete,HD,Skovshoved 2,Gladsaxe Søborg 3,4,4,ikke relevant
13126,2494,97680,2013-11-17,,,holdresultat ikke entydigt,uafklaret,uafklaret,Holdresultatet efter kendte sejre efterlader 4 hjemme- og 4 udesejre blandt 8 ukendte; udfaldet er ikke entydigt.,complete,0,8,,,4-4,- - -,- - -,complete,HD,Skovshoved 2,Gladsaxe Søborg 3,4,4,ikke relevant
12290,2390,96008,2014-01-12,,away,holdresultat,entydig,udledt,0 hjemme- og 1 udesejre mangler blandt 1 ukendte i holdkampen; alle ukendte må være away.,complete,0,1,(Ikke fremmødt),,4-4,- - -,- - -,complete,DD,Frederiksberg 2,Gladsaxe Søborg,0,1,ikke relevant
12779,2460,98385,2014-01-12,,away,holdresultat,entydig,udledt,0 hjemme- og 1 udesejre mangler blandt 1 ukendte i holdkampen; alle ukendte må være away.,complete,0,1,,,11-1,- - -,- - -,complete,DD,FKIF Frederiksberg,Gladsaxe Søborg 2,0,1,ikke relevant
12328,2424,135908,2014-02-02,,home,holdresultat,entydig,udledt,1 hjemme- og 0 udesejre mangler blandt 1 ukendte i holdkampen; alle ukendte må være home.,complete,0,1,,,10-3,- - -,- - -,complete,HD,Køge-Strøby,Gladsaxe Søborg,1,0,ikke relevant
12532,2440,96518,2014-02-02,G,,holdresultat ikke entydigt,uafklaret,uafklaret,Holdresultatet efter kendte sejre efterlader -4 hjemme- og 6 udesejre blandt 2 ukendte; udfaldet er ikke entydigt. G-markør med 2 scorede sæt identificerer ikke i sig selv den tilbagetrukne side.,api_repaired,2,2,,,4-9,21-13,19-17,api_repaired,HS,NBK Amager 2,Gladsaxe Søborg 2,-4,6,ikke relevant
12537,2440,96518,2014-02-02,G,,holdresultat ikke entydigt,uafklaret,uafklaret,Holdresultatet efter kendte sejre efterlader -4 hjemme- og 6 udesejre blandt 2 ukendte; udfaldet er ikke entydigt.,browser_zero_score,0,2,,,4-9,0,0,browser_zero_score,HD,NBK Amager 2,Gladsaxe Søborg 2,-4,6,ikke relevant
12874,2468,98552,2014-02-02,,home,holdresultat,entydig,udledt,1 hjemme- og 0 udesejre mangler blandt 1 ukendte i holdkampen; alle ukendte må være home.,complete,0,1,,,7-5,- - -,- - -,complete,MD,KBK Kbh. 3,Gladsaxe Søborg 3,1,0,ikke relevant
12305,2392,100369,2014-02-23,,away,holdresultat,entydig,udledt,0 hjemme- og 2 udesejre mangler blandt 2 ukendte i holdkampen; alle ukendte må være away.,complete,0,2,(Ikke fremmødt),,5-3,- - -,- - -,complete,HS,Gladsaxe Søborg,Valby BC,0,2,ikke relevant
12308,2392,100369,2014-02-23,,away,holdresultat,entydig,udledt,0 hjemme- og 2 udesejre mangler blandt 2 ukendte i holdkampen; alle ukendte må være away.,complete,0,2,(Ikke fremmødt),,5-3,- - -,- - -,complete,HD,Gladsaxe Søborg,Valby BC,0,2,ikke relevant
12309,2393,96018,2014-03-09,,home,holdresultat,entydig,udledt,3 hjemme- og 0 udesejre mangler blandt 3 ukendte i holdkampen; alle ukendte må være home.,complete,0,3,,,6-2,- - -,- - -,complete,MD,Gladsaxe Søborg,Charlottenlund 2,3,0,ikke relevant
12310,2393,96018,2014-03-09,,home,holdresultat,entydig,udledt,3 hjemme- og 0 udesejre mangler blandt 3 ukendte i holdkampen; alle ukendte må være home.,complete,0,3,,,6-2,- - -,- - -,complete,DS,Gladsaxe Søborg,Charlottenlund 2,3,0,ikke relevant
12314,2393,96018,2014-03-09,,home,holdresultat,entydig,udledt,3 hjemme- og 0 udesejre mangler blandt 3 ukendte i holdkampen; alle ukendte må være home.,complete,0,3,,,6-2,- - -,- - -,complete,DD,Gladsaxe Søborg,Charlottenlund 2,3,0,ikke relevant
12352,2426,135918,2014-03-09,,away,holdresultat,entydig,udledt,0 hjemme- og 1 udesejre mangler blandt 1 ukendte i holdkampen; alle ukendte må være away.,complete,0,1,,,10-3,- - -,- - -,complete,DD,Solrød Strand 4,Gladsaxe Søborg,0,1,ikke relevant
12545,2441,96520,2014-03-09,,home,holdresultat,entydig,udledt,3 hjemme- og 0 udesejre mangler blandt 3 ukendte i holdkampen; alle ukendte må være home.,complete,0,3,,,11-2,- - -,- - -,complete,HS,Gladsaxe Søborg 2,Pan Kbh.,3,0,ikke relevant
12547,2441,96520,2014-03-09,,home,holdresultat,entydig,udledt,3 hjemme- og 0 udesejre mangler blandt 3 ukendte i holdkampen; alle ukendte må være home.,complete,0,3,,,11-2,- - -,- - -,complete,DD,Gladsaxe Søborg 2,Pan Kbh.,3,0,ikke relevant
12550,2441,96520,2014-03-09,,home,holdresultat,entydig,udledt,3 hjemme- og 0 udesejre mangler blandt 3 ukendte i holdkampen; alle ukendte må være home.,complete,0,3,,,11-2,- - -,- - -,complete,HD,Gladsaxe Søborg 2,Pan Kbh.,3,0,ikke relevant
12724,2455,98366,2014-03-09,,home,holdresultat,entydig,udledt,2 hjemme- og 0 udesejre mangler blandt 2 ukendte i holdkampen; alle ukendte må være home.,complete,0,2,,,8-4,- - -,- - -,complete,HD,Gladsaxe Søborg,KMB2010,2,0,ikke relevant
12726,2455,98366,2014-03-09,,home,holdresultat,entydig,udledt,2 hjemme- og 0 udesejre mangler blandt 2 ukendte i holdkampen; alle ukendte må være home.,complete,0,2,,,8-4,- - -,- - -,complete,HD,Gladsaxe Søborg,KMB2010,2,0,ikke relevant
13040,2484,97537,2014-03-30,,home,holdresultat,entydig,udledt,2 hjemme- og 0 udesejre mangler blandt 2 ukendte i holdkampen; alle ukendte må være home.,complete,0,2,(Ikke fremmødt),,2-6,- - -,- - -,complete,MD,Gladsaxe Søborg,Charlottenlund,2,0,ikke relevant
13043,2484,97537,2014-03-30,,home,holdresultat,entydig,udledt,2 hjemme- og 0 udesejre mangler blandt 2 ukendte i holdkampen; alle ukendte må være home.,complete,0,2,(Ikke fremmødt),,2-6,- - -,- - -,complete,DD,Gladsaxe Søborg,Charlottenlund,2,0,ikke relevant
11492,2300,141343,2014-09-21,,home,holdresultat,entydig,udledt,2 hjemme- og 0 udesejre mangler blandt 2 ukendte i holdkampen; alle ukendte må være home.,complete,0,2,,,8-5,- - -,- - -,complete,DS,Gladsaxe Søborg 2,KSI Badmintonklub Kbh.,2,0,ikke relevant
11498,2300,141343,2014-09-21,,home,holdresultat,entydig,udledt,2 hjemme- og 0 udesejre mangler blandt 2 ukendte i holdkampen; alle ukendte må være home.,complete,0,2,,,8-5,- - -,- - -,complete,DD,Gladsaxe Søborg 2,KSI Badmintonklub Kbh.,2,0,ikke relevant
11888,2331,141990,2014-09-28,,away,holdresultat,entydig,udledt,0 hjemme- og 2 udesejre mangler blandt 2 ukendte i holdkampen; alle ukendte må være away.,complete,0,2,,,8-4,- - -,- - -,complete,MD,Gladsaxe Søborg 3,FKIF Frederiksberg 3,0,2,ikke relevant
11890,2331,141990,2014-09-28,,away,holdresultat,entydig,udledt,0 hjemme- og 2 udesejre mangler blandt 2 ukendte i holdkampen; alle ukendte må være away.,complete,0,2,,,8-4,- - -,- - -,complete,DD,Gladsaxe Søborg 3,FKIF Frederiksberg 3,0,2,ikke relevant
11960,2338,142044,2014-09-28,,home,holdresultat,entydig,udledt,2 hjemme- og 0 udesejre mangler blandt 2 ukendte i holdkampen; alle ukendte må være home.,complete,0,2,,,8-4,- - -,- - -,complete,MD,Gladsaxe Søborg 4,Amager ABC 3,2,0,ikke relevant
11962,2338,142044,2014-09-28,,home,holdresultat,entydig,udledt,2 hjemme- og 0 udesejre mangler blandt 2 ukendte i holdkampen; alle ukendte må være home.,complete,0,2,,,8-4,- - -,- - -,complete,DD,Gladsaxe Søborg 4,Amager ABC 3,2,0,ikke relevant
11726,2318,141855,2014-10-12,,home,holdresultat,entydig,udledt,2 hjemme- og 0 udesejre mangler blandt 2 ukendte i holdkampen; alle ukendte må være home.,complete,0,2,,,2-11,- - -,- - -,complete,MD,Gladsaxe Søborg,Amager ABC,2,0,ikke relevant
11730,2318,141855,2014-10-12,,home,holdresultat,entydig,udledt,2 hjemme- og 0 udesejre mangler blandt 2 ukendte i holdkampen; alle ukendte må være home.,complete,0,2,,,2-11,- - -,- - -,complete,DD,Gladsaxe Søborg,Amager ABC,2,0,ikke relevant
11425,2295,144420,2014-10-26,G,away,"holdresultat (G, delvist scoret)",entydig,udledt,0 hjemme- og 2 udesejre mangler blandt 2 ukendte i holdkampen; alle ukendte må være away. G-markør og 2 scorede sæt er forenelige med afgørelse efter kampstart; hvem der trak sig kan ikke ses i rækkedata.,api_repaired,2,2,,,8-5,21-16,18-20,api_repaired,MD,Næstved,Gladsaxe Søborg,0,2,ikke relevant
11435,2295,144420,2014-10-26,,away,holdresultat,entydig,udledt,0 hjemme- og 2 udesejre mangler blandt 2 ukendte i holdkampen; alle ukendte må være away.,complete,0,2,,,8-5,- - -,- - -,complete,HD,Næstved,Gladsaxe Søborg,0,2,ikke relevant
12045,2347,143064,2014-11-30,,home,holdresultat,entydig,udledt,8 hjemme- og 0 udesejre mangler blandt 8 ukendte i holdkampen; alle ukendte må være home.,complete,0,8,,,8-0,- - -,- - -,complete,MD,Gladsaxe Søborg,Amager ABC,8,0,ikke relevant
12046,2347,143064,2014-11-30,,home,holdresultat,entydig,udledt,8 hjemme- og 0 udesejre mangler blandt 8 ukendte i holdkampen; alle ukendte må være home.,complete,0,8,,,8-0,- - -,- - -,complete,MD,Gladsaxe Søborg,Amager ABC,8,0,ikke relevant
12047,2347,143064,2014-11-30,,home,holdresultat,entydig,udledt,8 hjemme- og 0 udesejre mangler blandt 8 ukendte i holdkampen; alle ukendte må være home.,complete,0,8,,,8-0,- - -,- - -,complete,HD,Gladsaxe Søborg,Amager ABC,8,0,ikke relevant
12048,2347,143064,2014-11-30,,home,holdresultat,entydig,udledt,8 hjemme- og 0 udesejre mangler blandt 8 ukendte i holdkampen; alle ukendte må være home.,complete,0,8,,,8-0,- - -,- - -,complete,HD,Gladsaxe Søborg,Amager ABC,8,0,ikke relevant
12049,2347,143064,2014-11-30,,home,holdresultat,entydig,udledt,8 hjemme- og 0 udesejre mangler blandt 8 ukendte i holdkampen; alle ukendte må være home.,complete,0,8,,,8-0,- - -,- - -,complete,DD,Gladsaxe Søborg,Amager ABC,8,0,ikke relevant
12050,2347,143064,2014-11-30,,home,holdresultat,entydig,udledt,8 hjemme- og 0 udesejre mangler blandt 8 ukendte i holdkampen; alle ukendte må være home.,complete,0,8,,,8-0,- - -,- - -,complete,HD,Gladsaxe Søborg,Amager ABC,8,0,ikke relevant
12051,2347,143064,2014-11-30,,home,holdresultat,entydig,udledt,8 hjemme- og 0 udesejre mangler blandt 8 ukendte i holdkampen; alle ukendte må være home.,complete,0,8,,,8-0,- - -,- - -,complete,HD,Gladsaxe Søborg,Amager ABC,8,0,ikke relevant
12052,2347,143064,2014-11-30,,home,holdresultat,entydig,udledt,8 hjemme- og 0 udesejre mangler blandt 8 ukendte i holdkampen; alle ukendte må være home.,complete,0,8,,,8-0,- - -,- - -,complete,HD,Gladsaxe Søborg,Amager ABC,8,0,ikke relevant
11542,2304,141357,2014-12-07,C,home,holdresultat,entydig,udledt,2 hjemme- og 0 udesejre mangler blandt 2 ukendte i holdkampen; alle ukendte må være home.,api_repaired,2,2,,,13-0,19-21-5,21-18-5,api_repaired,MD,Charlottenlund 2,Gladsaxe Søborg 2,2,0,ikke relevant
11551,2304,141357,2014-12-07,,home,holdresultat,entydig,udledt,2 hjemme- og 0 udesejre mangler blandt 2 ukendte i holdkampen; alle ukendte må være home.,complete,0,2,,,13-0,- - -,- - -,complete,HD,Charlottenlund 2,Gladsaxe Søborg 2,2,0,ikke relevant
11984,2341,142056,2014-12-14,,away,holdresultat,entydig,udledt,0 hjemme- og 1 udesejre mangler blandt 1 ukendte i holdkampen; alle ukendte må være away.,complete,0,1,,,7-5,- - -,- - -,complete,MD,Gladsaxe Søborg 4,Drive 4,0,1,ikke relevant
11691,2315,141468,2015-01-18,,,holdresultat ikke entydigt,uafklaret,uafklaret,Holdresultatet efter kendte sejre efterlader 1 hjemme- og 2 udesejre blandt 3 ukendte; udfaldet er ikke entydigt.,complete,0,3,,,2-11,- - -,- - -,complete,HS,KBK Kbh. 6,Gladsaxe Søborg 3,1,2,ikke relevant
11694,2315,141468,2015-01-18,K,,holdresultat ikke entydigt,uafklaret,uafklaret,Holdresultatet efter kendte sejre efterlader 1 hjemme- og 2 udesejre blandt 3 ukendte; udfaldet er ikke entydigt.,api_repaired,2,3,,,2-11,21-14,19-21,api_repaired,HD,KBK Kbh. 6,Gladsaxe Søborg 3,1,2,ikke relevant
11696,2315,141468,2015-01-18,,,holdresultat ikke entydigt,uafklaret,uafklaret,Holdresultatet efter kendte sejre efterlader 1 hjemme- og 2 udesejre blandt 3 ukendte; udfaldet er ikke entydigt.,complete,0,3,,,2-11,- - -,- - -,complete,HD,KBK Kbh. 6,Gladsaxe Søborg 3,1,2,ikke relevant
11767,2321,141867,2015-01-18,,away,holdresultat,entydig,udledt,0 hjemme- og 2 udesejre mangler blandt 2 ukendte i holdkampen; alle ukendte må være away.,complete,0,2,,,0-13,- - -,- - -,complete,HS,Gladsaxe Søborg,Skovshoved,0,2,ikke relevant
11773,2321,141867,2015-01-18,,away,holdresultat,entydig,udledt,0 hjemme- og 2 udesejre mangler blandt 2 ukendte i holdkampen; alle ukendte må være away.,complete,0,2,,,0-13,- - -,- - -,complete,HD,Gladsaxe Søborg,Skovshoved,0,2,ikke relevant
12112,2355,141692,2015-01-18,,away,holdresultat,entydig,udledt,0 hjemme- og 1 udesejre mangler blandt 1 ukendte i holdkampen; alle ukendte må være away.,complete,0,1,,,6-2,- - -,- - -,complete,HD,KBK Kbh.,Gladsaxe Søborg 2,0,1,ikke relevant
11326,2249,142263,2015-03-08,,,holdresultat ikke entydigt,uafklaret,uafklaret,Holdresultatet efter kendte sejre efterlader 1 hjemme- og 3 udesejre blandt 4 ukendte; udfaldet er ikke entydigt.,complete,0,4,,,5-3,- - -,- - -,complete,DS,Gladsaxe Søborg,Frederiksberg,1,3,ikke relevant
11328,2249,142263,2015-03-08,,,holdresultat ikke entydigt,uafklaret,uafklaret,Holdresultatet efter kendte sejre efterlader 1 hjemme- og 3 udesejre blandt 4 ukendte; udfaldet er ikke entydigt.,complete,0,4,,,5-3,- - -,- - -,complete,HS,Gladsaxe Søborg,Frederiksberg,1,3,ikke relevant
11330,2249,142263,2015-03-08,,,holdresultat ikke entydigt,uafklaret,uafklaret,Holdresultatet efter kendte sejre efterlader 1 hjemme- og 3 udesejre blandt 4 ukendte; udfaldet er ikke entydigt.,complete,0,4,,,5-3,- - -,- - -,complete,DD,Gladsaxe Søborg,Frederiksberg,1,3,ikke relevant
11332,2249,142263,2015-03-08,,,holdresultat ikke entydigt,uafklaret,uafklaret,Holdresultatet efter kendte sejre efterlader 1 hjemme- og 3 udesejre blandt 4 ukendte; udfaldet er ikke entydigt.,complete,0,4,,,5-3,- - -,- - -,complete,HD,Gladsaxe Søborg,Frederiksberg,1,3,ikke relevant
11703,2316,141473,2015-03-15,,home,holdresultat,entydig,udledt,4 hjemme- og 0 udesejre mangler blandt 4 ukendte i holdkampen; alle ukendte må være home.,complete,0,4,,,8-5,- - -,- - -,complete,HS,Gladsaxe Søborg 3,Skovshoved 5,4,0,ikke relevant
11704,2316,141473,2015-03-15,,home,holdresultat,entydig,udledt,4 hjemme- og 0 udesejre mangler blandt 4 ukendte i holdkampen; alle ukendte må være home.,complete,0,4,,,8-5,- - -,- - -,complete,HS,Gladsaxe Søborg 3,Skovshoved 5,4,0,ikke relevant
11708,2316,141473,2015-03-15,,home,holdresultat,entydig,udledt,4 hjemme- og 0 udesejre mangler blandt 4 ukendte i holdkampen; alle ukendte må være home.,complete,0,4,,,8-5,- - -,- - -,complete,HD,Gladsaxe Søborg 3,Skovshoved 5,4,0,ikke relevant
11709,2316,141473,2015-03-15,,home,holdresultat,entydig,udledt,4 hjemme- og 0 udesejre mangler blandt 4 ukendte i holdkampen; alle ukendte må være home.,complete,0,4,,,8-5,- - -,- - -,complete,HD,Gladsaxe Søborg 3,Skovshoved 5,4,0,ikke relevant
11380,2291,188639,2015-03-22,S,home,holdresultat,entydig,udledt,1 hjemme- og 0 udesejre mangler blandt 1 ukendte i holdkampen; alle ukendte må være home.,api_repaired,2,1,,,9-4,21-19,14-21,api_repaired,DD,Skælskør,Gladsaxe Søborg,1,0,ikke relevant
11775,2322,141869,2015-03-29,,home,holdresultat,entydig,udledt,13 hjemme- og 0 udesejre mangler blandt 13 ukendte i holdkampen; alle ukendte må være home.,complete,0,13,,,13-0,- - -,- - -,complete,MD,Gentofte,Gladsaxe Søborg,13,0,ikke relevant
11776,2322,141869,2015-03-29,,home,holdresultat,entydig,udledt,13 hjemme- og 0 udesejre mangler blandt 13 ukendte i holdkampen; alle ukendte må være home.,complete,0,13,,,13-0,- - -,- - -,complete,MD,Gentofte,Gladsaxe Søborg,13,0,ikke relevant
11777,2322,141869,2015-03-29,,home,holdresultat,entydig,udledt,13 hjemme- og 0 udesejre mangler blandt 13 ukendte i holdkampen; alle ukendte må være home.,complete,0,13,,,13-0,- - -,- - -,complete,MD,Gentofte,Gladsaxe Søborg,13,0,ikke relevant
11778,2322,141869,2015-03-29,,home,holdresultat,entydig,udledt,13 hjemme- og 0 udesejre mangler blandt 13 ukendte i holdkampen; alle ukendte må være home.,complete,0,13,,,13-0,- - -,- - -,complete,MD,Gentofte,Gladsaxe Søborg,13,0,ikke relevant
11779,2322,141869,2015-03-29,,home,holdresultat,entydig,udledt,13 hjemme- og 0 udesejre mangler blandt 13 ukendte i holdkampen; alle ukendte må være home.,complete,0,13,,,13-0,- - -,- - -,complete,HS,Gentofte,Gladsaxe Søborg,13,0,ikke relevant
11780,2322,141869,2015-03-29,,home,holdresultat,entydig,udledt,13 hjemme- og 0 udesejre mangler blandt 13 ukendte i holdkampen; alle ukendte må være home.,complete,0,13,,,13-0,- - -,- - -,complete,HS,Gentofte,Gladsaxe Søborg,13,0,ikke relevant
11781,2322,141869,2015-03-29,,home,holdresultat,entydig,udledt,13 hjemme- og 0 udesejre mangler blandt 13 ukendte i holdkampen; alle ukendte må være home.,complete,0,13,,,13-0,- - -,- - -,complete,DD,Gentofte,Gladsaxe Søborg,13,0,ikke relevant
11782,2322,141869,2015-03-29,,home,holdresultat,entydig,udledt,13 hjemme- og 0 udesejre mangler blandt 13 ukendte i holdkampen; alle ukendte må være home.,complete,0,13,,,13-0,- - -,- - -,complete,DD,Gentofte,Gladsaxe Søborg,13,0,ikke relevant
11783,2322,141869,2015-03-29,,home,holdresultat,entydig,udledt,13 hjemme- og 0 udesejre mangler blandt 13 ukendte i holdkampen; alle ukendte må være home.,complete,0,13,,,13-0,- - -,- - -,complete,HD,Gentofte,Gladsaxe Søborg,13,0,ikke relevant
11784,2322,141869,2015-03-29,,home,holdresultat,entydig,udledt,13 hjemme- og 0 udesejre mangler blandt 13 ukendte i holdkampen; alle ukendte må være home.,complete,0,13,,,13-0,- - -,- - -,complete,HD,Gentofte,Gladsaxe Søborg,13,0,ikke relevant
11785,2322,141869,2015-03-29,,home,holdresultat,entydig,udledt,13 hjemme- og 0 udesejre mangler blandt 13 ukendte i holdkampen; alle ukendte må være home.,complete,0,13,,,13-0,- - -,- - -,complete,HD,Gentofte,Gladsaxe Søborg,13,0,ikke relevant
11786,2322,141869,2015-03-29,,home,holdresultat,entydig,udledt,13 hjemme- og 0 udesejre mangler blandt 13 ukendte i holdkampen; alle ukendte må være home.,complete,0,13,,,13-0,- - -,- - -,complete,HD,Gentofte,Gladsaxe Søborg,13,0,ikke relevant
11787,2322,141869,2015-03-29,,home,holdresultat,entydig,udledt,13 hjemme- og 0 udesejre mangler blandt 13 ukendte i holdkampen; alle ukendte må være home.,complete,0,13,,,13-0,- - -,- - -,complete,HD,Gentofte,Gladsaxe Søborg,13,0,ikke relevant
11933,2336,143115,2015-03-29,,away,holdresultat,entydig,udledt,0 hjemme- og 12 udesejre mangler blandt 12 ukendte i holdkampen; alle ukendte må være away.,complete,0,12,,,0-12,- - -,- - -,complete,MD,Tjenerne Kbh.,Gladsaxe Søborg 3,0,12,ikke relevant
11934,2336,143115,2015-03-29,,away,holdresultat,entydig,udledt,0 hjemme- og 12 udesejre mangler blandt 12 ukendte i holdkampen; alle ukendte må være away.,complete,0,12,,,0-12,- - -,- - -,complete,MD,Tjenerne Kbh.,Gladsaxe Søborg 3,0,12,ikke relevant
11935,2336,143115,2015-03-29,,away,holdresultat,entydig,udledt,0 hjemme- og 12 udesejre mangler blandt 12 ukendte i holdkampen; alle ukendte må være away.,complete,0,12,,,0-12,- - -,- - -,complete,MD,Tjenerne Kbh.,Gladsaxe Søborg 3,0,12,ikke relevant
11936,2336,143115,2015-03-29,,away,holdresultat,entydig,udledt,0 hjemme- og 12 udesejre mangler blandt 12 ukendte i holdkampen; alle ukendte må være away.,complete,0,12,,,0-12,- - -,- - -,complete,MD,Tjenerne Kbh.,Gladsaxe Søborg 3,0,12,ikke relevant
11937,2336,143115,2015-03-29,,away,holdresultat,entydig,udledt,0 hjemme- og 12 udesejre mangler blandt 12 ukendte i holdkampen; alle ukendte må være away.,complete,0,12,,,0-12,- - -,- - -,complete,DD,Tjenerne Kbh.,Gladsaxe Søborg 3,0,12,ikke relevant
11938,2336,143115,2015-03-29,,away,holdresultat,entydig,udledt,0 hjemme- og 12 udesejre mangler blandt 12 ukendte i holdkampen; alle ukendte må være away.,complete,0,12,,,0-12,- - -,- - -,complete,DD,Tjenerne Kbh.,Gladsaxe Søborg 3,0,12,ikke relevant
11939,2336,143115,2015-03-29,,away,holdresultat,entydig,udledt,0 hjemme- og 12 udesejre mangler blandt 12 ukendte i holdkampen; alle ukendte må være away.,complete,0,12,,,0-12,- - -,- - -,complete,HD,Tjenerne Kbh.,Gladsaxe Søborg 3,0,12,ikke relevant
11940,2336,143115,2015-03-29,,away,holdresultat,entydig,udledt,0 hjemme- og 12 udesejre mangler blandt 12 ukendte i holdkampen; alle ukendte må være away.,complete,0,12,,,0-12,- - -,- - -,complete,HD,Tjenerne Kbh.,Gladsaxe Søborg 3,0,12,ikke relevant
11941,2336,143115,2015-03-29,,away,holdresultat,entydig,udledt,0 hjemme- og 12 udesejre mangler blandt 12 ukendte i holdkampen; alle ukendte må være away.,complete,0,12,,,0-12,- - -,- - -,complete,HD,Tjenerne Kbh.,Gladsaxe Søborg 3,0,12,ikke relevant
11942,2336,143115,2015-03-29,,away,holdresultat,entydig,udledt,0 hjemme- og 12 udesejre mangler blandt 12 ukendte i holdkampen; alle ukendte må være away.,complete,0,12,,,0-12,- - -,- - -,complete,HD,Tjenerne Kbh.,Gladsaxe Søborg 3,0,12,ikke relevant
11943,2336,143115,2015-03-29,,away,holdresultat,entydig,udledt,0 hjemme- og 12 udesejre mangler blandt 12 ukendte i holdkampen; alle ukendte må være away.,complete,0,12,,,0-12,- - -,- - -,complete,HD,Tjenerne Kbh.,Gladsaxe Søborg 3,0,12,ikke relevant
11944,2336,143115,2015-03-29,,away,holdresultat,entydig,udledt,0 hjemme- og 12 udesejre mangler blandt 12 ukendte i holdkampen; alle ukendte må være away.,complete,0,12,,,0-12,- - -,- - -,complete,HD,Tjenerne Kbh.,Gladsaxe Søborg 3,0,12,ikke relevant
10523,2151,193719,2015-09-13,,home,holdresultat,entydig,udledt,12 hjemme- og 0 udesejre mangler blandt 12 ukendte i holdkampen; alle ukendte må være home.,complete,0,12,,,12-0,- - -,- - -,complete,MD,BK36 Kbh.,Gladsaxe Søborg 4,12,0,ikke relevant
10524,2151,193719,2015-09-13,,home,holdresultat,entydig,udledt,12 hjemme- og 0 udesejre mangler blandt 12 ukendte i holdkampen; alle ukendte må være home.,complete,0,12,,,12-0,- - -,- - -,complete,MD,BK36 Kbh.,Gladsaxe Søborg 4,12,0,ikke relevant
10525,2151,193719,2015-09-13,,home,holdresultat,entydig,udledt,12 hjemme- og 0 udesejre mangler blandt 12 ukendte i holdkampen; alle ukendte må være home.,complete,0,12,,,12-0,- - -,- - -,complete,MD,BK36 Kbh.,Gladsaxe Søborg 4,12,0,ikke relevant
10526,2151,193719,2015-09-13,,home,holdresultat,entydig,udledt,12 hjemme- og 0 udesejre mangler blandt 12 ukendte i holdkampen; alle ukendte må være home.,complete,0,12,,,12-0,- - -,- - -,complete,DS,BK36 Kbh.,Gladsaxe Søborg 4,12,0,ikke relevant
10527,2151,193719,2015-09-13,,home,holdresultat,entydig,udledt,12 hjemme- og 0 udesejre mangler blandt 12 ukendte i holdkampen; alle ukendte må være home.,complete,0,12,,,12-0,- - -,- - -,complete,HS,BK36 Kbh.,Gladsaxe Søborg 4,12,0,ikke relevant
10528,2151,193719,2015-09-13,,home,holdresultat,entydig,udledt,12 hjemme- og 0 udesejre mangler blandt 12 ukendte i holdkampen; alle ukendte må være home.,complete,0,12,,,12-0,- - -,- - -,complete,HS,BK36 Kbh.,Gladsaxe Søborg 4,12,0,ikke relevant
10529,2151,193719,2015-09-13,,home,holdresultat,entydig,udledt,12 hjemme- og 0 udesejre mangler blandt 12 ukendte i holdkampen; alle ukendte må være home.,complete,0,12,,,12-0,- - -,- - -,complete,HS,BK36 Kbh.,Gladsaxe Søborg 4,12,0,ikke relevant
10530,2151,193719,2015-09-13,,home,holdresultat,entydig,udledt,12 hjemme- og 0 udesejre mangler blandt 12 ukendte i holdkampen; alle ukendte må være home.,complete,0,12,,,12-0,- - -,- - -,complete,DD,BK36 Kbh.,Gladsaxe Søborg 4,12,0,ikke relevant
10531,2151,193719,2015-09-13,,home,holdresultat,entydig,udledt,12 hjemme- og 0 udesejre mangler blandt 12 ukendte i holdkampen; alle ukendte må være home.,complete,0,12,,,12-0,- - -,- - -,complete,DD,BK36 Kbh.,Gladsaxe Søborg 4,12,0,ikke relevant
10532,2151,193719,2015-09-13,,home,holdresultat,entydig,udledt,12 hjemme- og 0 udesejre mangler blandt 12 ukendte i holdkampen; alle ukendte må være home.,complete,0,12,,,12-0,- - -,- - -,complete,HD,BK36 Kbh.,Gladsaxe Søborg 4,12,0,ikke relevant
10533,2151,193719,2015-09-13,,home,holdresultat,entydig,udledt,12 hjemme- og 0 udesejre mangler blandt 12 ukendte i holdkampen; alle ukendte må være home.,complete,0,12,,,12-0,- - -,- - -,complete,HD,BK36 Kbh.,Gladsaxe Søborg 4,12,0,ikke relevant
10534,2151,193719,2015-09-13,,home,holdresultat,entydig,udledt,12 hjemme- og 0 udesejre mangler blandt 12 ukendte i holdkampen; alle ukendte må være home.,complete,0,12,,,12-0,- - -,- - -,complete,HD,BK36 Kbh.,Gladsaxe Søborg 4,12,0,ikke relevant
10685,2167,204917,2015-09-13,,home,holdresultat,entydig,udledt,12 hjemme- og 0 udesejre mangler blandt 12 ukendte i holdkampen; alle ukendte må være home.,complete,0,12,,,12-0,- - -,- - -,complete,MD,Valby BC 2,Gladsaxe Søborg 5,12,0,ikke relevant
10686,2167,204917,2015-09-13,,home,holdresultat,entydig,udledt,12 hjemme- og 0 udesejre mangler blandt 12 ukendte i holdkampen; alle ukendte må være home.,complete,0,12,,,12-0,- - -,- - -,complete,MD,Valby BC 2,Gladsaxe Søborg 5,12,0,ikke relevant
10687,2167,204917,2015-09-13,,home,holdresultat,entydig,udledt,12 hjemme- og 0 udesejre mangler blandt 12 ukendte i holdkampen; alle ukendte må være home.,complete,0,12,,,12-0,- - -,- - -,complete,MD,Valby BC 2,Gladsaxe Søborg 5,12,0,ikke relevant
10688,2167,204917,2015-09-13,,home,holdresultat,entydig,udledt,12 hjemme- og 0 udesejre mangler blandt 12 ukendte i holdkampen; alle ukendte må være home.,complete,0,12,,,12-0,- - -,- - -,complete,DS,Valby BC 2,Gladsaxe Søborg 5,12,0,ikke relevant
10689,2167,204917,2015-09-13,,home,holdresultat,entydig,udledt,12 hjemme- og 0 udesejre mangler blandt 12 ukendte i holdkampen; alle ukendte må være home.,complete,0,12,,,12-0,- - -,- - -,complete,HS,Valby BC 2,Gladsaxe Søborg 5,12,0,ikke relevant
10690,2167,204917,2015-09-13,,home,holdresultat,entydig,udledt,12 hjemme- og 0 udesejre mangler blandt 12 ukendte i holdkampen; alle ukendte må være home.,complete,0,12,,,12-0,- - -,- - -,complete,HS,Valby BC 2,Gladsaxe Søborg 5,12,0,ikke relevant
10691,2167,204917,2015-09-13,,home,holdresultat,entydig,udledt,12 hjemme- og 0 udesejre mangler blandt 12 ukendte i holdkampen; alle ukendte må være home.,complete,0,12,,,12-0,- - -,- - -,complete,HS,Valby BC 2,Gladsaxe Søborg 5,12,0,ikke relevant
10692,2167,204917,2015-09-13,,home,holdresultat,entydig,udledt,12 hjemme- og 0 udesejre mangler blandt 12 ukendte i holdkampen; alle ukendte må være home.,complete,0,12,,,12-0,- - -,- - -,complete,DD,Valby BC 2,Gladsaxe Søborg 5,12,0,ikke relevant
10693,2167,204917,2015-09-13,,home,holdresultat,entydig,udledt,12 hjemme- og 0 udesejre mangler blandt 12 ukendte i holdkampen; alle ukendte må være home.,complete,0,12,,,12-0,- - -,- - -,complete,DD,Valby BC 2,Gladsaxe Søborg 5,12,0,ikke relevant
10694,2167,204917,2015-09-13,,home,holdresultat,entydig,udledt,12 hjemme- og 0 udesejre mangler blandt 12 ukendte i holdkampen; alle ukendte må være home.,complete,0,12,,,12-0,- - -,- - -,complete,HD,Valby BC 2,Gladsaxe Søborg 5,12,0,ikke relevant
10695,2167,204917,2015-09-13,,home,holdresultat,entydig,udledt,12 hjemme- og 0 udesejre mangler blandt 12 ukendte i holdkampen; alle ukendte må være home.,complete,0,12,,,12-0,- - -,- - -,complete,HD,Valby BC 2,Gladsaxe Søborg 5,12,0,ikke relevant
10696,2167,204917,2015-09-13,,home,holdresultat,entydig,udledt,12 hjemme- og 0 udesejre mangler blandt 12 ukendte i holdkampen; alle ukendte må være home.,complete,0,12,,,12-0,- - -,- - -,complete,HD,Valby BC 2,Gladsaxe Søborg 5,12,0,ikke relevant
10225,2127,192710,2015-09-19,,away,holdresultat,entydig,udledt,0 hjemme- og 2 udesejre mangler blandt 2 ukendte i holdkampen; alle ukendte må være away.,complete,0,2,,,3-10,- - -,- - -,complete,MD,KBK Kbh. 3,Gladsaxe Søborg,0,2,ikke relevant
10236,2127,192710,2015-09-19,,away,holdresultat,entydig,udledt,0 hjemme- og 2 udesejre mangler blandt 2 ukendte i holdkampen; alle ukendte må være away.,complete,0,2,,,3-10,- - -,- - -,complete,HD,KBK Kbh. 3,Gladsaxe Søborg,0,2,ikke relevant
10324,2134,195031,2015-09-20,,home,holdresultat,entydig,udledt,1 hjemme- og 0 udesejre mangler blandt 1 ukendte i holdkampen; alle ukendte må være home.,complete,0,1,,,12-1,- - -,- - -,complete,DD,Lyngby 2,Gladsaxe Søborg 2,1,0,ikke relevant
10247,2128,192712,2015-10-03,,away,holdresultat,entydig,udledt,0 hjemme- og 1 udesejre mangler blandt 1 ukendte i holdkampen; alle ukendte må være away.,complete,0,1,,,6-7,- - -,- - -,complete,HD,FKIF Frederiksberg,Gladsaxe Søborg,0,1,ikke relevant
10973,2194,193404,2015-10-11,,home,holdresultat,entydig,udledt,12 hjemme- og 0 udesejre mangler blandt 12 ukendte i holdkampen; alle ukendte må være home.,complete,0,12,,,12-0,- - -,- - -,complete,MD,Gladsaxe Søborg 4,KBK Kbh. 3,12,0,ikke relevant
10974,2194,193404,2015-10-11,,home,holdresultat,entydig,udledt,12 hjemme- og 0 udesejre mangler blandt 12 ukendte i holdkampen; alle ukendte må være home.,complete,0,12,,,12-0,- - -,- - -,complete,MD,Gladsaxe Søborg 4,KBK Kbh. 3,12,0,ikke relevant
10975,2194,193404,2015-10-11,,home,holdresultat,entydig,udledt,12 hjemme- og 0 udesejre mangler blandt 12 ukendte i holdkampen; alle ukendte må være home.,complete,0,12,,,12-0,- - -,- - -,complete,MD,Gladsaxe Søborg 4,KBK Kbh. 3,12,0,ikke relevant
10976,2194,193404,2015-10-11,,home,holdresultat,entydig,udledt,12 hjemme- og 0 udesejre mangler blandt 12 ukendte i holdkampen; alle ukendte må være home.,complete,0,12,,,12-0,- - -,- - -,complete,MD,Gladsaxe Søborg 4,KBK Kbh. 3,12,0,ikke relevant
10977,2194,193404,2015-10-11,,home,holdresultat,entydig,udledt,12 hjemme- og 0 udesejre mangler blandt 12 ukendte i holdkampen; alle ukendte må være home.,complete,0,12,,,12-0,- - -,- - -,complete,DD,Gladsaxe Søborg 4,KBK Kbh. 3,12,0,ikke relevant
10978,2194,193404,2015-10-11,,home,holdresultat,entydig,udledt,12 hjemme- og 0 udesejre mangler blandt 12 ukendte i holdkampen; alle ukendte må være home.,complete,0,12,,,12-0,- - -,- - -,complete,DD,Gladsaxe Søborg 4,KBK Kbh. 3,12,0,ikke relevant
10979,2194,193404,2015-10-11,,home,holdresultat,entydig,udledt,12 hjemme- og 0 udesejre mangler blandt 12 ukendte i holdkampen; alle ukendte må være home.,complete,0,12,,,12-0,- - -,- - -,complete,HD,Gladsaxe Søborg 4,KBK Kbh. 3,12,0,ikke relevant
10980,2194,193404,2015-10-11,,home,holdresultat,entydig,udledt,12 hjemme- og 0 udesejre mangler blandt 12 ukendte i holdkampen; alle ukendte må være home.,complete,0,12,,,12-0,- - -,- - -,complete,HD,Gladsaxe Søborg 4,KBK Kbh. 3,12,0,ikke relevant
10981,2194,193404,2015-10-11,,home,holdresultat,entydig,udledt,12 hjemme- og 0 udesejre mangler blandt 12 ukendte i holdkampen; alle ukendte må være home.,complete,0,12,,,12-0,- - -,- - -,complete,HD,Gladsaxe Søborg 4,KBK Kbh. 3,12,0,ikke relevant
10982,2194,193404,2015-10-11,,home,holdresultat,entydig,udledt,12 hjemme- og 0 udesejre mangler blandt 12 ukendte i holdkampen; alle ukendte må være home.,complete,0,12,,,12-0,- - -,- - -,complete,HD,Gladsaxe Søborg 4,KBK Kbh. 3,12,0,ikke relevant
10983,2194,193404,2015-10-11,,home,holdresultat,entydig,udledt,12 hjemme- og 0 udesejre mangler blandt 12 ukendte i holdkampen; alle ukendte må være home.,complete,0,12,,,12-0,- - -,- - -,complete,HD,Gladsaxe Søborg 4,KBK Kbh. 3,12,0,ikke relevant
10984,2194,193404,2015-10-11,,home,holdresultat,entydig,udledt,12 hjemme- og 0 udesejre mangler blandt 12 ukendte i holdkampen; alle ukendte må være home.,complete,0,12,,,12-0,- - -,- - -,complete,HD,Gladsaxe Søborg 4,KBK Kbh. 3,12,0,ikke relevant
11158,2215,193111,2015-10-11,,home,holdresultat,entydig,udledt,4 hjemme- og 0 udesejre mangler blandt 4 ukendte i holdkampen; alle ukendte må være home.,complete,0,4,,,5-3,- - -,- - -,complete,MD,Gladsaxe Søborg 3,KBK Kbh. 2,4,0,ikke relevant
11160,2215,193111,2015-10-11,,home,holdresultat,entydig,udledt,4 hjemme- og 0 udesejre mangler blandt 4 ukendte i holdkampen; alle ukendte må være home.,complete,0,4,,,5-3,- - -,- - -,complete,HD,Gladsaxe Søborg 3,KBK Kbh. 2,4,0,ikke relevant
11161,2215,193111,2015-10-11,,home,holdresultat,entydig,udledt,4 hjemme- og 0 udesejre mangler blandt 4 ukendte i holdkampen; alle ukendte må være home.,complete,0,4,,,5-3,- - -,- - -,complete,DD,Gladsaxe Søborg 3,KBK Kbh. 2,4,0,ikke relevant
11164,2215,193111,2015-10-11,,home,holdresultat,entydig,udledt,4 hjemme- og 0 udesejre mangler blandt 4 ukendte i holdkampen; alle ukendte må være home.,complete,0,4,,,5-3,- - -,- - -,complete,HD,Gladsaxe Søborg 3,KBK Kbh. 2,4,0,ikke relevant
10540,2152,193722,2015-11-01,,home,holdresultat,entydig,udledt,3 hjemme- og 0 udesejre mangler blandt 3 ukendte i holdkampen; alle ukendte må være home.,complete,0,3,,,8-4,- - -,- - -,complete,HS,Gladsaxe Søborg 4,FKIF Frederiksberg 6,3,0,ikke relevant
10541,2152,193722,2015-11-01,,home,holdresultat,entydig,udledt,3 hjemme- og 0 udesejre mangler blandt 3 ukendte i holdkampen; alle ukendte må være home.,complete,0,3,,,8-4,- - -,- - -,complete,HS,Gladsaxe Søborg 4,FKIF Frederiksberg 6,3,0,ikke relevant
10546,2152,193722,2015-11-01,,home,holdresultat,entydig,udledt,3 hjemme- og 0 udesejre mangler blandt 3 ukendte i holdkampen; alle ukendte må være home.,complete,0,3,,,8-4,- - -,- - -,complete,HD,Gladsaxe Søborg 4,FKIF Frederiksberg 6,3,0,ikke relevant
10697,2168,204920,2015-11-01,,home,holdresultat,entydig,udledt,12 hjemme- og 0 udesejre mangler blandt 12 ukendte i holdkampen; alle ukendte må være home.,complete,0,12,,,12-0,- - -,- - -,complete,MD,KSI Badmintonklub Kbh. 4,Gladsaxe Søborg 5,12,0,ikke relevant
10698,2168,204920,2015-11-01,,home,holdresultat,entydig,udledt,12 hjemme- og 0 udesejre mangler blandt 12 ukendte i holdkampen; alle ukendte må være home.,complete,0,12,,,12-0,- - -,- - -,complete,MD,KSI Badmintonklub Kbh. 4,Gladsaxe Søborg 5,12,0,ikke relevant
10699,2168,204920,2015-11-01,,home,holdresultat,entydig,udledt,12 hjemme- og 0 udesejre mangler blandt 12 ukendte i holdkampen; alle ukendte må være home.,complete,0,12,,,12-0,- - -,- - -,complete,MD,KSI Badmintonklub Kbh. 4,Gladsaxe Søborg 5,12,0,ikke relevant
10700,2168,204920,2015-11-01,,home,holdresultat,entydig,udledt,12 hjemme- og 0 udesejre mangler blandt 12 ukendte i holdkampen; alle ukendte må være home.,complete,0,12,,,12-0,- - -,- - -,complete,DS,KSI Badmintonklub Kbh. 4,Gladsaxe Søborg 5,12,0,ikke relevant
10701,2168,204920,2015-11-01,,home,holdresultat,entydig,udledt,12 hjemme- og 0 udesejre mangler blandt 12 ukendte i holdkampen; alle ukendte må være home.,complete,0,12,,,12-0,- - -,- - -,complete,HS,KSI Badmintonklub Kbh. 4,Gladsaxe Søborg 5,12,0,ikke relevant
10702,2168,204920,2015-11-01,,home,holdresultat,entydig,udledt,12 hjemme- og 0 udesejre mangler blandt 12 ukendte i holdkampen; alle ukendte må være home.,complete,0,12,,,12-0,- - -,- - -,complete,HS,KSI Badmintonklub Kbh. 4,Gladsaxe Søborg 5,12,0,ikke relevant
10703,2168,204920,2015-11-01,,home,holdresultat,entydig,udledt,12 hjemme- og 0 udesejre mangler blandt 12 ukendte i holdkampen; alle ukendte må være home.,complete,0,12,,,12-0,- - -,- - -,complete,HS,KSI Badmintonklub Kbh. 4,Gladsaxe Søborg 5,12,0,ikke relevant
10704,2168,204920,2015-11-01,,home,holdresultat,entydig,udledt,12 hjemme- og 0 udesejre mangler blandt 12 ukendte i holdkampen; alle ukendte må være home.,complete,0,12,,,12-0,- - -,- - -,complete,DD,KSI Badmintonklub Kbh. 4,Gladsaxe Søborg 5,12,0,ikke relevant
10705,2168,204920,2015-11-01,,home,holdresultat,entydig,udledt,12 hjemme- og 0 udesejre mangler blandt 12 ukendte i holdkampen; alle ukendte må være home.,complete,0,12,,,12-0,- - -,- - -,complete,DD,KSI Badmintonklub Kbh. 4,Gladsaxe Søborg 5,12,0,ikke relevant
10706,2168,204920,2015-11-01,,home,holdresultat,entydig,udledt,12 hjemme- og 0 udesejre mangler blandt 12 ukendte i holdkampen; alle ukendte må være home.,complete,0,12,,,12-0,- - -,- - -,complete,HD,KSI Badmintonklub Kbh. 4,Gladsaxe Søborg 5,12,0,ikke relevant
10707,2168,204920,2015-11-01,,home,holdresultat,entydig,udledt,12 hjemme- og 0 udesejre mangler blandt 12 ukendte i holdkampen; alle ukendte må være home.,complete,0,12,,,12-0,- - -,- - -,complete,HD,KSI Badmintonklub Kbh. 4,Gladsaxe Søborg 5,12,0,ikke relevant
10708,2168,204920,2015-11-01,,home,holdresultat,entydig,udledt,12 hjemme- og 0 udesejre mangler blandt 12 ukendte i holdkampen; alle ukendte må være home.,complete,0,12,,,12-0,- - -,- - -,complete,HD,KSI Badmintonklub Kbh. 4,Gladsaxe Søborg 5,12,0,ikke relevant
10736,2174,193260,2015-11-08,,away,holdresultat,entydig,udledt,0 hjemme- og 2 udesejre mangler blandt 2 ukendte i holdkampen; alle ukendte må være away.,complete,0,2,,,6-6,- - -,- - -,complete,MD,Charlottenlund 2,Gladsaxe Søborg,0,2,ikke relevant
10738,2174,193260,2015-11-08,,away,holdresultat,entydig,udledt,0 hjemme- og 2 udesejre mangler blandt 2 ukendte i holdkampen; alle ukendte må være away.,complete,0,2,,,6-6,- - -,- - -,complete,DD,Charlottenlund 2,Gladsaxe Søborg,0,2,ikke relevant
10820,2181,193289,2015-11-08,,home,holdresultat,entydig,udledt,2 hjemme- og 0 udesejre mangler blandt 2 ukendte i holdkampen; alle ukendte må være home.,complete,0,2,,,9-3,- - -,- - -,complete,MD,Gladsaxe Søborg 2,ØBK/BK Kbh.,2,0,ikke relevant
10822,2181,193289,2015-11-08,,home,holdresultat,entydig,udledt,2 hjemme- og 0 udesejre mangler blandt 2 ukendte i holdkampen; alle ukendte må være home.,complete,0,2,,,9-3,- - -,- - -,complete,DD,Gladsaxe Søborg 2,ØBK/BK Kbh.,2,0,ikke relevant
11165,2216,193114,2015-11-08,,away,holdresultat,entydig,udledt,0 hjemme- og 3 udesejre mangler blandt 3 ukendte i holdkampen; alle ukendte må være away.,complete,0,3,,,0-8,- - -,- - -,complete,MD,Gladsaxe Søborg 3,Gentofte 3,0,3,ikke relevant
11168,2216,193114,2015-11-08,,away,holdresultat,entydig,udledt,0 hjemme- og 3 udesejre mangler blandt 3 ukendte i holdkampen; alle ukendte må være away.,complete,0,3,,,0-8,- - -,- - -,complete,HD,Gladsaxe Søborg 3,Gentofte 3,0,3,ikke relevant
11170,2216,193114,2015-11-08,,away,holdresultat,entydig,udledt,0 hjemme- og 3 udesejre mangler blandt 3 ukendte i holdkampen; alle ukendte må være away.,complete,0,3,,,0-8,- - -,- - -,complete,HD,Gladsaxe Søborg 3,Gentofte 3,0,3,ikke relevant
10549,2153,193725,2015-11-22,,home,holdresultat,entydig,udledt,5 hjemme- og 0 udesejre mangler blandt 5 ukendte i holdkampen; alle ukendte må være home.,complete,0,5,,,11-1,- - -,- - -,complete,MD,Sct. Jørgen Kbh.,Gladsaxe Søborg 4,5,0,ikke relevant
10550,2153,193725,2015-11-22,,home,holdresultat,entydig,udledt,5 hjemme- og 0 udesejre mangler blandt 5 ukendte i holdkampen; alle ukendte må være home.,complete,0,5,,,11-1,- - -,- - -,complete,DS,Sct. Jørgen Kbh.,Gladsaxe Søborg 4,5,0,ikke relevant
10553,2153,193725,2015-11-22,,home,holdresultat,entydig,udledt,5 hjemme- og 0 udesejre mangler blandt 5 ukendte i holdkampen; alle ukendte må være home.,complete,0,5,,,11-1,- - -,- - -,complete,HS,Sct. Jørgen Kbh.,Gladsaxe Søborg 4,5,0,ikke relevant
10555,2153,193725,2015-11-22,,home,holdresultat,entydig,udledt,5 hjemme- og 0 udesejre mangler blandt 5 ukendte i holdkampen; alle ukendte må være home.,complete,0,5,,,11-1,- - -,- - -,complete,DD,Sct. Jørgen Kbh.,Gladsaxe Søborg 4,5,0,ikke relevant
10558,2153,193725,2015-11-22,,home,holdresultat,entydig,udledt,5 hjemme- og 0 udesejre mangler blandt 5 ukendte i holdkampen; alle ukendte må være home.,complete,0,5,,,11-1,- - -,- - -,complete,HD,Sct. Jørgen Kbh.,Gladsaxe Søborg 4,5,0,ikke relevant
10489,2147,193645,2015-12-13,,away,holdresultat,entydig,udledt,0 hjemme- og 4 udesejre mangler blandt 4 ukendte i holdkampen; alle ukendte må være away.,complete,0,4,,,7-6,- - -,- - -,complete,HS,Drive 6,Gladsaxe Søborg 3,0,4,ikke relevant
10491,2147,193645,2015-12-13,,away,holdresultat,entydig,udledt,0 hjemme- og 4 udesejre mangler blandt 4 ukendte i holdkampen; alle ukendte må være away.,complete,0,4,,,7-6,- - -,- - -,complete,HS,Drive 6,Gladsaxe Søborg 3,0,4,ikke relevant
10495,2147,193645,2015-12-13,,away,holdresultat,entydig,udledt,0 hjemme- og 4 udesejre mangler blandt 4 ukendte i holdkampen; alle ukendte må være away.,complete,0,4,,,7-6,- - -,- - -,complete,HD,Drive 6,Gladsaxe Søborg 3,0,4,ikke relevant
10496,2147,193645,2015-12-13,,away,holdresultat,entydig,udledt,0 hjemme- og 4 udesejre mangler blandt 4 ukendte i holdkampen; alle ukendte må være away.,complete,0,4,,,7-6,- - -,- - -,complete,HD,Drive 6,Gladsaxe Søborg 3,0,4,ikke relevant
10563,2154,193731,2015-12-13,,away,holdresultat,entydig,udledt,0 hjemme- og 5 udesejre mangler blandt 5 ukendte i holdkampen; alle ukendte må være away.,complete,0,5,,,6-6,- - -,- - -,complete,HS,Gladsaxe Søborg 4,Pan Kbh. 2,0,5,ikke relevant
10564,2154,193731,2015-12-13,,away,holdresultat,entydig,udledt,0 hjemme- og 5 udesejre mangler blandt 5 ukendte i holdkampen; alle ukendte må være away.,complete,0,5,,,6-6,- - -,- - -,complete,HS,Gladsaxe Søborg 4,Pan Kbh. 2,0,5,ikke relevant
10565,2154,193731,2015-12-13,,away,holdresultat,entydig,udledt,0 hjemme- og 5 udesejre mangler blandt 5 ukendte i holdkampen; alle ukendte må være away.,complete,0,5,,,6-6,- - -,- - -,complete,HS,Gladsaxe Søborg 4,Pan Kbh. 2,0,5,ikke relevant
10569,2154,193731,2015-12-13,,away,holdresultat,entydig,udledt,0 hjemme- og 5 udesejre mangler blandt 5 ukendte i holdkampen; alle ukendte må være away.,complete,0,5,,,6-6,- - -,- - -,complete,HD,Gladsaxe Søborg 4,Pan Kbh. 2,0,5,ikke relevant
10570,2154,193731,2015-12-13,,away,holdresultat,entydig,udledt,0 hjemme- og 5 udesejre mangler blandt 5 ukendte i holdkampen; alle ukendte må være away.,complete,0,5,,,6-6,- - -,- - -,complete,HD,Gladsaxe Søborg 4,Pan Kbh. 2,0,5,ikke relevant
10709,2170,204928,2015-12-13,,home,holdresultat,entydig,udledt,12 hjemme- og 0 udesejre mangler blandt 12 ukendte i holdkampen; alle ukendte må være home.,complete,0,12,,,12-0,- - -,- - -,complete,MD,BC37 Amager 4,Gladsaxe Søborg 5,12,0,ikke relevant
10710,2170,204928,2015-12-13,,home,holdresultat,entydig,udledt,12 hjemme- og 0 udesejre mangler blandt 12 ukendte i holdkampen; alle ukendte må være home.,complete,0,12,,,12-0,- - -,- - -,complete,MD,BC37 Amager 4,Gladsaxe Søborg 5,12,0,ikke relevant
10711,2170,204928,2015-12-13,,home,holdresultat,entydig,udledt,12 hjemme- og 0 udesejre mangler blandt 12 ukendte i holdkampen; alle ukendte må være home.,complete,0,12,,,12-0,- - -,- - -,complete,MD,BC37 Amager 4,Gladsaxe Søborg 5,12,0,ikke relevant
10712,2170,204928,2015-12-13,,home,holdresultat,entydig,udledt,12 hjemme- og 0 udesejre mangler blandt 12 ukendte i holdkampen; alle ukendte må være home.,complete,0,12,,,12-0,- - -,- - -,complete,DS,BC37 Amager 4,Gladsaxe Søborg 5,12,0,ikke relevant
10713,2170,204928,2015-12-13,,home,holdresultat,entydig,udledt,12 hjemme- og 0 udesejre mangler blandt 12 ukendte i holdkampen; alle ukendte må være home.,complete,0,12,,,12-0,- - -,- - -,complete,HS,BC37 Amager 4,Gladsaxe Søborg 5,12,0,ikke relevant
10714,2170,204928,2015-12-13,,home,holdresultat,entydig,udledt,12 hjemme- og 0 udesejre mangler blandt 12 ukendte i holdkampen; alle ukendte må være home.,complete,0,12,,,12-0,- - -,- - -,complete,HS,BC37 Amager 4,Gladsaxe Søborg 5,12,0,ikke relevant
10715,2170,204928,2015-12-13,,home,holdresultat,entydig,udledt,12 hjemme- og 0 udesejre mangler blandt 12 ukendte i holdkampen; alle ukendte må være home.,complete,0,12,,,12-0,- - -,- - -,complete,HS,BC37 Amager 4,Gladsaxe Søborg 5,12,0,ikke relevant
10716,2170,204928,2015-12-13,,home,holdresultat,entydig,udledt,12 hjemme- og 0 udesejre mangler blandt 12 ukendte i holdkampen; alle ukendte må være home.,complete,0,12,,,12-0,- - -,- - -,complete,DD,BC37 Amager 4,Gladsaxe Søborg 5,12,0,ikke relevant
10717,2170,204928,2015-12-13,,home,holdresultat,entydig,udledt,12 hjemme- og 0 udesejre mangler blandt 12 ukendte i holdkampen; alle ukendte må være home.,complete,0,12,,,12-0,- - -,- - -,complete,DD,BC37 Amager 4,Gladsaxe Søborg 5,12,0,ikke relevant
10718,2170,204928,2015-12-13,,home,holdresultat,entydig,udledt,12 hjemme- og 0 udesejre mangler blandt 12 ukendte i holdkampen; alle ukendte må være home.,complete,0,12,,,12-0,- - -,- - -,complete,HD,BC37 Amager 4,Gladsaxe Søborg 5,12,0,ikke relevant
10719,2170,204928,2015-12-13,,home,holdresultat,entydig,udledt,12 hjemme- og 0 udesejre mangler blandt 12 ukendte i holdkampen; alle ukendte må være home.,complete,0,12,,,12-0,- - -,- - -,complete,HD,BC37 Amager 4,Gladsaxe Søborg 5,12,0,ikke relevant
10720,2170,204928,2015-12-13,,home,holdresultat,entydig,udledt,12 hjemme- og 0 udesejre mangler blandt 12 ukendte i holdkampen; alle ukendte må være home.,complete,0,12,,,12-0,- - -,- - -,complete,HD,BC37 Amager 4,Gladsaxe Søborg 5,12,0,ikke relevant
10299,2132,192729,2015-12-19,,away,holdresultat,entydig,udledt,0 hjemme- og 1 udesejre mangler blandt 1 ukendte i holdkampen; alle ukendte må være away.,complete,0,1,,,4-9,- - -,- - -,complete,HD,Herlufsholm,Gladsaxe Søborg,0,1,ikke relevant
10382,2139,195052,2015-12-20,F,home,holdresultat,entydig,udledt,2 hjemme- og 0 udesejre mangler blandt 2 ukendte i holdkampen; alle ukendte må være home.,api_repaired,2,2,,,6-7,19-5,21-3,api_repaired,DS,FKIF Frederiksberg 2,Gladsaxe Søborg 2,2,0,ikke relevant
10389,2139,195052,2015-12-20,,home,holdresultat,entydig,udledt,2 hjemme- og 0 udesejre mangler blandt 2 ukendte i holdkampen; alle ukendte må være home.,complete,0,2,,,6-7,- - -,- - -,complete,DD,FKIF Frederiksberg 2,Gladsaxe Søborg 2,2,0,ikke relevant
10500,2148,193652,2016-01-10,,away,holdresultat,entydig,udledt,0 hjemme- og 2 udesejre mangler blandt 2 ukendte i holdkampen; alle ukendte må være away.,complete,0,2,,,1-12,- - -,- - -,complete,DS,Gladsaxe Søborg 3,BC37 Amager,0,2,ikke relevant
10506,2148,193652,2016-01-10,,away,holdresultat,entydig,udledt,0 hjemme- og 2 udesejre mangler blandt 2 ukendte i holdkampen; alle ukendte må være away.,complete,0,2,,,1-12,- - -,- - -,complete,DD,Gladsaxe Søborg 3,BC37 Amager,0,2,ikke relevant
10572,2155,193735,2016-01-10,,home,holdresultat,entydig,udledt,3 hjemme- og 0 udesejre mangler blandt 3 ukendte i holdkampen; alle ukendte må være home.,complete,0,3,,,8-4,- - -,- - -,complete,MD,Posten Kbh.,Gladsaxe Søborg 4,3,0,ikke relevant
10573,2155,193735,2016-01-10,,home,holdresultat,entydig,udledt,3 hjemme- og 0 udesejre mangler blandt 3 ukendte i holdkampen; alle ukendte må være home.,complete,0,3,,,8-4,- - -,- - -,complete,MD,Posten Kbh.,Gladsaxe Søborg 4,3,0,ikke relevant
10579,2155,193735,2016-01-10,,home,holdresultat,entydig,udledt,3 hjemme- og 0 udesejre mangler blandt 3 ukendte i holdkampen; alle ukendte må være home.,complete,0,3,,,8-4,- - -,- - -,complete,DD,Posten Kbh.,Gladsaxe Søborg 4,3,0,ikke relevant
10143,2111,196417,2016-01-17,,home,holdresultat,entydig,udledt,8 hjemme- og 0 udesejre mangler blandt 8 ukendte i holdkampen; alle ukendte må være home.,complete,0,8,,,8-0,- - -,- - -,complete,MD,Gladsaxe Søborg,Gentofte,8,0,ikke relevant
10144,2111,196417,2016-01-17,,home,holdresultat,entydig,udledt,8 hjemme- og 0 udesejre mangler blandt 8 ukendte i holdkampen; alle ukendte må være home.,complete,0,8,,,8-0,- - -,- - -,complete,DS,Gladsaxe Søborg,Gentofte,8,0,ikke relevant
10145,2111,196417,2016-01-17,,home,holdresultat,entydig,udledt,8 hjemme- og 0 udesejre mangler blandt 8 ukendte i holdkampen; alle ukendte må være home.,complete,0,8,,,8-0,- - -,- - -,complete,HS,Gladsaxe Søborg,Gentofte,8,0,ikke relevant
10146,2111,196417,2016-01-17,,home,holdresultat,entydig,udledt,8 hjemme- og 0 udesejre mangler blandt 8 ukendte i holdkampen; alle ukendte må være home.,complete,0,8,,,8-0,- - -,- - -,complete,HS,Gladsaxe Søborg,Gentofte,8,0,ikke relevant
10147,2111,196417,2016-01-17,,home,holdresultat,entydig,udledt,8 hjemme- og 0 udesejre mangler blandt 8 ukendte i holdkampen; alle ukendte må være home.,complete,0,8,,,8-0,- - -,- - -,complete,HS,Gladsaxe Søborg,Gentofte,8,0,ikke relevant
10148,2111,196417,2016-01-17,,home,holdresultat,entydig,udledt,8 hjemme- og 0 udesejre mangler blandt 8 ukendte i holdkampen; alle ukendte må være home.,complete,0,8,,,8-0,- - -,- - -,complete,DD,Gladsaxe Søborg,Gentofte,8,0,ikke relevant
10149,2111,196417,2016-01-17,,home,holdresultat,entydig,udledt,8 hjemme- og 0 udesejre mangler blandt 8 ukendte i holdkampen; alle ukendte må være home.,complete,0,8,,,8-0,- - -,- - -,complete,HD,Gladsaxe Søborg,Gentofte,8,0,ikke relevant
10150,2111,196417,2016-01-17,,home,holdresultat,entydig,udledt,8 hjemme- og 0 udesejre mangler blandt 8 ukendte i holdkampen; alle ukendte må være home.,complete,0,8,,,8-0,- - -,- - -,complete,HD,Gladsaxe Søborg,Gentofte,8,0,ikke relevant
10586,2156,193739,2016-01-31,,away,holdresultat,entydig,udledt,0 hjemme- og 2 udesejre mangler blandt 2 ukendte i holdkampen; alle ukendte må være away.,complete,0,2,,,10-2,- - -,- - -,complete,DS,Gladsaxe Søborg 4,SAIF Kbh. 10,0,2,ikke relevant
10591,2156,193739,2016-01-31,,away,holdresultat,entydig,udledt,0 hjemme- og 2 udesejre mangler blandt 2 ukendte i holdkampen; alle ukendte må være away.,complete,0,2,,,10-2,- - -,- - -,complete,DD,Gladsaxe Søborg 4,SAIF Kbh. 10,0,2,ikke relevant
10862,2184,193302,2016-02-28,,away,holdresultat,entydig,udledt,0 hjemme- og 2 udesejre mangler blandt 2 ukendte i holdkampen; alle ukendte må være away.,complete,0,2,,,9-3,- - -,- - -,complete,HD,Frederiksberg,Gladsaxe Søborg 2,0,2,ikke relevant
10864,2184,193302,2016-02-28,,away,holdresultat,entydig,udledt,0 hjemme- og 2 udesejre mangler blandt 2 ukendte i holdkampen; alle ukendte må være away.,complete,0,2,,,9-3,- - -,- - -,complete,HD,Frederiksberg,Gladsaxe Søborg 2,0,2,ikke relevant
11023,2198,193416,2016-02-28,,home,holdresultat,entydig,udledt,3 hjemme- og 0 udesejre mangler blandt 3 ukendte i holdkampen; alle ukendte må være home.,complete,0,3,,,11-1,- - -,- - -,complete,MD,KMB2010 4,Gladsaxe Søborg 4,3,0,ikke relevant
11024,2198,193416,2016-02-28,,home,holdresultat,entydig,udledt,3 hjemme- og 0 udesejre mangler blandt 3 ukendte i holdkampen; alle ukendte må være home.,complete,0,3,,,11-1,- - -,- - -,complete,MD,KMB2010 4,Gladsaxe Søborg 4,3,0,ikke relevant
11026,2198,193416,2016-02-28,,home,holdresultat,entydig,udledt,3 hjemme- og 0 udesejre mangler blandt 3 ukendte i holdkampen; alle ukendte må være home.,complete,0,3,,,11-1,- - -,- - -,complete,DD,KMB2010 4,Gladsaxe Søborg 4,3,0,ikke relevant
10517,2150,193660,2016-03-06,,home,holdresultat,entydig,udledt,2 hjemme- og 0 udesejre mangler blandt 2 ukendte i holdkampen; alle ukendte må være home.,complete,0,2,(Ikke fremmødt),,5-8,- - -,- - -,complete,HS,Gladsaxe Søborg 3,KMB2010 4,2,0,ikke relevant
10522,2150,193660,2016-03-06,,home,holdresultat,entydig,udledt,2 hjemme- og 0 udesejre mangler blandt 2 ukendte i holdkampen; alle ukendte må være home.,complete,0,2,(Ikke fremmødt),,5-8,- - -,- - -,complete,HD,Gladsaxe Søborg 3,KMB2010 4,2,0,ikke relevant
10195,2124,230621,2016-03-12,,home,holdresultat,entydig,udledt,1 hjemme- og 0 udesejre mangler blandt 1 ukendte i holdkampen; alle ukendte må være home.,complete,0,1,,,8-5,- - -,- - -,complete,HD,Gladsaxe Søborg,Hvidovre 3,1,0,ikke relevant
10781,2178,193276,2016-03-13,,,holdresultat ikke entydigt,uafklaret,uafklaret,Holdresultatet efter kendte sejre efterlader 1 hjemme- og 4 udesejre blandt 5 ukendte; udfaldet er ikke entydigt.,complete,0,5,,,6-6,- - -,- - -,complete,MD,Lyngby 2,Gladsaxe Søborg,1,4,ikke relevant
10783,2178,193276,2016-03-13,,,holdresultat ikke entydigt,uafklaret,uafklaret,Holdresultatet efter kendte sejre efterlader 1 hjemme- og 4 udesejre blandt 5 ukendte; udfaldet er ikke entydigt.,complete,0,5,,,6-6,- - -,- - -,complete,MD,Lyngby 2,Gladsaxe Søborg,1,4,ikke relevant
10784,2178,193276,2016-03-13,,,holdresultat ikke entydigt,uafklaret,uafklaret,Holdresultatet efter kendte sejre efterlader 1 hjemme- og 4 udesejre blandt 5 ukendte; udfaldet er ikke entydigt.,complete,0,5,,,6-6,- - -,- - -,complete,MD,Lyngby 2,Gladsaxe Søborg,1,4,ikke relevant
10785,2178,193276,2016-03-13,,,holdresultat ikke entydigt,uafklaret,uafklaret,Holdresultatet efter kendte sejre efterlader 1 hjemme- og 4 udesejre blandt 5 ukendte; udfaldet er ikke entydigt.,complete,0,5,,,6-6,- - -,- - -,complete,DD,Lyngby 2,Gladsaxe Søborg,1,4,ikke relevant
10790,2178,193276,2016-03-13,,,holdresultat ikke entydigt,uafklaret,uafklaret,Holdresultatet efter kendte sejre efterlader 1 hjemme- og 4 udesejre blandt 5 ukendte; udfaldet er ikke entydigt.,complete,0,5,,,6-6,- - -,- - -,complete,HD,Lyngby 2,Gladsaxe Søborg,1,4,ikke relevant
10874,2185,193306,2016-03-13,,home,holdresultat,entydig,udledt,3 hjemme- og 0 udesejre mangler blandt 3 ukendte i holdkampen; alle ukendte må være home.,complete,0,3,,,4-8,- - -,- - -,complete,HD,Gladsaxe Søborg 2,Skovshoved 2,3,0,ikke relevant
10875,2185,193306,2016-03-13,,home,holdresultat,entydig,udledt,3 hjemme- og 0 udesejre mangler blandt 3 ukendte i holdkampen; alle ukendte må være home.,complete,0,3,,,4-8,- - -,- - -,complete,HD,Gladsaxe Søborg 2,Skovshoved 2,3,0,ikke relevant
10876,2185,193306,2016-03-13,,home,holdresultat,entydig,udledt,3 hjemme- og 0 udesejre mangler blandt 3 ukendte i holdkampen; alle ukendte må være home.,complete,0,3,,,4-8,- - -,- - -,complete,HD,Gladsaxe Søborg 2,Skovshoved 2,3,0,ikke relevant
10432,2143,231822,2016-04-03,,away,holdresultat,entydig,udledt,0 hjemme- og 13 udesejre mangler blandt 13 ukendte i holdkampen; alle ukendte må være away.,complete,0,13,,,0-13,- - -,- - -,complete,MD,KBK Kbh. 4,Gladsaxe Søborg 2,0,13,ikke relevant
10433,2143,231822,2016-04-03,,away,holdresultat,entydig,udledt,0 hjemme- og 13 udesejre mangler blandt 13 ukendte i holdkampen; alle ukendte må være away.,complete,0,13,,,0-13,- - -,- - -,complete,MD,KBK Kbh. 4,Gladsaxe Søborg 2,0,13,ikke relevant
10434,2143,231822,2016-04-03,,away,holdresultat,entydig,udledt,0 hjemme- og 13 udesejre mangler blandt 13 ukendte i holdkampen; alle ukendte må være away.,complete,0,13,,,0-13,- - -,- - -,complete,DS,KBK Kbh. 4,Gladsaxe Søborg 2,0,13,ikke relevant
10435,2143,231822,2016-04-03,,away,holdresultat,entydig,udledt,0 hjemme- og 13 udesejre mangler blandt 13 ukendte i holdkampen; alle ukendte må være away.,complete,0,13,,,0-13,- - -,- - -,complete,DS,KBK Kbh. 4,Gladsaxe Søborg 2,0,13,ikke relevant
10436,2143,231822,2016-04-03,,away,holdresultat,entydig,udledt,0 hjemme- og 13 udesejre mangler blandt 13 ukendte i holdkampen; alle ukendte må være away.,complete,0,13,,,0-13,- - -,- - -,complete,HS,KBK Kbh. 4,Gladsaxe Søborg 2,0,13,ikke relevant
10437,2143,231822,2016-04-03,,away,holdresultat,entydig,udledt,0 hjemme- og 13 udesejre mangler blandt 13 ukendte i holdkampen; alle ukendte må være away.,complete,0,13,,,0-13,- - -,- - -,complete,HS,KBK Kbh. 4,Gladsaxe Søborg 2,0,13,ikke relevant
10438,2143,231822,2016-04-03,,away,holdresultat,entydig,udledt,0 hjemme- og 13 udesejre mangler blandt 13 ukendte i holdkampen; alle ukendte må være away.,complete,0,13,,,0-13,- - -,- - -,complete,HS,KBK Kbh. 4,Gladsaxe Søborg 2,0,13,ikke relevant
10439,2143,231822,2016-04-03,,away,holdresultat,entydig,udledt,0 hjemme- og 13 udesejre mangler blandt 13 ukendte i holdkampen; alle ukendte må være away.,complete,0,13,,,0-13,- - -,- - -,complete,HS,KBK Kbh. 4,Gladsaxe Søborg 2,0,13,ikke relevant
10440,2143,231822,2016-04-03,,away,holdresultat,entydig,udledt,0 hjemme- og 13 udesejre mangler blandt 13 ukendte i holdkampen; alle ukendte må være away.,complete,0,13,,,0-13,- - -,- - -,complete,DD,KBK Kbh. 4,Gladsaxe Søborg 2,0,13,ikke relevant
10441,2143,231822,2016-04-03,,away,holdresultat,entydig,udledt,0 hjemme- og 13 udesejre mangler blandt 13 ukendte i holdkampen; alle ukendte må være away.,complete,0,13,,,0-13,- - -,- - -,complete,DD,KBK Kbh. 4,Gladsaxe Søborg 2,0,13,ikke relevant
10442,2143,231822,2016-04-03,,away,holdresultat,entydig,udledt,0 hjemme- og 13 udesejre mangler blandt 13 ukendte i holdkampen; alle ukendte må være away.,complete,0,13,,,0-13,- - -,- - -,complete,HD,KBK Kbh. 4,Gladsaxe Søborg 2,0,13,ikke relevant
10443,2143,231822,2016-04-03,,away,holdresultat,entydig,udledt,0 hjemme- og 13 udesejre mangler blandt 13 ukendte i holdkampen; alle ukendte må være away.,complete,0,13,,,0-13,- - -,- - -,complete,HD,KBK Kbh. 4,Gladsaxe Søborg 2,0,13,ikke relevant
10444,2143,231822,2016-04-03,,away,holdresultat,entydig,udledt,0 hjemme- og 13 udesejre mangler blandt 13 ukendte i holdkampen; alle ukendte må være away.,complete,0,13,,,0-13,- - -,- - -,complete,HD,KBK Kbh. 4,Gladsaxe Søborg 2,0,13,ikke relevant
11270,2229,193051,2016-04-10,,away,holdresultat,entydig,udledt,0 hjemme- og 2 udesejre mangler blandt 2 ukendte i holdkampen; alle ukendte må være away.,complete,0,2,,,6-2,- - -,- - -,complete,MD,Gladsaxe Søborg,Charlottenlund,0,2,ikke relevant
11273,2229,193051,2016-04-10,,away,holdresultat,entydig,udledt,0 hjemme- og 2 udesejre mangler blandt 2 ukendte i holdkampen; alle ukendte må være away.,complete,0,2,,,6-2,- - -,- - -,complete,DD,Gladsaxe Søborg,Charlottenlund,0,2,ikke relevant
10963,2193,193371,2016-04-17,,away,holdresultat,entydig,udledt,0 hjemme- og 3 udesejre mangler blandt 3 ukendte i holdkampen; alle ukendte må være away.,complete,0,3,,,7-5,- - -,- - -,complete,MD,FKIF Frederiksberg 2,Gladsaxe Søborg 3,0,3,ikke relevant
10964,2193,193371,2016-04-17,,away,holdresultat,entydig,udledt,0 hjemme- og 3 udesejre mangler blandt 3 ukendte i holdkampen; alle ukendte må være away.,complete,0,3,,,7-5,- - -,- - -,complete,MD,FKIF Frederiksberg 2,Gladsaxe Søborg 3,0,3,ikke relevant
10966,2193,193371,2016-04-17,,away,holdresultat,entydig,udledt,0 hjemme- og 3 udesejre mangler blandt 3 ukendte i holdkampen; alle ukendte må være away.,complete,0,3,,,7-5,- - -,- - -,complete,DD,FKIF Frederiksberg 2,Gladsaxe Søborg 3,0,3,ikke relevant
11033,2199,193422,2016-04-17,,home,holdresultat,entydig,udledt,12 hjemme- og 0 udesejre mangler blandt 12 ukendte i holdkampen; alle ukendte må være home.,complete,0,12,,,12-0,- - -,- - -,complete,MD,Gladsaxe Søborg 4,Søværnet Kbh.,12,0,ikke relevant
11034,2199,193422,2016-04-17,,home,holdresultat,entydig,udledt,12 hjemme- og 0 udesejre mangler blandt 12 ukendte i holdkampen; alle ukendte må være home.,complete,0,12,,,12-0,- - -,- - -,complete,MD,Gladsaxe Søborg 4,Søværnet Kbh.,12,0,ikke relevant
11035,2199,193422,2016-04-17,,home,holdresultat,entydig,udledt,12 hjemme- og 0 udesejre mangler blandt 12 ukendte i holdkampen; alle ukendte må være home.,complete,0,12,,,12-0,- - -,- - -,complete,MD,Gladsaxe Søborg 4,Søværnet Kbh.,12,0,ikke relevant
11036,2199,193422,2016-04-17,,home,holdresultat,entydig,udledt,12 hjemme- og 0 udesejre mangler blandt 12 ukendte i holdkampen; alle ukendte må være home.,complete,0,12,,,12-0,- - -,- - -,complete,MD,Gladsaxe Søborg 4,Søværnet Kbh.,12,0,ikke relevant
11037,2199,193422,2016-04-17,,home,holdresultat,entydig,udledt,12 hjemme- og 0 udesejre mangler blandt 12 ukendte i holdkampen; alle ukendte må være home.,complete,0,12,,,12-0,- - -,- - -,complete,DD,Gladsaxe Søborg 4,Søværnet Kbh.,12,0,ikke relevant
11038,2199,193422,2016-04-17,,home,holdresultat,entydig,udledt,12 hjemme- og 0 udesejre mangler blandt 12 ukendte i holdkampen; alle ukendte må være home.,complete,0,12,,,12-0,- - -,- - -,complete,DD,Gladsaxe Søborg 4,Søværnet Kbh.,12,0,ikke relevant
11039,2199,193422,2016-04-17,,home,holdresultat,entydig,udledt,12 hjemme- og 0 udesejre mangler blandt 12 ukendte i holdkampen; alle ukendte må være home.,complete,0,12,,,12-0,- - -,- - -,complete,HD,Gladsaxe Søborg 4,Søværnet Kbh.,12,0,ikke relevant
11040,2199,193422,2016-04-17,,home,holdresultat,entydig,udledt,12 hjemme- og 0 udesejre mangler blandt 12 ukendte i holdkampen; alle ukendte må være home.,complete,0,12,,,12-0,- - -,- - -,complete,HD,Gladsaxe Søborg 4,Søværnet Kbh.,12,0,ikke relevant
11041,2199,193422,2016-04-17,,home,holdresultat,entydig,udledt,12 hjemme- og 0 udesejre mangler blandt 12 ukendte i holdkampen; alle ukendte må være home.,complete,0,12,,,12-0,- - -,- - -,complete,HD,Gladsaxe Søborg 4,Søværnet Kbh.,12,0,ikke relevant
11042,2199,193422,2016-04-17,,home,holdresultat,entydig,udledt,12 hjemme- og 0 udesejre mangler blandt 12 ukendte i holdkampen; alle ukendte må være home.,complete,0,12,,,12-0,- - -,- - -,complete,HD,Gladsaxe Søborg 4,Søværnet Kbh.,12,0,ikke relevant
11043,2199,193422,2016-04-17,,home,holdresultat,entydig,udledt,12 hjemme- og 0 udesejre mangler blandt 12 ukendte i holdkampen; alle ukendte må være home.,complete,0,12,,,12-0,- - -,- - -,complete,HD,Gladsaxe Søborg 4,Søværnet Kbh.,12,0,ikke relevant
11044,2199,193422,2016-04-17,,home,holdresultat,entydig,udledt,12 hjemme- og 0 udesejre mangler blandt 12 ukendte i holdkampen; alle ukendte må være home.,complete,0,12,,,12-0,- - -,- - -,complete,HD,Gladsaxe Søborg 4,Søværnet Kbh.,12,0,ikke relevant
9453,1993,238565,2016-09-04,,home,holdresultat,entydig,udledt,13 hjemme- og 0 udesejre mangler blandt 13 ukendte i holdkampen; alle ukendte må være home.,complete,0,13,,,13-0,- - -,- - -,complete,MD,Gladsaxe Søborg 3,KBK Kbh. 5,13,0,ikke relevant
9454,1993,238565,2016-09-04,,home,holdresultat,entydig,udledt,13 hjemme- og 0 udesejre mangler blandt 13 ukendte i holdkampen; alle ukendte må være home.,complete,0,13,,,13-0,- - -,- - -,complete,MD,Gladsaxe Søborg 3,KBK Kbh. 5,13,0,ikke relevant
9455,1993,238565,2016-09-04,,home,holdresultat,entydig,udledt,13 hjemme- og 0 udesejre mangler blandt 13 ukendte i holdkampen; alle ukendte må være home.,complete,0,13,,,13-0,- - -,- - -,complete,DS,Gladsaxe Søborg 3,KBK Kbh. 5,13,0,ikke relevant
9456,1993,238565,2016-09-04,,home,holdresultat,entydig,udledt,13 hjemme- og 0 udesejre mangler blandt 13 ukendte i holdkampen; alle ukendte må være home.,complete,0,13,,,13-0,- - -,- - -,complete,DS,Gladsaxe Søborg 3,KBK Kbh. 5,13,0,ikke relevant
9457,1993,238565,2016-09-04,,home,holdresultat,entydig,udledt,13 hjemme- og 0 udesejre mangler blandt 13 ukendte i holdkampen; alle ukendte må være home.,complete,0,13,,,13-0,- - -,- - -,complete,HS,Gladsaxe Søborg 3,KBK Kbh. 5,13,0,ikke relevant
9458,1993,238565,2016-09-04,,home,holdresultat,entydig,udledt,13 hjemme- og 0 udesejre mangler blandt 13 ukendte i holdkampen; alle ukendte må være home.,complete,0,13,,,13-0,- - -,- - -,complete,HS,Gladsaxe Søborg 3,KBK Kbh. 5,13,0,ikke relevant
9459,1993,238565,2016-09-04,,home,holdresultat,entydig,udledt,13 hjemme- og 0 udesejre mangler blandt 13 ukendte i holdkampen; alle ukendte må være home.,complete,0,13,,,13-0,- - -,- - -,complete,HS,Gladsaxe Søborg 3,KBK Kbh. 5,13,0,ikke relevant
9460,1993,238565,2016-09-04,,home,holdresultat,entydig,udledt,13 hjemme- og 0 udesejre mangler blandt 13 ukendte i holdkampen; alle ukendte må være home.,complete,0,13,,,13-0,- - -,- - -,complete,HS,Gladsaxe Søborg 3,KBK Kbh. 5,13,0,ikke relevant
9461,1993,238565,2016-09-04,,home,holdresultat,entydig,udledt,13 hjemme- og 0 udesejre mangler blandt 13 ukendte i holdkampen; alle ukendte må være home.,complete,0,13,,,13-0,- - -,- - -,complete,DD,Gladsaxe Søborg 3,KBK Kbh. 5,13,0,ikke relevant
9462,1993,238565,2016-09-04,,home,holdresultat,entydig,udledt,13 hjemme- og 0 udesejre mangler blandt 13 ukendte i holdkampen; alle ukendte må være home.,complete,0,13,,,13-0,- - -,- - -,complete,DD,Gladsaxe Søborg 3,KBK Kbh. 5,13,0,ikke relevant
9463,1993,238565,2016-09-04,,home,holdresultat,entydig,udledt,13 hjemme- og 0 udesejre mangler blandt 13 ukendte i holdkampen; alle ukendte må være home.,complete,0,13,,,13-0,- - -,- - -,complete,HD,Gladsaxe Søborg 3,KBK Kbh. 5,13,0,ikke relevant
9464,1993,238565,2016-09-04,,home,holdresultat,entydig,udledt,13 hjemme- og 0 udesejre mangler blandt 13 ukendte i holdkampen; alle ukendte må være home.,complete,0,13,,,13-0,- - -,- - -,complete,HD,Gladsaxe Søborg 3,KBK Kbh. 5,13,0,ikke relevant
9465,1993,238565,2016-09-04,,home,holdresultat,entydig,udledt,13 hjemme- og 0 udesejre mangler blandt 13 ukendte i holdkampen; alle ukendte må være home.,complete,0,13,,,13-0,- - -,- - -,complete,HD,Gladsaxe Søborg 3,KBK Kbh. 5,13,0,ikke relevant
9532,2008,238695,2016-09-04,,home,holdresultat,entydig,udledt,2 hjemme- og 0 udesejre mangler blandt 2 ukendte i holdkampen; alle ukendte må være home.,complete,0,2,,,5-5,- - -,- - -,complete,MD,KSI Badmintonklub Kbh. 5,Gladsaxe Søborg 4,2,0,ikke relevant
9537,2008,238695,2016-09-04,,home,holdresultat,entydig,udledt,2 hjemme- og 0 udesejre mangler blandt 2 ukendte i holdkampen; alle ukendte må være home.,complete,0,2,,,5-5,- - -,- - -,complete,DD,KSI Badmintonklub Kbh. 5,Gladsaxe Søborg 4,2,0,ikke relevant
9666,2024,238825,2016-09-04,,home,holdresultat,entydig,udledt,2 hjemme- og 0 udesejre mangler blandt 2 ukendte i holdkampen; alle ukendte må være home.,complete,0,2,,,10-2,- - -,- - -,complete,MD,Vanløse,Gladsaxe Søborg 2,2,0,ikke relevant
9668,2024,238825,2016-09-04,,home,holdresultat,entydig,udledt,2 hjemme- og 0 udesejre mangler blandt 2 ukendte i holdkampen; alle ukendte må være home.,complete,0,2,,,10-2,- - -,- - -,complete,DD,Vanløse,Gladsaxe Søborg 2,2,0,ikke relevant
9822,2038,242736,2016-09-04,,home,holdresultat,entydig,udledt,3 hjemme- og 0 udesejre mangler blandt 3 ukendte i holdkampen; alle ukendte må være home.,complete,0,3,,,11-1,- - -,- - -,complete,MD,Søværnet Kbh.,Gladsaxe Søborg 4,3,0,ikke relevant
9824,2038,242736,2016-09-04,,home,holdresultat,entydig,udledt,3 hjemme- og 0 udesejre mangler blandt 3 ukendte i holdkampen; alle ukendte må være home.,complete,0,3,,,11-1,- - -,- - -,complete,DD,Søværnet Kbh.,Gladsaxe Søborg 4,3,0,ikke relevant
9828,2038,242736,2016-09-04,,home,holdresultat,entydig,udledt,3 hjemme- og 0 udesejre mangler blandt 3 ukendte i holdkampen; alle ukendte må være home.,complete,0,3,,,11-1,- - -,- - -,complete,HD,Søværnet Kbh.,Gladsaxe Søborg 4,3,0,ikke relevant
9961,2053,239847,2016-09-04,,home,holdresultat,entydig,udledt,2 hjemme- og 0 udesejre mangler blandt 2 ukendte i holdkampen; alle ukendte må være home.,complete,0,2,,,3-5,- - -,- - -,complete,HD,Gladsaxe Søborg 2,Gentofte 2,2,0,ikke relevant
9966,2053,239847,2016-09-04,,home,holdresultat,entydig,udledt,2 hjemme- og 0 udesejre mangler blandt 2 ukendte i holdkampen; alle ukendte må være home.,complete,0,2,,,3-5,- - -,- - -,complete,HD,Gladsaxe Søborg 2,Gentofte 2,2,0,ikke relevant
9313,1982,238399,2016-09-11,,home,holdresultat,entydig,udledt,2 hjemme- og 0 udesejre mangler blandt 2 ukendte i holdkampen; alle ukendte må være home.,complete,0,2,(Ikke fremmødt),,10-3,- - -,- - -,complete,DS,Gladsaxe Søborg 2,Hvidovre 4,2,0,ikke relevant
9319,1982,238399,2016-09-11,,home,holdresultat,entydig,udledt,2 hjemme- og 0 udesejre mangler blandt 2 ukendte i holdkampen; alle ukendte må være home.,complete,0,2,(Ikke fremmødt),,10-3,- - -,- - -,complete,DD,Gladsaxe Søborg 2,Hvidovre 4,2,0,ikke relevant
9542,2009,238698,2016-09-18,,away,holdresultat,entydig,udledt,0 hjemme- og 2 udesejre mangler blandt 2 ukendte i holdkampen; alle ukendte må være away.,complete,0,2,,,1-9,- - -,- - -,complete,MD,Gladsaxe Søborg 4,Vanløse 4,0,2,ikke relevant
9547,2009,238698,2016-09-18,,away,holdresultat,entydig,udledt,0 hjemme- og 2 udesejre mangler blandt 2 ukendte i holdkampen; alle ukendte må være away.,complete,0,2,,,1-9,- - -,- - -,complete,DD,Gladsaxe Søborg 4,Vanløse 4,0,2,ikke relevant
10070,2067,238973,2016-10-02,H,away,holdresultat,entydig,udledt,0 hjemme- og 1 udesejre mangler blandt 1 ukendte i holdkampen; alle ukendte må være away.,api_repaired,2,1,,,4-4,21-10,12-12,api_repaired,HD,Gladsaxe Søborg,Hvidovre HB2000,0,1,ikke relevant
9469,1994,238569,2016-11-06,,home,holdresultat,entydig,udledt,2 hjemme- og 0 udesejre mangler blandt 2 ukendte i holdkampen; alle ukendte må være home.,complete,0,2,,,11-2,- - -,- - -,complete,DS,Gladsaxe Søborg 3,KSI Badmintonklub Kbh. 3,2,0,ikke relevant
9475,1994,238569,2016-11-06,,home,holdresultat,entydig,udledt,2 hjemme- og 0 udesejre mangler blandt 2 ukendte i holdkampen; alle ukendte må være home.,complete,0,2,,,11-2,- - -,- - -,complete,DD,Gladsaxe Søborg 3,KSI Badmintonklub Kbh. 3,2,0,ikke relevant
9682,2025,238829,2016-11-06,,away,holdresultat,entydig,udledt,0 hjemme- og 1 udesejre mangler blandt 1 ukendte i holdkampen; alle ukendte må være away.,complete,0,1,,,8-4,- - -,- - -,complete,HD,Gentofte 3,Gladsaxe Søborg 2,0,1,ikke relevant
9837,2039,242764,2016-11-13,R,away,holdresultat,entydig,udledt,0 hjemme- og 1 udesejre mangler blandt 1 ukendte i holdkampen; alle ukendte må være away.,browser_zero_score,0,1,,,1-11,0,0,browser_zero_score,HD,Gladsaxe Søborg 4,Rødovre 2,0,1,ikke relevant
9482,1995,238573,2016-12-04,,home,holdresultat,entydig,udledt,2 hjemme- og 0 udesejre mangler blandt 2 ukendte i holdkampen; alle ukendte må være home.,complete,0,2,,,7-6,- - -,- - -,complete,DS,Drive 7,Gladsaxe Søborg 3,2,0,ikke relevant
9488,1995,238573,2016-12-04,,home,holdresultat,entydig,udledt,2 hjemme- og 0 udesejre mangler blandt 2 ukendte i holdkampen; alle ukendte må være home.,complete,0,2,,,7-6,- - -,- - -,complete,DD,Drive 7,Gladsaxe Søborg 3,2,0,ikke relevant
9571,2012,238716,2016-12-04,,home,holdresultat,entydig,udledt,10 hjemme- og 0 udesejre mangler blandt 10 ukendte i holdkampen; alle ukendte må være home.,complete,0,10,,,10-0,- - -,- - -,complete,MD,Pan Kbh. 3,Gladsaxe Søborg 4,10,0,ikke relevant
9572,2012,238716,2016-12-04,,home,holdresultat,entydig,udledt,10 hjemme- og 0 udesejre mangler blandt 10 ukendte i holdkampen; alle ukendte må være home.,complete,0,10,,,10-0,- - -,- - -,complete,MD,Pan Kbh. 3,Gladsaxe Søborg 4,10,0,ikke relevant
9573,2012,238716,2016-12-04,,home,holdresultat,entydig,udledt,10 hjemme- og 0 udesejre mangler blandt 10 ukendte i holdkampen; alle ukendte må være home.,complete,0,10,,,10-0,- - -,- - -,complete,HS,Pan Kbh. 3,Gladsaxe Søborg 4,10,0,ikke relevant
9574,2012,238716,2016-12-04,,home,holdresultat,entydig,udledt,10 hjemme- og 0 udesejre mangler blandt 10 ukendte i holdkampen; alle ukendte må være home.,complete,0,10,,,10-0,- - -,- - -,complete,HS,Pan Kbh. 3,Gladsaxe Søborg 4,10,0,ikke relevant
9575,2012,238716,2016-12-04,,home,holdresultat,entydig,udledt,10 hjemme- og 0 udesejre mangler blandt 10 ukendte i holdkampen; alle ukendte må være home.,complete,0,10,,,10-0,- - -,- - -,complete,HS,Pan Kbh. 3,Gladsaxe Søborg 4,10,0,ikke relevant
9576,2012,238716,2016-12-04,,home,holdresultat,entydig,udledt,10 hjemme- og 0 udesejre mangler blandt 10 ukendte i holdkampen; alle ukendte må være home.,complete,0,10,,,10-0,- - -,- - -,complete,HS,Pan Kbh. 3,Gladsaxe Søborg 4,10,0,ikke relevant
9577,2012,238716,2016-12-04,,home,holdresultat,entydig,udledt,10 hjemme- og 0 udesejre mangler blandt 10 ukendte i holdkampen; alle ukendte må være home.,complete,0,10,,,10-0,- - -,- - -,complete,DD,Pan Kbh. 3,Gladsaxe Søborg 4,10,0,ikke relevant
9578,2012,238716,2016-12-04,,home,holdresultat,entydig,udledt,10 hjemme- og 0 udesejre mangler blandt 10 ukendte i holdkampen; alle ukendte må være home.,complete,0,10,,,10-0,- - -,- - -,complete,HD,Pan Kbh. 3,Gladsaxe Søborg 4,10,0,ikke relevant
9579,2012,238716,2016-12-04,,home,holdresultat,entydig,udledt,10 hjemme- og 0 udesejre mangler blandt 10 ukendte i holdkampen; alle ukendte må være home.,complete,0,10,,,10-0,- - -,- - -,complete,HD,Pan Kbh. 3,Gladsaxe Søborg 4,10,0,ikke relevant
9580,2012,238716,2016-12-04,,home,holdresultat,entydig,udledt,10 hjemme- og 0 udesejre mangler blandt 10 ukendte i holdkampen; alle ukendte må være home.,complete,0,10,,,10-0,- - -,- - -,complete,HD,Pan Kbh. 3,Gladsaxe Søborg 4,10,0,ikke relevant
9136,1949,239230,2016-12-11,,away,holdresultat,entydig,udledt,0 hjemme- og 2 udesejre mangler blandt 2 ukendte i holdkampen; alle ukendte må være away.,complete,0,2,(Ikke fremmødt),,0-8,- - -,- - -,complete,DS,Gentofte,Gladsaxe Søborg,0,2,ikke relevant
9140,1949,239230,2016-12-11,,away,holdresultat,entydig,udledt,0 hjemme- og 2 udesejre mangler blandt 2 ukendte i holdkampen; alle ukendte må være away.,complete,0,2,(Ikke fremmødt),,0-8,- - -,- - -,complete,DD,Gentofte,Gladsaxe Søborg,0,2,ikke relevant
9845,2040,242767,2016-12-18,,home,holdresultat,entydig,udledt,3 hjemme- og 0 udesejre mangler blandt 3 ukendte i holdkampen; alle ukendte må være home.,complete,0,3,,,6-6,- - -,- - -,complete,MD,Gladsaxe Søborg 4,KBK Kbh. 3,3,0,ikke relevant
9846,2040,242767,2016-12-18,,home,holdresultat,entydig,udledt,3 hjemme- og 0 udesejre mangler blandt 3 ukendte i holdkampen; alle ukendte må være home.,complete,0,3,,,6-6,- - -,- - -,complete,MD,Gladsaxe Søborg 4,KBK Kbh. 3,3,0,ikke relevant
9848,2040,242767,2016-12-18,,home,holdresultat,entydig,udledt,3 hjemme- og 0 udesejre mangler blandt 3 ukendte i holdkampen; alle ukendte må være home.,complete,0,3,,,6-6,- - -,- - -,complete,DD,Gladsaxe Søborg 4,KBK Kbh. 3,3,0,ikke relevant
10023,2061,239878,2016-12-18,,away,holdresultat,entydig,udledt,0 hjemme- og 8 udesejre mangler blandt 8 ukendte i holdkampen; alle ukendte må være away.,complete,0,8,,,0-8,- - -,- - -,complete,MD,Gladsaxe Søborg 3,Charlottenlund 2,0,8,ikke relevant
10024,2061,239878,2016-12-18,,away,holdresultat,entydig,udledt,0 hjemme- og 8 udesejre mangler blandt 8 ukendte i holdkampen; alle ukendte må være away.,complete,0,8,,,0-8,- - -,- - -,complete,MD,Gladsaxe Søborg 3,Charlottenlund 2,0,8,ikke relevant
10025,2061,239878,2016-12-18,,away,holdresultat,entydig,udledt,0 hjemme- og 8 udesejre mangler blandt 8 ukendte i holdkampen; alle ukendte må være away.,complete,0,8,,,0-8,- - -,- - -,complete,HD,Gladsaxe Søborg 3,Charlottenlund 2,0,8,ikke relevant
10026,2061,239878,2016-12-18,,away,holdresultat,entydig,udledt,0 hjemme- og 8 udesejre mangler blandt 8 ukendte i holdkampen; alle ukendte må være away.,complete,0,8,,,0-8,- - -,- - -,complete,HD,Gladsaxe Søborg 3,Charlottenlund 2,0,8,ikke relevant
10027,2061,239878,2016-12-18,,away,holdresultat,entydig,udledt,0 hjemme- og 8 udesejre mangler blandt 8 ukendte i holdkampen; alle ukendte må være away.,complete,0,8,,,0-8,- - -,- - -,complete,DD,Gladsaxe Søborg 3,Charlottenlund 2,0,8,ikke relevant
10028,2061,239878,2016-12-18,,away,holdresultat,entydig,udledt,0 hjemme- og 8 udesejre mangler blandt 8 ukendte i holdkampen; alle ukendte må være away.,complete,0,8,,,0-8,- - -,- - -,complete,HD,Gladsaxe Søborg 3,Charlottenlund 2,0,8,ikke relevant
10029,2061,239878,2016-12-18,,away,holdresultat,entydig,udledt,0 hjemme- og 8 udesejre mangler blandt 8 ukendte i holdkampen; alle ukendte må være away.,complete,0,8,,,0-8,- - -,- - -,complete,HD,Gladsaxe Søborg 3,Charlottenlund 2,0,8,ikke relevant
10030,2061,239878,2016-12-18,,away,holdresultat,entydig,udledt,0 hjemme- og 8 udesejre mangler blandt 8 ukendte i holdkampen; alle ukendte må være away.,complete,0,8,,,0-8,- - -,- - -,complete,HD,Gladsaxe Søborg 3,Charlottenlund 2,0,8,ikke relevant
9499,1996,238577,2017-01-08,,home,holdresultat,entydig,udledt,2 hjemme- og 0 udesejre mangler blandt 2 ukendte i holdkampen; alle ukendte må være home.,complete,0,2,,,10-3,- - -,- - -,complete,HS,Gladsaxe Søborg 3,Hvidovre HB2000 3,2,0,ikke relevant
9504,1996,238577,2017-01-08,,home,holdresultat,entydig,udledt,2 hjemme- og 0 udesejre mangler blandt 2 ukendte i holdkampen; alle ukendte må være home.,complete,0,2,,,10-3,- - -,- - -,complete,HD,Gladsaxe Søborg 3,Hvidovre HB2000 3,2,0,ikke relevant
9581,2013,238721,2017-01-08,,home,holdresultat,entydig,udledt,10 hjemme- og 0 udesejre mangler blandt 10 ukendte i holdkampen; alle ukendte må være home.,complete,0,10,,,10-0,- - -,- - -,complete,MD,Hvidovre 5,Gladsaxe Søborg 4,10,0,ikke relevant
9582,2013,238721,2017-01-08,,home,holdresultat,entydig,udledt,10 hjemme- og 0 udesejre mangler blandt 10 ukendte i holdkampen; alle ukendte må være home.,complete,0,10,,,10-0,- - -,- - -,complete,MD,Hvidovre 5,Gladsaxe Søborg 4,10,0,ikke relevant
9583,2013,238721,2017-01-08,,home,holdresultat,entydig,udledt,10 hjemme- og 0 udesejre mangler blandt 10 ukendte i holdkampen; alle ukendte må være home.,complete,0,10,,,10-0,- - -,- - -,complete,HS,Hvidovre 5,Gladsaxe Søborg 4,10,0,ikke relevant
9584,2013,238721,2017-01-08,,home,holdresultat,entydig,udledt,10 hjemme- og 0 udesejre mangler blandt 10 ukendte i holdkampen; alle ukendte må være home.,complete,0,10,,,10-0,- - -,- - -,complete,HS,Hvidovre 5,Gladsaxe Søborg 4,10,0,ikke relevant
9585,2013,238721,2017-01-08,,home,holdresultat,entydig,udledt,10 hjemme- og 0 udesejre mangler blandt 10 ukendte i holdkampen; alle ukendte må være home.,complete,0,10,,,10-0,- - -,- - -,complete,HS,Hvidovre 5,Gladsaxe Søborg 4,10,0,ikke relevant
9586,2013,238721,2017-01-08,,home,holdresultat,entydig,udledt,10 hjemme- og 0 udesejre mangler blandt 10 ukendte i holdkampen; alle ukendte må være home.,complete,0,10,,,10-0,- - -,- - -,complete,HS,Hvidovre 5,Gladsaxe Søborg 4,10,0,ikke relevant
9587,2013,238721,2017-01-08,,home,holdresultat,entydig,udledt,10 hjemme- og 0 udesejre mangler blandt 10 ukendte i holdkampen; alle ukendte må være home.,complete,0,10,,,10-0,- - -,- - -,complete,DD,Hvidovre 5,Gladsaxe Søborg 4,10,0,ikke relevant
9588,2013,238721,2017-01-08,,home,holdresultat,entydig,udledt,10 hjemme- og 0 udesejre mangler blandt 10 ukendte i holdkampen; alle ukendte må være home.,complete,0,10,,,10-0,- - -,- - -,complete,HD,Hvidovre 5,Gladsaxe Søborg 4,10,0,ikke relevant
9589,2013,238721,2017-01-08,,home,holdresultat,entydig,udledt,10 hjemme- og 0 udesejre mangler blandt 10 ukendte i holdkampen; alle ukendte må være home.,complete,0,10,,,10-0,- - -,- - -,complete,HD,Hvidovre 5,Gladsaxe Søborg 4,10,0,ikke relevant
9590,2013,238721,2017-01-08,,home,holdresultat,entydig,udledt,10 hjemme- og 0 udesejre mangler blandt 10 ukendte i holdkampen; alle ukendte må være home.,complete,0,10,,,10-0,- - -,- - -,complete,HD,Hvidovre 5,Gladsaxe Søborg 4,10,0,ikke relevant
9863,2041,242842,2017-01-15,,home,holdresultat,entydig,udledt,3 hjemme- og 0 udesejre mangler blandt 3 ukendte i holdkampen; alle ukendte må være home.,complete,0,3,,,11-1,- - -,- - -,complete,HD,NBK Amager 2,Gladsaxe Søborg 4,3,0,ikke relevant
9864,2041,242842,2017-01-15,,home,holdresultat,entydig,udledt,3 hjemme- og 0 udesejre mangler blandt 3 ukendte i holdkampen; alle ukendte må være home.,complete,0,3,,,11-1,- - -,- - -,complete,HD,NBK Amager 2,Gladsaxe Søborg 4,3,0,ikke relevant
9866,2041,242842,2017-01-15,,home,holdresultat,entydig,udledt,3 hjemme- og 0 udesejre mangler blandt 3 ukendte i holdkampen; alle ukendte må være home.,complete,0,3,,,11-1,- - -,- - -,complete,HD,NBK Amager 2,Gladsaxe Søborg 4,3,0,ikke relevant
9988,2056,239858,2017-01-15,T,away,holdresultat,entydig,udledt,0 hjemme- og 1 udesejre mangler blandt 1 ukendte i holdkampen; alle ukendte må være away.,api_repaired,2,1,,,5-3,17-21,21-18,api_repaired,HD,Gladsaxe Søborg 2,Tingbjerg,0,1,ikke relevant
9720,2028,238838,2017-02-05,,away,holdresultat,entydig,udledt,0 hjemme- og 3 udesejre mangler blandt 3 ukendte i holdkampen; alle ukendte må være away.,complete,0,3,,,2-10,- - -,- - -,complete,HD,Gladsaxe Søborg 2,Hvidovre 2,0,3,ikke relevant
9721,2028,238838,2017-02-05,,away,holdresultat,entydig,udledt,0 hjemme- og 3 udesejre mangler blandt 3 ukendte i holdkampen; alle ukendte må være away.,complete,0,3,,,2-10,- - -,- - -,complete,HD,Gladsaxe Søborg 2,Hvidovre 2,0,3,ikke relevant
9722,2028,238838,2017-02-05,,away,holdresultat,entydig,udledt,0 hjemme- og 3 udesejre mangler blandt 3 ukendte i holdkampen; alle ukendte må være away.,complete,0,3,,,2-10,- - -,- - -,complete,HD,Gladsaxe Søborg 2,Hvidovre 2,0,3,ikke relevant
9151,1951,239240,2017-03-12,,away,holdresultat,entydig,udledt,0 hjemme- og 3 udesejre mangler blandt 3 ukendte i holdkampen; alle ukendte må være away.,complete,0,3,,,1-7,- - -,- - -,complete,MD,Lyngby 2,Gladsaxe Søborg,0,3,ikke relevant
9152,1951,239240,2017-03-12,,away,holdresultat,entydig,udledt,0 hjemme- og 3 udesejre mangler blandt 3 ukendte i holdkampen; alle ukendte må være away.,complete,0,3,,,1-7,- - -,- - -,complete,DS,Lyngby 2,Gladsaxe Søborg,0,3,ikke relevant
9156,1951,239240,2017-03-12,,away,holdresultat,entydig,udledt,0 hjemme- og 3 udesejre mangler blandt 3 ukendte i holdkampen; alle ukendte må være away.,complete,0,3,,,1-7,- - -,- - -,complete,DD,Lyngby 2,Gladsaxe Søborg,0,3,ikke relevant
9428,1991,276998,2017-03-12,,home,holdresultat,entydig,udledt,2 hjemme- og 0 udesejre mangler blandt 2 ukendte i holdkampen; alle ukendte må være home.,complete,0,2,,,9-4,- - -,- - -,complete,MD,Gladsaxe Søborg 2,PI København,2,0,ikke relevant
9436,1991,276998,2017-03-12,,home,holdresultat,entydig,udledt,2 hjemme- og 0 udesejre mangler blandt 2 ukendte i holdkampen; alle ukendte må være home.,complete,0,2,,,9-4,- - -,- - -,complete,DD,Gladsaxe Søborg 2,PI København,2,0,ikke relevant
9958,2052,239811,2017-03-19,H,away,holdresultat,entydig,udledt,0 hjemme- og 1 udesejre mangler blandt 1 ukendte i holdkampen; alle ukendte må være away.,api_repaired,2,1,,,2-6,21-5,16-11,api_repaired,HD,Gladsaxe Søborg,Hvidovre,0,1,ikke relevant
9530,1999,238589,2017-04-02,,away,holdresultat,entydig,udledt,0 hjemme- og 1 udesejre mangler blandt 1 ukendte i holdkampen; alle ukendte må være away.,complete,0,1,,,2-11,- - -,- - -,complete,HD,BC KVIK Kbh.,Gladsaxe Søborg 3,0,1,ikke relevant
8217,1845,320284,2018-04-21 14:30:00,,,holdresultat ikke entydigt,uafklaret,uafklaret,Holdresultatet efter kendte sejre efterlader 0 hjemme- og 0 udesejre blandt 4 ukendte; udfaldet er ikke entydigt.,complete,0,4,,,2-7,- - -,- - -,complete,HS,Gladsaxe Søborg,Holte 2,0,0,ikke relevant
8220,1845,320284,2018-04-21 14:30:00,,,holdresultat ikke entydigt,uafklaret,uafklaret,Holdresultatet efter kendte sejre efterlader 0 hjemme- og 0 udesejre blandt 4 ukendte; udfaldet er ikke entydigt.,complete,0,4,,,2-7,- - -,- - -,complete,HD,Gladsaxe Søborg,Holte 2,0,0,ikke relevant
8221,1845,320284,2018-04-21 14:30:00,,,holdresultat ikke entydigt,uafklaret,uafklaret,Holdresultatet efter kendte sejre efterlader 0 hjemme- og 0 udesejre blandt 4 ukendte; udfaldet er ikke entydigt.,complete,0,4,,,2-7,- - -,- - -,complete,HD,Gladsaxe Søborg,Holte 2,0,0,ikke relevant
8222,1845,320284,2018-04-21 14:30:00,,,holdresultat ikke entydigt,uafklaret,uafklaret,Holdresultatet efter kendte sejre efterlader 0 hjemme- og 0 udesejre blandt 4 ukendte; udfaldet er ikke entydigt.,complete,0,4,,,2-7,- - -,- - -,complete,HD,Gladsaxe Søborg,Holte 2,0,0,ikke relevant
8734,1886,280838,2017-10-01,,home,holdresultat,entydig,udledt,2 hjemme- og 0 udesejre mangler blandt 2 ukendte i holdkampen; alle ukendte må være home.,complete,0,2,,,7-5,- - -,- - -,complete,MD,BC KVIK Kbh.,Gladsaxe Søborg 3,2,0,ikke relevant
8736,1886,280838,2017-10-01,,home,holdresultat,entydig,udledt,2 hjemme- og 0 udesejre mangler blandt 2 ukendte i holdkampen; alle ukendte må være home.,complete,0,2,,,7-5,- - -,- - -,complete,DD,BC KVIK Kbh.,Gladsaxe Søborg 3,2,0,ikke relevant
8746,1887,280842,2017-11-05,,home,holdresultat,entydig,udledt,2 hjemme- og 0 udesejre mangler blandt 2 ukendte i holdkampen; alle ukendte må være home.,complete,0,2,,,12-0,- - -,- - -,complete,MD,Gladsaxe Søborg 3,Hvidovre HB2000 3,2,0,ikke relevant
8748,1887,280842,2017-11-05,,home,holdresultat,entydig,udledt,2 hjemme- og 0 udesejre mangler blandt 2 ukendte i holdkampen; alle ukendte må være home.,complete,0,2,,,12-0,- - -,- - -,complete,DD,Gladsaxe Søborg 3,Hvidovre HB2000 3,2,0,ikke relevant
8824,1893,281758,2017-11-05,,home,holdresultat,entydig,udledt,3 hjemme- og 0 udesejre mangler blandt 3 ukendte i holdkampen; alle ukendte må være home.,complete,0,3,,,5-7,- - -,- - -,complete,HD,Ryparken 2,Gladsaxe Søborg 4,3,0,ikke relevant
8825,1893,281758,2017-11-05,,home,holdresultat,entydig,udledt,3 hjemme- og 0 udesejre mangler blandt 3 ukendte i holdkampen; alle ukendte må være home.,complete,0,3,,,5-7,- - -,- - -,complete,HD,Ryparken 2,Gladsaxe Søborg 4,3,0,ikke relevant
8826,1893,281758,2017-11-05,,home,holdresultat,entydig,udledt,3 hjemme- og 0 udesejre mangler blandt 3 ukendte i holdkampen; alle ukendte må være home.,complete,0,3,,,5-7,- - -,- - -,complete,HD,Ryparken 2,Gladsaxe Søborg 4,3,0,ikke relevant
9069,1921,281228,2017-11-05,,away,holdresultat,entydig,udledt,0 hjemme- og 1 udesejre mangler blandt 1 ukendte i holdkampen; alle ukendte må være away.,complete,0,1,,,4-4,- - -,- - -,complete,HD,Gladsaxe Søborg,Lyngby,0,1,ikke relevant
8535,1870,281421,2017-11-26,,away,holdresultat,entydig,udledt,0 hjemme- og 13 udesejre mangler blandt 13 ukendte i holdkampen; alle ukendte må være away.,complete,0,13,,,0-13,- - -,- - -,complete,MD,Pan Kbh.,Gladsaxe Søborg 3,0,13,ikke relevant
8536,1870,281421,2017-11-26,,away,holdresultat,entydig,udledt,0 hjemme- og 13 udesejre mangler blandt 13 ukendte i holdkampen; alle ukendte må være away.,complete,0,13,,,0-13,- - -,- - -,complete,MD,Pan Kbh.,Gladsaxe Søborg 3,0,13,ikke relevant
8537,1870,281421,2017-11-26,,away,holdresultat,entydig,udledt,0 hjemme- og 13 udesejre mangler blandt 13 ukendte i holdkampen; alle ukendte må være away.,complete,0,13,,,0-13,- - -,- - -,complete,DS,Pan Kbh.,Gladsaxe Søborg 3,0,13,ikke relevant
8538,1870,281421,2017-11-26,,away,holdresultat,entydig,udledt,0 hjemme- og 13 udesejre mangler blandt 13 ukendte i holdkampen; alle ukendte må være away.,complete,0,13,,,0-13,- - -,- - -,complete,DS,Pan Kbh.,Gladsaxe Søborg 3,0,13,ikke relevant
8539,1870,281421,2017-11-26,,away,holdresultat,entydig,udledt,0 hjemme- og 13 udesejre mangler blandt 13 ukendte i holdkampen; alle ukendte må være away.,complete,0,13,,,0-13,- - -,- - -,complete,HS,Pan Kbh.,Gladsaxe Søborg 3,0,13,ikke relevant
8540,1870,281421,2017-11-26,,away,holdresultat,entydig,udledt,0 hjemme- og 13 udesejre mangler blandt 13 ukendte i holdkampen; alle ukendte må være away.,complete,0,13,,,0-13,- - -,- - -,complete,HS,Pan Kbh.,Gladsaxe Søborg 3,0,13,ikke relevant
8541,1870,281421,2017-11-26,,away,holdresultat,entydig,udledt,0 hjemme- og 13 udesejre mangler blandt 13 ukendte i holdkampen; alle ukendte må være away.,complete,0,13,,,0-13,- - -,- - -,complete,HS,Pan Kbh.,Gladsaxe Søborg 3,0,13,ikke relevant
8542,1870,281421,2017-11-26,,away,holdresultat,entydig,udledt,0 hjemme- og 13 udesejre mangler blandt 13 ukendte i holdkampen; alle ukendte må være away.,complete,0,13,,,0-13,- - -,- - -,complete,HS,Pan Kbh.,Gladsaxe Søborg 3,0,13,ikke relevant
8543,1870,281421,2017-11-26,,away,holdresultat,entydig,udledt,0 hjemme- og 13 udesejre mangler blandt 13 ukendte i holdkampen; alle ukendte må være away.,complete,0,13,,,0-13,- - -,- - -,complete,DD,Pan Kbh.,Gladsaxe Søborg 3,0,13,ikke relevant
8544,1870,281421,2017-11-26,,away,holdresultat,entydig,udledt,0 hjemme- og 13 udesejre mangler blandt 13 ukendte i holdkampen; alle ukendte må være away.,complete,0,13,,,0-13,- - -,- - -,complete,DD,Pan Kbh.,Gladsaxe Søborg 3,0,13,ikke relevant
8545,1870,281421,2017-11-26,,away,holdresultat,entydig,udledt,0 hjemme- og 13 udesejre mangler blandt 13 ukendte i holdkampen; alle ukendte må være away.,complete,0,13,,,0-13,- - -,- - -,complete,HD,Pan Kbh.,Gladsaxe Søborg 3,0,13,ikke relevant
8546,1870,281421,2017-11-26,,away,holdresultat,entydig,udledt,0 hjemme- og 13 udesejre mangler blandt 13 ukendte i holdkampen; alle ukendte må være away.,complete,0,13,,,0-13,- - -,- - -,complete,HD,Pan Kbh.,Gladsaxe Søborg 3,0,13,ikke relevant
8547,1870,281421,2017-11-26,,away,holdresultat,entydig,udledt,0 hjemme- og 13 udesejre mangler blandt 13 ukendte i holdkampen; alle ukendte må være away.,complete,0,13,,,0-13,- - -,- - -,complete,HD,Pan Kbh.,Gladsaxe Søborg 3,0,13,ikke relevant
8966,1908,281028,2017-11-26,,,holdresultat ikke entydigt,uafklaret,uafklaret,Holdresultatet efter kendte sejre efterlader -1 hjemme- og 2 udesejre blandt 1 ukendte; udfaldet er ikke entydigt.,complete,0,1,,,4-4,- - -,- - -,complete,HD,Charlottenlund 2,Gladsaxe Søborg 2,-1,2,ikke relevant
9080,1923,280569,2017-12-17,,home,holdresultat,entydig,udledt,2 hjemme- og 0 udesejre mangler blandt 2 ukendte i holdkampen; alle ukendte må være home.,complete,0,2,,,8-0,- - -,- - -,complete,MD,Gladsaxe Søborg,FKIF Frederiksberg,2,0,ikke relevant
9086,1923,280569,2017-12-17,,home,holdresultat,entydig,udledt,2 hjemme- og 0 udesejre mangler blandt 2 ukendte i holdkampen; alle ukendte må være home.,complete,0,2,,,8-0,- - -,- - -,complete,HD,Gladsaxe Søborg,FKIF Frederiksberg,2,0,ikke relevant
8851,1896,281774,2018-01-28,B,,holdresultat ikke entydigt,uafklaret,uafklaret,Holdresultatet efter kendte sejre efterlader 3 hjemme- og 2 udesejre blandt 5 ukendte; udfaldet er ikke entydigt.,api_repaired,2,5,,,5-7,21-1,11-4,api_repaired,MD,Gladsaxe Søborg 4,BC37 Amager 2,3,2,ikke relevant
8854,1896,281774,2018-01-28,,,holdresultat ikke entydigt,uafklaret,uafklaret,Holdresultatet efter kendte sejre efterlader 3 hjemme- og 2 udesejre blandt 5 ukendte; udfaldet er ikke entydigt.,complete,0,5,,,5-7,- - -,- - -,complete,MD,Gladsaxe Søborg 4,BC37 Amager 2,3,2,ikke relevant
8856,1896,281774,2018-01-28,,,holdresultat ikke entydigt,uafklaret,uafklaret,Holdresultatet efter kendte sejre efterlader 3 hjemme- og 2 udesejre blandt 5 ukendte; udfaldet er ikke entydigt.,complete,0,5,,,5-7,- - -,- - -,complete,DD,Gladsaxe Søborg 4,BC37 Amager 2,3,2,ikke relevant
8857,1896,281774,2018-01-28,,,holdresultat ikke entydigt,uafklaret,uafklaret,Holdresultatet efter kendte sejre efterlader 3 hjemme- og 2 udesejre blandt 5 ukendte; udfaldet er ikke entydigt.,complete,0,5,,,5-7,- - -,- - -,complete,HD,Gladsaxe Søborg 4,BC37 Amager 2,3,2,ikke relevant
8860,1896,281774,2018-01-28,,,holdresultat ikke entydigt,uafklaret,uafklaret,Holdresultatet efter kendte sejre efterlader 3 hjemme- og 2 udesejre blandt 5 ukendte; udfaldet er ikke entydigt.,complete,0,5,,,5-7,- - -,- - -,complete,HD,Gladsaxe Søborg 4,BC37 Amager 2,3,2,ikke relevant
9045,1918,281071,2018-02-11,,away,holdresultat,entydig,udledt,0 hjemme- og 1 udesejre mangler blandt 1 ukendte i holdkampen; alle ukendte må være away.,complete,0,1,,,2-6,- - -,- - -,complete,HD,Gladsaxe Søborg 3,Posten Kbh.,0,1,ikke relevant
8335,1854,317665,2018-02-24,,away,holdresultat,entydig,udledt,0 hjemme- og 1 udesejre mangler blandt 1 ukendte i holdkampen; alle ukendte må være away.,complete,0,1,,,1-12,- - -,- - -,complete,DD,Holte 3,Gladsaxe Søborg,0,1,ikke relevant
8194,1837,296195,2018-03-11,,home,holdresultat,entydig,udledt,8 hjemme- og 0 udesejre mangler blandt 8 ukendte i holdkampen; alle ukendte må være home.,complete,0,8,,,8-0,- - -,- - -,complete,MD,Gentofte 1,Gladsaxe Søborg 1,8,0,ikke relevant
8195,1837,296195,2018-03-11,,home,holdresultat,entydig,udledt,8 hjemme- og 0 udesejre mangler blandt 8 ukendte i holdkampen; alle ukendte må være home.,complete,0,8,,,8-0,- - -,- - -,complete,DS,Gentofte 1,Gladsaxe Søborg 1,8,0,ikke relevant
8196,1837,296195,2018-03-11,,home,holdresultat,entydig,udledt,8 hjemme- og 0 udesejre mangler blandt 8 ukendte i holdkampen; alle ukendte må være home.,complete,0,8,,,8-0,- - -,- - -,complete,HS,Gentofte 1,Gladsaxe Søborg 1,8,0,ikke relevant
8197,1837,296195,2018-03-11,,home,holdresultat,entydig,udledt,8 hjemme- og 0 udesejre mangler blandt 8 ukendte i holdkampen; alle ukendte må være home.,complete,0,8,,,8-0,- - -,- - -,complete,HS,Gentofte 1,Gladsaxe Søborg 1,8,0,ikke relevant
8198,1837,296195,2018-03-11,,home,holdresultat,entydig,udledt,8 hjemme- og 0 udesejre mangler blandt 8 ukendte i holdkampen; alle ukendte må være home.,complete,0,8,,,8-0,- - -,- - -,complete,HS,Gentofte 1,Gladsaxe Søborg 1,8,0,ikke relevant
8199,1837,296195,2018-03-11,,home,holdresultat,entydig,udledt,8 hjemme- og 0 udesejre mangler blandt 8 ukendte i holdkampen; alle ukendte må være home.,complete,0,8,,,8-0,- - -,- - -,complete,DD,Gentofte 1,Gladsaxe Søborg 1,8,0,ikke relevant
8200,1837,296195,2018-03-11,,home,holdresultat,entydig,udledt,8 hjemme- og 0 udesejre mangler blandt 8 ukendte i holdkampen; alle ukendte må være home.,complete,0,8,,,8-0,- - -,- - -,complete,HD,Gentofte 1,Gladsaxe Søborg 1,8,0,ikke relevant
8201,1837,296195,2018-03-11,,home,holdresultat,entydig,udledt,8 hjemme- og 0 udesejre mangler blandt 8 ukendte i holdkampen; alle ukendte må være home.,complete,0,8,,,8-0,- - -,- - -,complete,HD,Gentofte 1,Gladsaxe Søborg 1,8,0,ikke relevant
8202,1838,296196,2018-03-11,,away,holdresultat,entydig,udledt,0 hjemme- og 8 udesejre mangler blandt 8 ukendte i holdkampen; alle ukendte må være away.,complete,0,8,,,0-8,- - -,- - -,complete,MD,Gladsaxe Søborg 1,Badminton Roskilde 1,0,8,ikke relevant
8203,1838,296196,2018-03-11,,away,holdresultat,entydig,udledt,0 hjemme- og 8 udesejre mangler blandt 8 ukendte i holdkampen; alle ukendte må være away.,complete,0,8,,,0-8,- - -,- - -,complete,DS,Gladsaxe Søborg 1,Badminton Roskilde 1,0,8,ikke relevant
8204,1838,296196,2018-03-11,,away,holdresultat,entydig,udledt,0 hjemme- og 8 udesejre mangler blandt 8 ukendte i holdkampen; alle ukendte må være away.,complete,0,8,,,0-8,- - -,- - -,complete,HS,Gladsaxe Søborg 1,Badminton Roskilde 1,0,8,ikke relevant
8205,1838,296196,2018-03-11,,away,holdresultat,entydig,udledt,0 hjemme- og 8 udesejre mangler blandt 8 ukendte i holdkampen; alle ukendte må være away.,complete,0,8,,,0-8,- - -,- - -,complete,HS,Gladsaxe Søborg 1,Badminton Roskilde 1,0,8,ikke relevant
8206,1838,296196,2018-03-11,,away,holdresultat,entydig,udledt,0 hjemme- og 8 udesejre mangler blandt 8 ukendte i holdkampen; alle ukendte må være away.,complete,0,8,,,0-8,- - -,- - -,complete,HS,Gladsaxe Søborg 1,Badminton Roskilde 1,0,8,ikke relevant
8207,1838,296196,2018-03-11,,away,holdresultat,entydig,udledt,0 hjemme- og 8 udesejre mangler blandt 8 ukendte i holdkampen; alle ukendte må være away.,complete,0,8,,,0-8,- - -,- - -,complete,DD,Gladsaxe Søborg 1,Badminton Roskilde 1,0,8,ikke relevant
8208,1838,296196,2018-03-11,,away,holdresultat,entydig,udledt,0 hjemme- og 8 udesejre mangler blandt 8 ukendte i holdkampen; alle ukendte må være away.,complete,0,8,,,0-8,- - -,- - -,complete,HD,Gladsaxe Søborg 1,Badminton Roskilde 1,0,8,ikke relevant
8209,1838,296196,2018-03-11,,away,holdresultat,entydig,udledt,0 hjemme- og 8 udesejre mangler blandt 8 ukendte i holdkampen; alle ukendte må være away.,complete,0,8,,,0-8,- - -,- - -,complete,HD,Gladsaxe Søborg 1,Badminton Roskilde 1,0,8,ikke relevant
8563,1872,281436,2018-03-18,,,holdresultat ikke entydigt,uafklaret,uafklaret,Holdresultatet efter kendte sejre efterlader 3 hjemme- og 1 udesejre blandt 4 ukendte; udfaldet er ikke entydigt.,complete,0,4,,,12-1,- - -,- - -,complete,DS,Gladsaxe Søborg 3,Tingbjerg,3,1,ikke relevant
8564,1872,281436,2018-03-18,,,holdresultat ikke entydigt,uafklaret,uafklaret,Holdresultatet efter kendte sejre efterlader 3 hjemme- og 1 udesejre blandt 4 ukendte; udfaldet er ikke entydigt.,complete,0,4,,,12-1,- - -,- - -,complete,DS,Gladsaxe Søborg 3,Tingbjerg,3,1,ikke relevant
8570,1872,281436,2018-03-18,,,holdresultat ikke entydigt,uafklaret,uafklaret,Holdresultatet efter kendte sejre efterlader 3 hjemme- og 1 udesejre blandt 4 ukendte; udfaldet er ikke entydigt.,complete,0,4,,,12-1,- - -,- - -,complete,DD,Gladsaxe Søborg 3,Tingbjerg,3,1,ikke relevant
8571,1872,281436,2018-03-18,T,,holdresultat ikke entydigt,uafklaret,uafklaret,Holdresultatet efter kendte sejre efterlader 3 hjemme- og 1 udesejre blandt 4 ukendte; udfaldet er ikke entydigt.,api_repaired,2,4,,,12-1,18-16,21-15,api_repaired,HD,Gladsaxe Søborg 3,Tingbjerg,3,1,ikke relevant
8497,1867,318180,2018-03-25,,away,holdresultat,entydig,udledt,0 hjemme- og 2 udesejre mangler blandt 2 ukendte i holdkampen; alle ukendte må være away.,complete,0,2,,,2-11,- - -,- - -,complete,MD,Amager ABC,Gladsaxe Søborg 2,0,2,ikke relevant
8505,1867,318180,2018-03-25,,away,holdresultat,entydig,udledt,0 hjemme- og 2 udesejre mangler blandt 2 ukendte i holdkampen; alle ukendte må være away.,complete,0,2,,,2-11,- - -,- - -,complete,DD,Amager ABC,Gladsaxe Søborg 2,0,2,ikke relevant
8875,1898,281786,2018-04-08,,away,holdresultat,entydig,udledt,0 hjemme- og 12 udesejre mangler blandt 12 ukendte i holdkampen; alle ukendte må være away.,complete,0,12,,,0-12,- - -,- - -,complete,MD,Gladsaxe Søborg 4,Tingbjerg 2,0,12,ikke relevant
8876,1898,281786,2018-04-08,,away,holdresultat,entydig,udledt,0 hjemme- og 12 udesejre mangler blandt 12 ukendte i holdkampen; alle ukendte må være away.,complete,0,12,,,0-12,- - -,- - -,complete,MD,Gladsaxe Søborg 4,Tingbjerg 2,0,12,ikke relevant
8877,1898,281786,2018-04-08,,away,holdresultat,entydig,udledt,0 hjemme- og 12 udesejre mangler blandt 12 ukendte i holdkampen; alle ukendte må være away.,complete,0,12,,,0-12,- - -,- - -,complete,MD,Gladsaxe Søborg 4,Tingbjerg 2,0,12,ikke relevant
8878,1898,281786,2018-04-08,,away,holdresultat,entydig,udledt,0 hjemme- og 12 udesejre mangler blandt 12 ukendte i holdkampen; alle ukendte må være away.,complete,0,12,,,0-12,- - -,- - -,complete,MD,Gladsaxe Søborg 4,Tingbjerg 2,0,12,ikke relevant
8879,1898,281786,2018-04-08,,away,holdresultat,entydig,udledt,0 hjemme- og 12 udesejre mangler blandt 12 ukendte i holdkampen; alle ukendte må være away.,complete,0,12,,,0-12,- - -,- - -,complete,DD,Gladsaxe Søborg 4,Tingbjerg 2,0,12,ikke relevant
8880,1898,281786,2018-04-08,,away,holdresultat,entydig,udledt,0 hjemme- og 12 udesejre mangler blandt 12 ukendte i holdkampen; alle ukendte må være away.,complete,0,12,,,0-12,- - -,- - -,complete,DD,Gladsaxe Søborg 4,Tingbjerg 2,0,12,ikke relevant
8881,1898,281786,2018-04-08,,away,holdresultat,entydig,udledt,0 hjemme- og 12 udesejre mangler blandt 12 ukendte i holdkampen; alle ukendte må være away.,complete,0,12,,,0-12,- - -,- - -,complete,HD,Gladsaxe Søborg 4,Tingbjerg 2,0,12,ikke relevant
8882,1898,281786,2018-04-08,,away,holdresultat,entydig,udledt,0 hjemme- og 12 udesejre mangler blandt 12 ukendte i holdkampen; alle ukendte må være away.,complete,0,12,,,0-12,- - -,- - -,complete,HD,Gladsaxe Søborg 4,Tingbjerg 2,0,12,ikke relevant
8883,1898,281786,2018-04-08,,away,holdresultat,entydig,udledt,0 hjemme- og 12 udesejre mangler blandt 12 ukendte i holdkampen; alle ukendte må være away.,complete,0,12,,,0-12,- - -,- - -,complete,HD,Gladsaxe Søborg 4,Tingbjerg 2,0,12,ikke relevant
8884,1898,281786,2018-04-08,,away,holdresultat,entydig,udledt,0 hjemme- og 12 udesejre mangler blandt 12 ukendte i holdkampen; alle ukendte må være away.,complete,0,12,,,0-12,- - -,- - -,complete,HD,Gladsaxe Søborg 4,Tingbjerg 2,0,12,ikke relevant
8885,1898,281786,2018-04-08,,away,holdresultat,entydig,udledt,0 hjemme- og 12 udesejre mangler blandt 12 ukendte i holdkampen; alle ukendte må være away.,complete,0,12,,,0-12,- - -,- - -,complete,HD,Gladsaxe Søborg 4,Tingbjerg 2,0,12,ikke relevant
8886,1898,281786,2018-04-08,,away,holdresultat,entydig,udledt,0 hjemme- og 12 udesejre mangler blandt 12 ukendte i holdkampen; alle ukendte må være away.,complete,0,12,,,0-12,- - -,- - -,complete,HD,Gladsaxe Søborg 4,Tingbjerg 2,0,12,ikke relevant
8575,1873,281440,2018-04-15,,home,holdresultat,entydig,udledt,2 hjemme- og 0 udesejre mangler blandt 2 ukendte i holdkampen; alle ukendte må være home.,complete,0,2,,,13-0,- - -,- - -,complete,MD,Gladsaxe Søborg 3,BC KVIK Kbh.,2,0,ikke relevant
8586,1873,281440,2018-04-15,,home,holdresultat,entydig,udledt,2 hjemme- og 0 udesejre mangler blandt 2 ukendte i holdkampen; alle ukendte må være home.,complete,0,2,,,13-0,- - -,- - -,complete,HD,Gladsaxe Søborg 3,BC KVIK Kbh.,2,0,ikke relevant
7701,1740,330211,2018-09-23,,home,holdresultat,entydig,udledt,3 hjemme- og 0 udesejre mangler blandt 3 ukendte i holdkampen; alle ukendte må være home.,complete,0,3,,,12-0,- - -,- - -,complete,MD,Vanløse 2,Gladsaxe Søborg 4,3,0,ikke relevant
7703,1740,330211,2018-09-23,,home,holdresultat,entydig,udledt,3 hjemme- og 0 udesejre mangler blandt 3 ukendte i holdkampen; alle ukendte må være home.,complete,0,3,,,12-0,- - -,- - -,complete,DD,Vanløse 2,Gladsaxe Søborg 4,3,0,ikke relevant
7707,1740,330211,2018-09-23,,home,holdresultat,entydig,udledt,3 hjemme- og 0 udesejre mangler blandt 3 ukendte i holdkampen; alle ukendte må være home.,complete,0,3,,,12-0,- - -,- - -,complete,HD,Vanløse 2,Gladsaxe Søborg 4,3,0,ikke relevant
7116,1693,322664,2018-10-27,,,holdresultat ikke entydigt,uafklaret,uafklaret,Holdresultatet efter kendte sejre efterlader 2 hjemme- og 1 udesejre blandt 3 ukendte; udfaldet er ikke entydigt.,complete,0,3,,,5-8,- - -,- - -,complete,DD,Drive 3,Gladsaxe Søborg,2,1,ikke relevant
7117,1693,322664,2018-10-27,,,holdresultat ikke entydigt,uafklaret,uafklaret,Holdresultatet efter kendte sejre efterlader 2 hjemme- og 1 udesejre blandt 3 ukendte; udfaldet er ikke entydigt.,complete,0,3,,,5-8,- - -,- - -,complete,DD,Drive 3,Gladsaxe Søborg,2,1,ikke relevant
7118,1693,322664,2018-10-27,,,holdresultat ikke entydigt,uafklaret,uafklaret,Holdresultatet efter kendte sejre efterlader 2 hjemme- og 1 udesejre blandt 3 ukendte; udfaldet er ikke entydigt.,complete,0,3,,,5-8,- - -,- - -,complete,HD,Drive 3,Gladsaxe Søborg,2,1,ikke relevant
7370,1713,330902,2018-11-04,,,holdresultat ikke entydigt,uafklaret,uafklaret,Holdresultatet efter kendte sejre efterlader 2 hjemme- og 1 udesejre blandt 3 ukendte; udfaldet er ikke entydigt.,complete,0,3,,,5-8,- - -,- - -,complete,DS,Gladsaxe Søborg 3,KMB2010 4,2,1,ikke relevant
7371,1713,330902,2018-11-04,,,holdresultat ikke entydigt,uafklaret,uafklaret,Holdresultatet efter kendte sejre efterlader 2 hjemme- og 1 udesejre blandt 3 ukendte; udfaldet er ikke entydigt.,complete,0,3,,,5-8,- - -,- - -,complete,DS,Gladsaxe Søborg 3,KMB2010 4,2,1,ikke relevant
7377,1713,330902,2018-11-04,,,holdresultat ikke entydigt,uafklaret,uafklaret,Holdresultatet efter kendte sejre efterlader 2 hjemme- og 1 udesejre blandt 3 ukendte; udfaldet er ikke entydigt.,complete,0,3,,,5-8,- - -,- - -,complete,DD,Gladsaxe Søborg 3,KMB2010 4,2,1,ikke relevant
7629,1734,330144,2018-11-04,,away,holdresultat,entydig,udledt,0 hjemme- og 2 udesejre mangler blandt 2 ukendte i holdkampen; alle ukendte må være away.,complete,0,2,,,2-10,- - -,- - -,complete,MD,Drive 3,Gladsaxe Søborg 3,0,2,ikke relevant
7635,1734,330144,2018-11-04,,away,holdresultat,entydig,udledt,0 hjemme- og 2 udesejre mangler blandt 2 ukendte i holdkampen; alle ukendte må være away.,complete,0,2,,,2-10,- - -,- - -,complete,HD,Drive 3,Gladsaxe Søborg 3,0,2,ikke relevant
7718,1741,330217,2018-11-04,,away,holdresultat,entydig,udledt,0 hjemme- og 2 udesejre mangler blandt 2 ukendte i holdkampen; alle ukendte må være away.,complete,0,2,,,4-8,- - -,- - -,complete,HD,Gladsaxe Søborg 4,BC37 Amager 2,0,2,ikke relevant
7721,1741,330217,2018-11-04,,away,holdresultat,entydig,udledt,0 hjemme- og 2 udesejre mangler blandt 2 ukendte i holdkampen; alle ukendte må være away.,complete,0,2,,,4-8,- - -,- - -,complete,HD,Gladsaxe Søborg 4,BC37 Amager 2,0,2,ikke relevant
8047,1779,329766,2018-11-04,,home,holdresultat,entydig,udledt,1 hjemme- og 0 udesejre mangler blandt 1 ukendte i holdkampen; alle ukendte må være home.,complete,0,1,,,8-0,- - -,- - -,complete,HD,Gladsaxe Søborg,Lyngby,1,0,ikke relevant
7391,1714,330372,2018-11-25,,home,holdresultat,entydig,udledt,1 hjemme- og 0 udesejre mangler blandt 1 ukendte i holdkampen; alle ukendte må være home.,complete,0,1,,,4-9,- - -,- - -,complete,HD,Gladsaxe Søborg 3,BC37 Amager 3,1,0,ikke relevant
7409,1716,330377,2019-02-03,,away,holdresultat,entydig,udledt,0 hjemme- og 3 udesejre mangler blandt 3 ukendte i holdkampen; alle ukendte må være away.,complete,0,3,,,1-12,- - -,- - -,complete,DS,Gladsaxe Søborg 3,Vanløse 2,0,3,ikke relevant
7410,1716,330377,2019-02-03,,away,holdresultat,entydig,udledt,0 hjemme- og 3 udesejre mangler blandt 3 ukendte i holdkampen; alle ukendte må være away.,complete,0,3,,,1-12,- - -,- - -,complete,DS,Gladsaxe Søborg 3,Vanløse 2,0,3,ikke relevant
7416,1716,330377,2019-02-03,,away,holdresultat,entydig,udledt,0 hjemme- og 3 udesejre mangler blandt 3 ukendte i holdkampen; alle ukendte må være away.,complete,0,3,,,1-12,- - -,- - -,complete,DD,Gladsaxe Søborg 3,Vanløse 2,0,3,ikke relevant
7840,1753,330021,2019-02-03,,away,holdresultat,entydig,udledt,0 hjemme- og 1 udesejre mangler blandt 1 ukendte i holdkampen; alle ukendte må være away.,complete,0,1,,,6-2,- - -,- - -,complete,HD,Drive,Gladsaxe Søborg,0,1,ikke relevant
7423,1717,330384,2019-03-03,,away,holdresultat,entydig,udledt,0 hjemme- og 2 udesejre mangler blandt 2 ukendte i holdkampen; alle ukendte må være away.,complete,0,2,,,6-7,- - -,- - -,complete,DS,FKIF Frederiksberg 3,Gladsaxe Søborg 3,0,2,ikke relevant
7429,1717,330384,2019-03-03,,away,holdresultat,entydig,udledt,0 hjemme- og 2 udesejre mangler blandt 2 ukendte i holdkampen; alle ukendte må være away.,complete,0,2,,,6-7,- - -,- - -,complete,DD,FKIF Frederiksberg 3,Gladsaxe Søborg 3,0,2,ikke relevant
7967,1769,329950,2019-03-03,,away,holdresultat,entydig,udledt,0 hjemme- og 1 udesejre mangler blandt 1 ukendte i holdkampen; alle ukendte må være away.,complete,0,1,,,2-6,- - -,- - -,complete,HD,Vanløse,Gladsaxe Søborg 3,0,1,ikke relevant
7206,1700,359138,2019-03-23,,away,holdresultat,entydig,udledt,0 hjemme- og 2 udesejre mangler blandt 2 ukendte i holdkampen; alle ukendte må være away.,complete,0,2,,,5-8,- - -,- - -,complete,HS,Gladsaxe Søborg,Værløse 4,0,2,ikke relevant
7211,1700,359138,2019-03-23,,away,holdresultat,entydig,udledt,0 hjemme- og 2 udesejre mangler blandt 2 ukendte i holdkampen; alle ukendte må være away.,complete,0,2,,,5-8,- - -,- - -,complete,HD,Gladsaxe Søborg,Værløse 4,0,2,ikke relevant
7773,1746,330241,2019-03-24,,away,holdresultat,entydig,udledt,0 hjemme- og 2 udesejre mangler blandt 2 ukendte i holdkampen; alle ukendte må være away.,complete,0,2,,,2-10,- - -,- - -,complete,MD,Peder Lykke Kbh.,Gladsaxe Søborg 4,0,2,ikke relevant
7775,1746,330241,2019-03-24,,away,holdresultat,entydig,udledt,0 hjemme- og 2 udesejre mangler blandt 2 ukendte i holdkampen; alle ukendte må være away.,complete,0,2,,,2-10,- - -,- - -,complete,DD,Peder Lykke Kbh.,Gladsaxe Søborg 4,0,2,ikke relevant
8029,1777,329921,2019-03-24,,home,holdresultat,entydig,udledt,2 hjemme- og 0 udesejre mangler blandt 2 ukendte i holdkampen; alle ukendte må være home.,complete,0,2,,,6-2,- - -,- - -,complete,HD,Gladsaxe Søborg 4,Lyngby 4,2,0,ikke relevant
8033,1777,329921,2019-03-24,,home,holdresultat,entydig,udledt,2 hjemme- og 0 udesejre mangler blandt 2 ukendte i holdkampen; alle ukendte må være home.,complete,0,2,,,6-2,- - -,- - -,complete,HD,Gladsaxe Søborg 4,Lyngby 4,2,0,ikke relevant
7522,1725,330079,2019-04-07,,,holdresultat ikke entydigt,uafklaret,uafklaret,Holdresultatet efter kendte sejre efterlader -4 hjemme- og 5 udesejre blandt 1 ukendte; udfaldet er ikke entydigt.,complete,0,1,,,6-6,- - -,- - -,complete,DD,KMB2010 2,Gladsaxe Søborg,-4,5,ikke relevant
7689,1739,330171,2019-04-07,,home,holdresultat,entydig,udledt,2 hjemme- og 0 udesejre mangler blandt 2 ukendte i holdkampen; alle ukendte må være home.,complete,0,2,,,8-4,- - -,- - -,complete,MD,Gladsaxe Søborg 3,NBK Amager,2,0,ikke relevant
7694,1739,330171,2019-04-07,,home,holdresultat,entydig,udledt,2 hjemme- og 0 udesejre mangler blandt 2 ukendte i holdkampen; alle ukendte må være home.,complete,0,2,,,8-4,- - -,- - -,complete,HD,Gladsaxe Søborg 3,NBK Amager,2,0,ikke relevant
8157,1793,329760,2019-04-07,,home,holdresultat,entydig,udledt,2 hjemme- og 0 udesejre mangler blandt 2 ukendte i holdkampen; alle ukendte må være home.,complete,0,2,,,6-2,- - -,- - -,complete,HD,KMB2010,Gladsaxe Søborg 2,2,0,ikke relevant
8161,1793,329760,2019-04-07,,home,holdresultat,entydig,udledt,2 hjemme- og 0 udesejre mangler blandt 2 ukendte i holdkampen; alle ukendte må være home.,complete,0,2,,,6-2,- - -,- - -,complete,HD,KMB2010,Gladsaxe Søborg 2,2,0,ikke relevant
6347,1558,365094,2019-09-21,,home,holdresultat,entydig,udledt,6 hjemme- og 0 udesejre mangler blandt 6 ukendte i holdkampen; alle ukendte må være home.,complete,0,6,,,9-4,- - -,- - -,complete,HS,SAIF Kbh. 4,Gladsaxe Søborg 2,6,0,ikke relevant
6348,1558,365094,2019-09-21,,home,holdresultat,entydig,udledt,6 hjemme- og 0 udesejre mangler blandt 6 ukendte i holdkampen; alle ukendte må være home.,complete,0,6,,,9-4,- - -,- - -,complete,HS,SAIF Kbh. 4,Gladsaxe Søborg 2,6,0,ikke relevant
6350,1558,365094,2019-09-21,,home,holdresultat,entydig,udledt,6 hjemme- og 0 udesejre mangler blandt 6 ukendte i holdkampen; alle ukendte må være home.,complete,0,6,,,9-4,- - -,- - -,complete,HS,SAIF Kbh. 4,Gladsaxe Søborg 2,6,0,ikke relevant
6353,1558,365094,2019-09-21,,home,holdresultat,entydig,udledt,6 hjemme- og 0 udesejre mangler blandt 6 ukendte i holdkampen; alle ukendte må være home.,complete,0,6,,,9-4,- - -,- - -,complete,HD,SAIF Kbh. 4,Gladsaxe Søborg 2,6,0,ikke relevant
6354,1558,365094,2019-09-21,,home,holdresultat,entydig,udledt,6 hjemme- og 0 udesejre mangler blandt 6 ukendte i holdkampen; alle ukendte må være home.,complete,0,6,,,9-4,- - -,- - -,complete,HD,SAIF Kbh. 4,Gladsaxe Søborg 2,6,0,ikke relevant
6355,1558,365094,2019-09-21,,home,holdresultat,entydig,udledt,6 hjemme- og 0 udesejre mangler blandt 6 ukendte i holdkampen; alle ukendte må være home.,complete,0,6,,,9-4,- - -,- - -,complete,HD,SAIF Kbh. 4,Gladsaxe Søborg 2,6,0,ikke relevant
6791,1602,365694,2019-09-22,,home,holdresultat,entydig,udledt,3 hjemme- og 0 udesejre mangler blandt 3 ukendte i holdkampen; alle ukendte må være home.,complete,0,3,,,5-3,- - -,- - -,complete,HD,Gladsaxe Søborg 1,Charlottenlund 2,3,0,ikke relevant
6792,1602,365694,2019-09-22,,home,holdresultat,entydig,udledt,3 hjemme- og 0 udesejre mangler blandt 3 ukendte i holdkampen; alle ukendte må være home.,complete,0,3,,,5-3,- - -,- - -,complete,HD,Gladsaxe Søborg 1,Charlottenlund 2,3,0,ikke relevant
6796,1602,365694,2019-09-22,,home,holdresultat,entydig,udledt,3 hjemme- og 0 udesejre mangler blandt 3 ukendte i holdkampen; alle ukendte må være home.,complete,0,3,,,5-3,- - -,- - -,complete,HD,Gladsaxe Søborg 1,Charlottenlund 2,3,0,ikke relevant
6886,1616,373972,2019-09-22,,away,holdresultat,entydig,udledt,0 hjemme- og 2 udesejre mangler blandt 2 ukendte i holdkampen; alle ukendte må være away.,complete,0,2,,,3-5,- - -,- - -,complete,MD,Rødovre/KFUM KBH 2,Gladsaxe Søborg 3,0,2,ikke relevant
6889,1616,373972,2019-09-22,,away,holdresultat,entydig,udledt,0 hjemme- og 2 udesejre mangler blandt 2 ukendte i holdkampen; alle ukendte må være away.,complete,0,2,,,3-5,- - -,- - -,complete,DD,Rødovre/KFUM KBH 2,Gladsaxe Søborg 3,0,2,ikke relevant
6744,1597,365494,2019-11-03,,home,holdresultat,entydig,udledt,2 hjemme- og 0 udesejre mangler blandt 2 ukendte i holdkampen; alle ukendte må være home.,complete,0,2,,,2-10,- - -,- - -,complete,MD,Peder Lykke Kbh. 1,Gladsaxe Søborg 4,2,0,ikke relevant
6746,1597,365494,2019-11-03,,home,holdresultat,entydig,udledt,2 hjemme- og 0 udesejre mangler blandt 2 ukendte i holdkampen; alle ukendte må være home.,complete,0,2,,,2-10,- - -,- - -,complete,DD,Peder Lykke Kbh. 1,Gladsaxe Søborg 4,2,0,ikke relevant
6896,1617,365757,2019-11-03,,home,holdresultat,entydig,udledt,2 hjemme- og 0 udesejre mangler blandt 2 ukendte i holdkampen; alle ukendte må være home.,complete,0,2,,,8-0,- - -,- - -,complete,HD,Gladsaxe Søborg 3,FKIF Frederiksberg 3,2,0,ikke relevant
6900,1617,365757,2019-11-03,,home,holdresultat,entydig,udledt,2 hjemme- og 0 udesejre mangler blandt 2 ukendte i holdkampen; alle ukendte må være home.,complete,0,2,,,8-0,- - -,- - -,complete,HD,Gladsaxe Søborg 3,FKIF Frederiksberg 3,2,0,ikke relevant
6274,1551,366011,2019-12-07,,away,holdresultat,entydig,udledt,0 hjemme- og 1 udesejre mangler blandt 1 ukendte i holdkampen; alle ukendte må være away.,complete,0,1,,,8-5,- - -,- - -,complete,DD,Gladsaxe Søborg,Frederiksberg,0,1,ikke relevant
6642,1585,365471,2019-12-15,,away,holdresultat,entydig,udledt,0 hjemme- og 2 udesejre mangler blandt 2 ukendte i holdkampen; alle ukendte må være away.,complete,0,2,,,2-10,- - -,- - -,complete,HD,Hvidovre 3,Gladsaxe Søborg 2,0,2,ikke relevant
6644,1585,365471,2019-12-15,,away,holdresultat,entydig,udledt,0 hjemme- og 2 udesejre mangler blandt 2 ukendte i holdkampen; alle ukendte må være away.,complete,0,2,,,2-10,- - -,- - -,complete,HD,Hvidovre 3,Gladsaxe Søborg 2,0,2,ikke relevant
7038,1639,367013,2019-12-15,,home,holdresultat,entydig,udledt,2 hjemme- og 0 udesejre mangler blandt 2 ukendte i holdkampen; alle ukendte må være home.,complete,0,2,,,2-6,- - -,- - -,complete,MD,Posten Kbh. 1,Gladsaxe Søborg 2,2,0,ikke relevant
7041,1639,367013,2019-12-15,,home,holdresultat,entydig,udledt,2 hjemme- og 0 udesejre mangler blandt 2 ukendte i holdkampen; alle ukendte må være home.,complete,0,2,,,2-6,- - -,- - -,complete,DD,Posten Kbh. 1,Gladsaxe Søborg 2,2,0,ikke relevant
6289,1552,366014,2020-01-11,,,holdresultat ikke entydigt,uafklaret,uafklaret,Holdresultatet efter kendte sejre efterlader 2 hjemme- og -1 udesejre blandt 1 ukendte; udfaldet er ikke entydigt.,complete,0,1,,,8-5,- - -,- - -,complete,HD,Karlslunde 2,Gladsaxe Søborg,2,-1,ikke relevant
6580,1579,365410,2020-01-12,V,home,holdresultat,entydig,udledt,1 hjemme- og 0 udesejre mangler blandt 1 ukendte i holdkampen; alle ukendte må være home.,api_repaired,2,1,,,11-1,19-25,21-23,api_repaired,HD,Vanløse 1,Gladsaxe Søborg 1,1,0,ikke relevant
6877,1614,365743,2020-02-02,,away,holdresultat,entydig,udledt,0 hjemme- og 8 udesejre mangler blandt 8 ukendte i holdkampen; alle ukendte må være away.,complete,0,8,,,0-8,- - -,- - -,complete,MD,Vanløse 1,Gladsaxe Søborg 2,0,8,ikke relevant
6878,1614,365743,2020-02-02,,away,holdresultat,entydig,udledt,0 hjemme- og 8 udesejre mangler blandt 8 ukendte i holdkampen; alle ukendte må være away.,complete,0,8,,,0-8,- - -,- - -,complete,MD,Vanløse 1,Gladsaxe Søborg 2,0,8,ikke relevant
6879,1614,365743,2020-02-02,,away,holdresultat,entydig,udledt,0 hjemme- og 8 udesejre mangler blandt 8 ukendte i holdkampen; alle ukendte må være away.,complete,0,8,,,0-8,- - -,- - -,complete,HD,Vanløse 1,Gladsaxe Søborg 2,0,8,ikke relevant
6880,1614,365743,2020-02-02,,away,holdresultat,entydig,udledt,0 hjemme- og 8 udesejre mangler blandt 8 ukendte i holdkampen; alle ukendte må være away.,complete,0,8,,,0-8,- - -,- - -,complete,HD,Vanløse 1,Gladsaxe Søborg 2,0,8,ikke relevant
6881,1614,365743,2020-02-02,,away,holdresultat,entydig,udledt,0 hjemme- og 8 udesejre mangler blandt 8 ukendte i holdkampen; alle ukendte må være away.,complete,0,8,,,0-8,- - -,- - -,complete,DD,Vanløse 1,Gladsaxe Søborg 2,0,8,ikke relevant
6882,1614,365743,2020-02-02,,away,holdresultat,entydig,udledt,0 hjemme- og 8 udesejre mangler blandt 8 ukendte i holdkampen; alle ukendte må være away.,complete,0,8,,,0-8,- - -,- - -,complete,HD,Vanløse 1,Gladsaxe Søborg 2,0,8,ikke relevant
6883,1614,365743,2020-02-02,,away,holdresultat,entydig,udledt,0 hjemme- og 8 udesejre mangler blandt 8 ukendte i holdkampen; alle ukendte må være away.,complete,0,8,,,0-8,- - -,- - -,complete,HD,Vanløse 1,Gladsaxe Søborg 2,0,8,ikke relevant
6884,1614,365743,2020-02-02,,away,holdresultat,entydig,udledt,0 hjemme- og 8 udesejre mangler blandt 8 ukendte i holdkampen; alle ukendte må være away.,complete,0,8,,,0-8,- - -,- - -,complete,HD,Vanløse 1,Gladsaxe Søborg 2,0,8,ikke relevant
7054,1641,366938,2020-02-02,,home,holdresultat,entydig,udledt,2 hjemme- og 0 udesejre mangler blandt 2 ukendte i holdkampen; alle ukendte må være home.,complete,0,2,,,3-5,- - -,- - -,complete,MD,Frederiksberg 1,Gladsaxe Søborg 2,2,0,ikke relevant
7057,1641,366938,2020-02-02,,home,holdresultat,entydig,udledt,2 hjemme- og 0 udesejre mangler blandt 2 ukendte i holdkampen; alle ukendte må være home.,complete,0,2,,,3-5,- - -,- - -,complete,DD,Frederiksberg 1,Gladsaxe Søborg 2,2,0,ikke relevant
6314,1554,384284,2020-02-22,,away,holdresultat,entydig,udledt,0 hjemme- og 2 udesejre mangler blandt 2 ukendte i holdkampen; alle ukendte må være away.,complete,0,2,,,3-10,- - -,- - -,complete,HD,Gladsaxe Søborg,Værløse 4,0,2,ikke relevant
6316,1554,384284,2020-02-22,,away,holdresultat,entydig,udledt,0 hjemme- og 2 udesejre mangler blandt 2 ukendte i holdkampen; alle ukendte må være away.,complete,0,2,,,3-10,- - -,- - -,complete,HD,Gladsaxe Søborg,Værløse 4,0,2,ikke relevant
7064,1642,366940,2020-02-23,,home,holdresultat,entydig,udledt,2 hjemme- og 0 udesejre mangler blandt 2 ukendte i holdkampen; alle ukendte må være home.,complete,0,2,,,7-1,- - -,- - -,complete,HD,Gladsaxe Søborg 2,Vanløse 1,2,0,ikke relevant
7068,1642,366940,2020-02-23,,home,holdresultat,entydig,udledt,2 hjemme- og 0 udesejre mangler blandt 2 ukendte i holdkampen; alle ukendte må være home.,complete,0,2,,,7-1,- - -,- - -,complete,HD,Gladsaxe Søborg 2,Vanløse 1,2,0,ikke relevant
6144,1485,387834,2020-09-13,,home,holdresultat,entydig,udledt,4 hjemme- og 0 udesejre mangler blandt 4 ukendte i holdkampen; alle ukendte må være home.,complete,0,4,,,7-1,- - -,- - -,complete,MD,Gladsaxe Søborg 2,FKIF Frederiksberg 1,4,0,ikke relevant
6146,1485,387834,2020-09-13,G,home,holdresultat,entydig,udledt,4 hjemme- og 0 udesejre mangler blandt 4 ukendte i holdkampen; alle ukendte må være home.,api_repaired,0,4,,,7-1,2,2,api_repaired,HD,Gladsaxe Søborg 2,FKIF Frederiksberg 1,4,0,ikke relevant
6148,1485,387834,2020-09-13,,home,holdresultat,entydig,udledt,4 hjemme- og 0 udesejre mangler blandt 4 ukendte i holdkampen; alle ukendte må være home.,complete,0,4,,,7-1,- - -,- - -,complete,DD,Gladsaxe Søborg 2,FKIF Frederiksberg 1,4,0,ikke relevant
6149,1485,387834,2020-09-13,,home,holdresultat,entydig,udledt,4 hjemme- og 0 udesejre mangler blandt 4 ukendte i holdkampen; alle ukendte må være home.,complete,0,4,,,7-1,- - -,- - -,complete,HD,Gladsaxe Søborg 2,FKIF Frederiksberg 1,4,0,ikke relevant
6171,1506,387994,2020-09-13,,away,holdresultat,entydig,udledt,0 hjemme- og 2 udesejre mangler blandt 2 ukendte i holdkampen; alle ukendte må være away.,complete,0,2,,,4-4,- - -,- - -,complete,HD,KBK Kbh. 1,Gladsaxe Søborg 1,0,2,ikke relevant
6175,1506,387994,2020-09-13,,away,holdresultat,entydig,udledt,0 hjemme- og 2 udesejre mangler blandt 2 ukendte i holdkampen; alle ukendte må være away.,complete,0,2,,,4-4,- - -,- - -,complete,HD,KBK Kbh. 1,Gladsaxe Søborg 1,0,2,ikke relevant
5991,1431,385773,2020-10-03,L,away,holdresultat,entydig,udledt,0 hjemme- og 1 udesejre mangler blandt 1 ukendte i holdkampen; alle ukendte må være away.,browser_zero_score,0,1,,,8-5,0,0,browser_zero_score,DD,Gladsaxe Søborg,Lyngby 3,0,1,ikke relevant
6133,1465,387701,2020-10-11,,home,holdresultat,entydig,udledt,2 hjemme- og 0 udesejre mangler blandt 2 ukendte i holdkampen; alle ukendte må være home.,complete,0,2,,,11-1,- - -,- - -,complete,HD,Gladsaxe Søborg 3,BC37 Amager 2,2,0,ikke relevant
6135,1465,387701,2020-10-11,,home,holdresultat,entydig,udledt,2 hjemme- og 0 udesejre mangler blandt 2 ukendte i holdkampen; alle ukendte må være home.,complete,0,2,,,11-1,- - -,- - -,complete,HD,Gladsaxe Søborg 3,BC37 Amager 2,2,0,ikke relevant
16675,1408,394386,2020-10-25,K,away,holdresultat,entydig,udledt,0 hjemme- og 1 udesejre mangler blandt 1 ukendte i holdkampen; alle ukendte må være away.,browser_zero_score,0,1,,,2-4,0,0,browser_zero_score,S,Gladsaxe Søborg 1,KBK Kbh. 2,0,1,ikke relevant
5942,1424,394543,2020-11-15,,away,holdresultat,entydig,udledt,0 hjemme- og 2 udesejre mangler blandt 2 ukendte i holdkampen; alle ukendte må være away.,complete,0,2,(Ikke fremmødt),,2-4,- - -,- - -,complete,DS,Valby BC 3,Gladsaxe Søborg 3,0,2,ikke relevant
5944,1424,394543,2020-11-15,,away,holdresultat,entydig,udledt,0 hjemme- og 2 udesejre mangler blandt 2 ukendte i holdkampen; alle ukendte må være away.,complete,0,2,(Ikke fremmødt),,2-4,- - -,- - -,complete,DD,Valby BC 3,Gladsaxe Søborg 3,0,2,ikke relevant
5947,1425,394545,2020-12-06,,away,holdresultat,entydig,udledt,0 hjemme- og 3 udesejre mangler blandt 3 ukendte i holdkampen; alle ukendte må være away.,complete,0,3,(Ikke fremmødt),,0-6,- - -,- - -,complete,DS,KMB2010 3,Gladsaxe Søborg 3,0,3,ikke relevant
5948,1425,394545,2020-12-06,,away,holdresultat,entydig,udledt,0 hjemme- og 3 udesejre mangler blandt 3 ukendte i holdkampen; alle ukendte må være away.,complete,0,3,(Ikke fremmødt),,0-6,- - -,- - -,complete,DS,KMB2010 3,Gladsaxe Søborg 3,0,3,ikke relevant
5950,1425,394545,2020-12-06,,away,holdresultat,entydig,udledt,0 hjemme- og 3 udesejre mangler blandt 3 ukendte i holdkampen; alle ukendte må være away.,complete,0,3,(Ikke fremmødt),,0-6,- - -,- - -,complete,DD,KMB2010 3,Gladsaxe Søborg 3,0,3,ikke relevant
5954,1426,394547,2020-12-06,,home,holdresultat,entydig,udledt,2 hjemme- og 0 udesejre mangler blandt 2 ukendte i holdkampen; alle ukendte må være home.,complete,0,2,(Ikke fremmødt),,6-0,- - -,- - -,complete,DS,Gladsaxe Søborg 3,Valby BC 3,2,0,ikke relevant
5956,1426,394547,2020-12-06,,home,holdresultat,entydig,udledt,2 hjemme- og 0 udesejre mangler blandt 2 ukendte i holdkampen; alle ukendte må være home.,complete,0,2,(Ikke fremmødt),,6-0,- - -,- - -,complete,DD,Gladsaxe Søborg 3,Valby BC 3,2,0,ikke relevant
5331,1290,407082,2021-09-19,,away,holdresultat,entydig,udledt,0 hjemme- og 6 udesejre mangler blandt 6 ukendte i holdkampen; alle ukendte må være away.,complete,0,6,,,5-8,- - -,- - -,complete,MD,Skovshoved 5,Gladsaxe Søborg 3,0,6,ikke relevant
5332,1290,407082,2021-09-19,,away,holdresultat,entydig,udledt,0 hjemme- og 6 udesejre mangler blandt 6 ukendte i holdkampen; alle ukendte må være away.,complete,0,6,,,5-8,- - -,- - -,complete,MD,Skovshoved 5,Gladsaxe Søborg 3,0,6,ikke relevant
5333,1290,407082,2021-09-19,,away,holdresultat,entydig,udledt,0 hjemme- og 6 udesejre mangler blandt 6 ukendte i holdkampen; alle ukendte må være away.,complete,0,6,,,5-8,- - -,- - -,complete,DS,Skovshoved 5,Gladsaxe Søborg 3,0,6,ikke relevant
5334,1290,407082,2021-09-19,,away,holdresultat,entydig,udledt,0 hjemme- og 6 udesejre mangler blandt 6 ukendte i holdkampen; alle ukendte må være away.,complete,0,6,,,5-8,- - -,- - -,complete,DS,Skovshoved 5,Gladsaxe Søborg 3,0,6,ikke relevant
5339,1290,407082,2021-09-19,,away,holdresultat,entydig,udledt,0 hjemme- og 6 udesejre mangler blandt 6 ukendte i holdkampen; alle ukendte må være away.,complete,0,6,,,5-8,- - -,- - -,complete,DD,Skovshoved 5,Gladsaxe Søborg 3,0,6,ikke relevant
5340,1290,407082,2021-09-19,,away,holdresultat,entydig,udledt,0 hjemme- og 6 udesejre mangler blandt 6 ukendte i holdkampen; alle ukendte må være away.,complete,0,6,,,5-8,- - -,- - -,complete,DD,Skovshoved 5,Gladsaxe Søborg 3,0,6,ikke relevant
5682,1327,407696,2021-10-03,,home,holdresultat,entydig,udledt,2 hjemme- og 0 udesejre mangler blandt 2 ukendte i holdkampen; alle ukendte må være home.,complete,0,2,,,2-6,- - -,- - -,complete,MD,Gladsaxe Søborg 2,BC37 Amager 1,2,0,ikke relevant
5685,1327,407696,2021-10-03,,home,holdresultat,entydig,udledt,2 hjemme- og 0 udesejre mangler blandt 2 ukendte i holdkampen; alle ukendte må være home.,complete,0,2,,,2-6,- - -,- - -,complete,DD,Gladsaxe Søborg 2,BC37 Amager 1,2,0,ikke relevant
5091,1270,406118,2021-10-09,G,home,"holdresultat (G, delvist scoret)",entydig,udledt,2 hjemme- og 0 udesejre mangler blandt 2 ukendte i holdkampen; alle ukendte må være home. G-markør og 2 scorede sæt er forenelige med afgørelse efter kampstart; hvem der trak sig kan ikke ses i rækkedata.,api_repaired,2,2,,,6-7,21-18,9-21,api_repaired,HS,Gladsaxe Søborg,Lyngby 3,2,0,ikke relevant
5095,1270,406118,2021-10-09,,home,holdresultat,entydig,udledt,2 hjemme- og 0 udesejre mangler blandt 2 ukendte i holdkampen; alle ukendte må være home.,complete,0,2,,,6-7,- - -,- - -,complete,HD,Gladsaxe Søborg,Lyngby 3,2,0,ikke relevant
5237,1282,406178,2021-10-30,,away,holdresultat,entydig,udledt,0 hjemme- og 1 udesejre mangler blandt 1 ukendte i holdkampen; alle ukendte må være away.,complete,0,1,,,12-1,- - -,- - -,complete,HD,Dragør,Gladsaxe Søborg 2,0,1,ikke relevant
5425,1297,407435,2021-11-07,F,,holdresultat ikke entydigt,uafklaret,uafklaret,Holdresultatet efter kendte sejre efterlader 3 hjemme- og -1 udesejre blandt 2 ukendte; udfaldet er ikke entydigt.,api_repaired,2,2,,,7-5,20-16,22-11,api_repaired,DD,Frederiksberg 1,Gladsaxe Søborg 1,3,-1,ikke relevant
5428,1297,407435,2021-11-07,,,holdresultat ikke entydigt,uafklaret,uafklaret,Holdresultatet efter kendte sejre efterlader 3 hjemme- og -1 udesejre blandt 2 ukendte; udfaldet er ikke entydigt.,complete,0,2,,,7-5,- - -,- - -,complete,HD,Frederiksberg 1,Gladsaxe Søborg 1,3,-1,ikke relevant
5794,1341,407774,2021-11-07,,away,holdresultat,entydig,udledt,0 hjemme- og 2 udesejre mangler blandt 2 ukendte i holdkampen; alle ukendte må være away.,complete,0,2,,,1-7,- - -,- - -,complete,MD,Gladsaxe Søborg 4,Tingbjerg 2,0,2,ikke relevant
5797,1341,407774,2021-11-07,,away,holdresultat,entydig,udledt,0 hjemme- og 2 udesejre mangler blandt 2 ukendte i holdkampen; alle ukendte må være away.,complete,0,2,,,1-7,- - -,- - -,complete,DD,Gladsaxe Søborg 4,Tingbjerg 2,0,2,ikke relevant
5850,1354,407976,2021-11-07,,away,holdresultat,entydig,udledt,0 hjemme- og 2 udesejre mangler blandt 2 ukendte i holdkampen; alle ukendte må være away.,complete,0,2,,,5-3,- - -,- - -,complete,MD,Gladsaxe Søborg 2,BK36 Kbh. 1,0,2,ikke relevant
5853,1354,407976,2021-11-07,,away,holdresultat,entydig,udledt,0 hjemme- og 2 udesejre mangler blandt 2 ukendte i holdkampen; alle ukendte må være away.,complete,0,2,,,5-3,- - -,- - -,complete,DD,Gladsaxe Søborg 2,BK36 Kbh. 1,0,2,ikke relevant
5241,1283,406179,2021-11-20,,away,holdresultat,entydig,udledt,0 hjemme- og 5 udesejre mangler blandt 5 ukendte i holdkampen; alle ukendte må være away.,complete,0,5,(Ikke fremmødt),,0-13,- - -,- - -,complete,MD,Gladsaxe Søborg 2,Drive 2,0,5,ikke relevant
5242,1283,406179,2021-11-20,,away,holdresultat,entydig,udledt,0 hjemme- og 5 udesejre mangler blandt 5 ukendte i holdkampen; alle ukendte må være away.,complete,0,5,(Ikke fremmødt),,0-13,- - -,- - -,complete,DS,Gladsaxe Søborg 2,Drive 2,0,5,ikke relevant
5243,1283,406179,2021-11-20,,away,holdresultat,entydig,udledt,0 hjemme- og 5 udesejre mangler blandt 5 ukendte i holdkampen; alle ukendte må være away.,complete,0,5,(Ikke fremmødt),,0-13,- - -,- - -,complete,DS,Gladsaxe Søborg 2,Drive 2,0,5,ikke relevant
5248,1283,406179,2021-11-20,,away,holdresultat,entydig,udledt,0 hjemme- og 5 udesejre mangler blandt 5 ukendte i holdkampen; alle ukendte må være away.,complete,0,5,(Ikke fremmødt),,0-13,- - -,- - -,complete,DD,Gladsaxe Søborg 2,Drive 2,0,5,ikke relevant
5249,1283,406179,2021-11-20,,away,holdresultat,entydig,udledt,0 hjemme- og 5 udesejre mangler blandt 5 ukendte i holdkampen; alle ukendte må være away.,complete,0,5,(Ikke fremmødt),,0-13,- - -,- - -,complete,DD,Gladsaxe Søborg 2,Drive 2,0,5,ikke relevant
16789,1244,413606,2021-11-21,G,home,"holdresultat (G, delvist scoret)",entydig,udledt,1 hjemme- og 0 udesejre mangler blandt 1 ukendte i holdkampen; alle ukendte må være home. G-markør og 2 scorede sæt er forenelige med afgørelse efter kampstart; hvem der trak sig kan ikke ses i rækkedata.,browser_parsed,2,1,,,4-3,15-6,21-3,browser_parsed,S,Gladsaxe Søborg 1,Næstved/Herlufsholm 1,1,0,ikke relevant
5436,1298,407439,2021-11-28,,,"ikke fremmødt, deltagerside ikke entydig",uafklaret,uafklaret,Holdresultatet efter kendte sejre efterlader 1 hjemme- og 3 udesejre blandt 4 ukendte; udfaldet er ikke entydigt.,complete,0,4,(Ikke fremmødt),,5-7,- - -,- - -,complete,MD,Gladsaxe Søborg 1,FKIF Frederiksberg 1,1,3,ikke relevant
5437,1298,407439,2021-11-28,,,"ikke fremmødt, deltagerside ikke entydig",uafklaret,uafklaret,Holdresultatet efter kendte sejre efterlader 1 hjemme- og 3 udesejre blandt 4 ukendte; udfaldet er ikke entydigt.,complete,0,4,(Ikke fremmødt),,5-7,- - -,- - -,complete,DD,Gladsaxe Søborg 1,FKIF Frederiksberg 1,1,3,ikke relevant
5438,1298,407439,2021-11-28,,,"ikke fremmødt, deltagerside ikke entydig",uafklaret,uafklaret,Holdresultatet efter kendte sejre efterlader 1 hjemme- og 3 udesejre blandt 4 ukendte; udfaldet er ikke entydigt.,complete,0,4,(Ikke fremmødt),,5-7,- - -,- - -,complete,DD,Gladsaxe Søborg 1,FKIF Frederiksberg 1,1,3,ikke relevant
5442,1298,407439,2021-11-28,,,"ikke fremmødt, deltagerside ikke entydig",uafklaret,uafklaret,Holdresultatet efter kendte sejre efterlader 1 hjemme- og 3 udesejre blandt 4 ukendte; udfaldet er ikke entydigt.,complete,0,4,(Ikke fremmødt),,5-7,- - -,- - -,complete,HD,Gladsaxe Søborg 1,FKIF Frederiksberg 1,1,3,ikke relevant
5857,1355,407610,2021-11-28,,away,holdresultat,entydig,udledt,0 hjemme- og 2 udesejre mangler blandt 2 ukendte i holdkampen; alle ukendte må være away.,complete,0,2,,,5-3,- - -,- - -,complete,MD,Gladsaxe Søborg 2,KBK Kbh. 2,0,2,ikke relevant
5861,1355,407610,2021-11-28,,away,holdresultat,entydig,udledt,0 hjemme- og 2 udesejre mangler blandt 2 ukendte i holdkampen; alle ukendte må være away.,complete,0,2,,,5-3,- - -,- - -,complete,DD,Gladsaxe Søborg 2,KBK Kbh. 2,0,2,ikke relevant
5022,1262,419354,2021-12-12,,away,holdresultat,entydig,udledt,0 hjemme- og 6 udesejre mangler blandt 6 ukendte i holdkampen; alle ukendte må være away.,complete,0,6,,,0-6,- - -,- - -,complete,DS,Valby BC 3,Gladsaxe Søborg 4,0,6,ikke relevant
5023,1262,419354,2021-12-12,,away,holdresultat,entydig,udledt,0 hjemme- og 6 udesejre mangler blandt 6 ukendte i holdkampen; alle ukendte må være away.,complete,0,6,,,0-6,- - -,- - -,complete,DS,Valby BC 3,Gladsaxe Søborg 4,0,6,ikke relevant
5024,1262,419354,2021-12-12,,away,holdresultat,entydig,udledt,0 hjemme- og 6 udesejre mangler blandt 6 ukendte i holdkampen; alle ukendte må være away.,complete,0,6,,,0-6,- - -,- - -,complete,DS,Valby BC 3,Gladsaxe Søborg 4,0,6,ikke relevant
5025,1262,419354,2021-12-12,,away,holdresultat,entydig,udledt,0 hjemme- og 6 udesejre mangler blandt 6 ukendte i holdkampen; alle ukendte må være away.,complete,0,6,,,0-6,- - -,- - -,complete,DS,Valby BC 3,Gladsaxe Søborg 4,0,6,ikke relevant
5026,1262,419354,2021-12-12,,away,holdresultat,entydig,udledt,0 hjemme- og 6 udesejre mangler blandt 6 ukendte i holdkampen; alle ukendte må være away.,complete,0,6,,,0-6,- - -,- - -,complete,DD,Valby BC 3,Gladsaxe Søborg 4,0,6,ikke relevant
5027,1262,419354,2021-12-12,,away,holdresultat,entydig,udledt,0 hjemme- og 6 udesejre mangler blandt 6 ukendte i holdkampen; alle ukendte må være away.,complete,0,6,,,0-6,- - -,- - -,complete,DD,Valby BC 3,Gladsaxe Søborg 4,0,6,ikke relevant
5345,1291,407097,2021-12-19,,away,holdresultat,entydig,udledt,0 hjemme- og 5 udesejre mangler blandt 5 ukendte i holdkampen; alle ukendte må være away.,complete,0,5,(Ikke fremmødt),,4-9,- - -,- - -,complete,MD,Gladsaxe Søborg 3,SAIF Kbh. 5,0,5,ikke relevant
5346,1291,407097,2021-12-19,,away,holdresultat,entydig,udledt,0 hjemme- og 5 udesejre mangler blandt 5 ukendte i holdkampen; alle ukendte må være away.,complete,0,5,(Ikke fremmødt),,4-9,- - -,- - -,complete,DS,Gladsaxe Søborg 3,SAIF Kbh. 5,0,5,ikke relevant
5347,1291,407097,2021-12-19,,away,holdresultat,entydig,udledt,0 hjemme- og 5 udesejre mangler blandt 5 ukendte i holdkampen; alle ukendte må være away.,complete,0,5,(Ikke fremmødt),,4-9,- - -,- - -,complete,DS,Gladsaxe Søborg 3,SAIF Kbh. 5,0,5,ikke relevant
5352,1291,407097,2021-12-19,,away,holdresultat,entydig,udledt,0 hjemme- og 5 udesejre mangler blandt 5 ukendte i holdkampen; alle ukendte må være away.,complete,0,5,(Ikke fremmødt),,4-9,- - -,- - -,complete,DD,Gladsaxe Søborg 3,SAIF Kbh. 5,0,5,ikke relevant
5353,1291,407097,2021-12-19,,away,holdresultat,entydig,udledt,0 hjemme- og 5 udesejre mangler blandt 5 ukendte i holdkampen; alle ukendte må være away.,complete,0,5,(Ikke fremmødt),,4-9,- - -,- - -,complete,DD,Gladsaxe Søborg 3,SAIF Kbh. 5,0,5,ikke relevant
5698,1329,407708,2021-12-19,,home,holdresultat,entydig,udledt,2 hjemme- og 0 udesejre mangler blandt 2 ukendte i holdkampen; alle ukendte må være home.,complete,0,2,,,7-1,- - -,- - -,complete,MD,Tingbjerg 1,Gladsaxe Søborg 2,2,0,ikke relevant
5704,1329,407708,2021-12-19,,home,holdresultat,entydig,udledt,2 hjemme- og 0 udesejre mangler blandt 2 ukendte i holdkampen; alle ukendte må være home.,complete,0,2,,,7-1,- - -,- - -,complete,HD,Tingbjerg 1,Gladsaxe Søborg 2,2,0,ikke relevant
5812,1343,407784,2021-12-19,,home,holdresultat,entydig,udledt,2 hjemme- og 0 udesejre mangler blandt 2 ukendte i holdkampen; alle ukendte må være home.,complete,0,2,,,3-5,- - -,- - -,complete,HD,Gladsaxe Søborg 4,Rødovre/KFUM KBH 2,2,0,ikke relevant
5816,1343,407784,2021-12-19,,home,holdresultat,entydig,udledt,2 hjemme- og 0 udesejre mangler blandt 2 ukendte i holdkampen; alle ukendte må være home.,complete,0,2,,,3-5,- - -,- - -,complete,HD,Gladsaxe Søborg 4,Rødovre/KFUM KBH 2,2,0,ikke relevant
5533,1306,407878,2022-01-09,,,holdresultat ikke entydigt,uafklaret,uafklaret,Holdresultatet efter kendte sejre efterlader 1 hjemme- og 2 udesejre blandt 3 ukendte; udfaldet er ikke entydigt.,complete,0,3,,,7-5,- - -,- - -,complete,DD,Rødovre/KFUM KBH 1,Gladsaxe Søborg 2,1,2,ikke relevant
5537,1306,407878,2022-01-09,,,holdresultat ikke entydigt,uafklaret,uafklaret,Holdresultatet efter kendte sejre efterlader 1 hjemme- og 2 udesejre blandt 3 ukendte; udfaldet er ikke entydigt.,complete,0,3,,,7-5,- - -,- - -,complete,HD,Rødovre/KFUM KBH 1,Gladsaxe Søborg 2,1,2,ikke relevant
5539,1306,407878,2022-01-09,G,,holdresultat ikke entydigt,uafklaret,uafklaret,Holdresultatet efter kendte sejre efterlader 1 hjemme- og 2 udesejre blandt 3 ukendte; udfaldet er ikke entydigt. G-markør med 2 scorede sæt identificerer ikke i sig selv den tilbagetrukne side.,api_repaired,2,3,,,7-5,21-12,14-21,api_repaired,HD,Rødovre/KFUM KBH 1,Gladsaxe Søborg 2,1,2,ikke relevant
5761,1337,407759,2022-01-09,,home,holdresultat,entydig,udledt,8 hjemme- og 0 udesejre mangler blandt 8 ukendte i holdkampen; alle ukendte må være home.,complete,0,8,,,8-0,- - -,- - -,complete,MD,Gladsaxe Søborg 3,KBK Kbh. 1,8,0,ikke relevant
5762,1337,407759,2022-01-09,,home,holdresultat,entydig,udledt,8 hjemme- og 0 udesejre mangler blandt 8 ukendte i holdkampen; alle ukendte må være home.,complete,0,8,,,8-0,- - -,- - -,complete,MD,Gladsaxe Søborg 3,KBK Kbh. 1,8,0,ikke relevant
5763,1337,407759,2022-01-09,,home,holdresultat,entydig,udledt,8 hjemme- og 0 udesejre mangler blandt 8 ukendte i holdkampen; alle ukendte må være home.,complete,0,8,,,8-0,- - -,- - -,complete,HD,Gladsaxe Søborg 3,KBK Kbh. 1,8,0,ikke relevant
5764,1337,407759,2022-01-09,,home,holdresultat,entydig,udledt,8 hjemme- og 0 udesejre mangler blandt 8 ukendte i holdkampen; alle ukendte må være home.,complete,0,8,,,8-0,- - -,- - -,complete,HD,Gladsaxe Søborg 3,KBK Kbh. 1,8,0,ikke relevant
5765,1337,407759,2022-01-09,,home,holdresultat,entydig,udledt,8 hjemme- og 0 udesejre mangler blandt 8 ukendte i holdkampen; alle ukendte må være home.,complete,0,8,,,8-0,- - -,- - -,complete,DD,Gladsaxe Søborg 3,KBK Kbh. 1,8,0,ikke relevant
5766,1337,407759,2022-01-09,,home,holdresultat,entydig,udledt,8 hjemme- og 0 udesejre mangler blandt 8 ukendte i holdkampen; alle ukendte må være home.,complete,0,8,,,8-0,- - -,- - -,complete,HD,Gladsaxe Søborg 3,KBK Kbh. 1,8,0,ikke relevant
5767,1337,407759,2022-01-09,,home,holdresultat,entydig,udledt,8 hjemme- og 0 udesejre mangler blandt 8 ukendte i holdkampen; alle ukendte må være home.,complete,0,8,,,8-0,- - -,- - -,complete,HD,Gladsaxe Søborg 3,KBK Kbh. 1,8,0,ikke relevant
5768,1337,407759,2022-01-09,,home,holdresultat,entydig,udledt,8 hjemme- og 0 udesejre mangler blandt 8 ukendte i holdkampen; alle ukendte må være home.,complete,0,8,,,8-0,- - -,- - -,complete,HD,Gladsaxe Søborg 3,KBK Kbh. 1,8,0,ikke relevant
5031,1263,413584,2022-01-16,,away,holdresultat,entydig,udledt,0 hjemme- og 2 udesejre mangler blandt 2 ukendte i holdkampen; alle ukendte må være away.,complete,0,2,(Ikke fremmødt),,4-2,- - -,- - -,complete,DS,Gladsaxe Søborg 4,Solrød Strand 7,0,2,ikke relevant
5033,1263,413584,2022-01-16,,away,holdresultat,entydig,udledt,0 hjemme- og 2 udesejre mangler blandt 2 ukendte i holdkampen; alle ukendte må være away.,complete,0,2,(Ikke fremmødt),,4-2,- - -,- - -,complete,DD,Gladsaxe Søborg 4,Solrød Strand 7,0,2,ikke relevant
5037,1264,413586,2022-01-16,,home,holdresultat,entydig,udledt,2 hjemme- og 0 udesejre mangler blandt 2 ukendte i holdkampen; alle ukendte må være home.,complete,0,2,(Ikke fremmødt),,4-2,- - -,- - -,complete,DS,Vanløse 4,Gladsaxe Søborg 4,2,0,ikke relevant
5039,1264,413586,2022-01-16,,home,holdresultat,entydig,udledt,2 hjemme- og 0 udesejre mangler blandt 2 ukendte i holdkampen; alle ukendte må være home.,complete,0,2,(Ikke fremmødt),,4-2,- - -,- - -,complete,DD,Vanløse 4,Gladsaxe Søborg 4,2,0,ikke relevant
5157,1275,422416,2022-02-05,,,holdresultat ikke entydigt,uafklaret,uafklaret,Holdresultatet efter kendte sejre efterlader -1 hjemme- og 2 udesejre blandt 1 ukendte; udfaldet er ikke entydigt.,complete,0,1,,,11-2,- - -,- - -,complete,DD,Gladsaxe Søborg,Næstved-Herlufsholm,-1,2,ikke relevant
5040,1265,419355,2022-02-06,,home,holdresultat,entydig,udledt,6 hjemme- og 0 udesejre mangler blandt 6 ukendte i holdkampen; alle ukendte må være home.,complete,0,6,,,6-0,- - -,- - -,complete,DS,BC37 Amager 5,Gladsaxe Søborg 4,6,0,ikke relevant
5041,1265,419355,2022-02-06,,home,holdresultat,entydig,udledt,6 hjemme- og 0 udesejre mangler blandt 6 ukendte i holdkampen; alle ukendte må være home.,complete,0,6,,,6-0,- - -,- - -,complete,DS,BC37 Amager 5,Gladsaxe Søborg 4,6,0,ikke relevant
5042,1265,419355,2022-02-06,,home,holdresultat,entydig,udledt,6 hjemme- og 0 udesejre mangler blandt 6 ukendte i holdkampen; alle ukendte må være home.,complete,0,6,,,6-0,- - -,- - -,complete,DS,BC37 Amager 5,Gladsaxe Søborg 4,6,0,ikke relevant
5043,1265,419355,2022-02-06,,home,holdresultat,entydig,udledt,6 hjemme- og 0 udesejre mangler blandt 6 ukendte i holdkampen; alle ukendte må være home.,complete,0,6,,,6-0,- - -,- - -,complete,DS,BC37 Amager 5,Gladsaxe Søborg 4,6,0,ikke relevant
5044,1265,419355,2022-02-06,,home,holdresultat,entydig,udledt,6 hjemme- og 0 udesejre mangler blandt 6 ukendte i holdkampen; alle ukendte må være home.,complete,0,6,,,6-0,- - -,- - -,complete,DD,BC37 Amager 5,Gladsaxe Søborg 4,6,0,ikke relevant
5045,1265,419355,2022-02-06,,home,holdresultat,entydig,udledt,6 hjemme- og 0 udesejre mangler blandt 6 ukendte i holdkampen; alle ukendte må være home.,complete,0,6,,,6-0,- - -,- - -,complete,DD,BC37 Amager 5,Gladsaxe Søborg 4,6,0,ikke relevant
5373,1293,407111,2022-02-13,,home,holdresultat,entydig,udledt,2 hjemme- og 0 udesejre mangler blandt 2 ukendte i holdkampen; alle ukendte må være home.,complete,0,2,,,13-0,- - -,- - -,complete,DS,PI København 1,Gladsaxe Søborg 3,2,0,ikke relevant
5379,1293,407111,2022-02-13,,home,holdresultat,entydig,udledt,2 hjemme- og 0 udesejre mangler blandt 2 ukendte i holdkampen; alle ukendte må være home.,complete,0,2,,,13-0,- - -,- - -,complete,DD,PI København 1,Gladsaxe Søborg 3,2,0,ikke relevant
16813,1248,413619,2022-02-27,G,home,holdresultat,entydig,udledt,1 hjemme- og 0 udesejre mangler blandt 1 ukendte i holdkampen; alle ukendte må være home.,browser_zero_score,0,1,,,1-5,0,0,browser_zero_score,S,Gladsaxe Søborg 1,Vanløse 1,1,0,ikke relevant
5049,1266,413593,2022-03-13,,home,holdresultat,entydig,udledt,2 hjemme- og 0 udesejre mangler blandt 2 ukendte i holdkampen; alle ukendte må være home.,complete,0,2,(Ikke fremmødt),,6-0,- - -,- - -,complete,DS,Herlev/Hjorten 7,Gladsaxe Søborg 4,2,0,ikke relevant
5051,1266,413593,2022-03-13,,home,holdresultat,entydig,udledt,2 hjemme- og 0 udesejre mangler blandt 2 ukendte i holdkampen; alle ukendte må være home.,complete,0,2,(Ikke fremmødt),,6-0,- - -,- - -,complete,DD,Herlev/Hjorten 7,Gladsaxe Søborg 4,2,0,ikke relevant
5055,1267,413595,2022-03-13,,away,holdresultat,entydig,udledt,0 hjemme- og 2 udesejre mangler blandt 2 ukendte i holdkampen; alle ukendte må være away.,complete,0,2,(Ikke fremmødt),,1-5,- - -,- - -,complete,DS,Gladsaxe Søborg 4,Team Vejleå 3,0,2,ikke relevant
5057,1267,413595,2022-03-13,,away,holdresultat,entydig,udledt,0 hjemme- og 2 udesejre mangler blandt 2 ukendte i holdkampen; alle ukendte må være away.,complete,0,2,(Ikke fremmødt),,1-5,- - -,- - -,complete,DD,Gladsaxe Søborg 4,Team Vejleå 3,0,2,ikke relevant
5386,1294,407116,2022-03-20,,home,holdresultat,entydig,udledt,4 hjemme- og 0 udesejre mangler blandt 4 ukendte i holdkampen; alle ukendte må være home.,complete,0,4,(Ikke fremmødt),,13-0,- - -,- - -,complete,DS,KSI Badmintonklub Kbh. 2,Gladsaxe Søborg 3,4,0,ikke relevant
5390,1294,407116,2022-03-20,,home,holdresultat,entydig,udledt,4 hjemme- og 0 udesejre mangler blandt 4 ukendte i holdkampen; alle ukendte må være home.,complete,0,4,(Ikke fremmødt),,13-0,- - -,- - -,complete,HS,KSI Badmintonklub Kbh. 2,Gladsaxe Søborg 3,4,0,ikke relevant
5392,1294,407116,2022-03-20,,home,holdresultat,entydig,udledt,4 hjemme- og 0 udesejre mangler blandt 4 ukendte i holdkampen; alle ukendte må være home.,complete,0,4,(Ikke fremmødt),,13-0,- - -,- - -,complete,DD,KSI Badmintonklub Kbh. 2,Gladsaxe Søborg 3,4,0,ikke relevant
5395,1294,407116,2022-03-20,,home,holdresultat,entydig,udledt,4 hjemme- og 0 udesejre mangler blandt 4 ukendte i holdkampen; alle ukendte må være home.,complete,0,4,(Ikke fremmødt),,13-0,- - -,- - -,complete,HD,KSI Badmintonklub Kbh. 2,Gladsaxe Søborg 3,4,0,ikke relevant
5319,1289,422445,2022-03-26,,home,holdresultat,entydig,udledt,4 hjemme- og 0 udesejre mangler blandt 4 ukendte i holdkampen; alle ukendte må være home.,complete,0,4,(Ikke fremmødt),,13-0,- - -,- - -,complete,MD,KSI Badmintonklub Kbh.,Gladsaxe Søborg 2,4,0,ikke relevant
5321,1289,422445,2022-03-26,,home,holdresultat,entydig,udledt,4 hjemme- og 0 udesejre mangler blandt 4 ukendte i holdkampen; alle ukendte må være home.,complete,0,4,(Ikke fremmødt),,13-0,- - -,- - -,complete,DS,KSI Badmintonklub Kbh.,Gladsaxe Søborg 2,4,0,ikke relevant
5327,1289,422445,2022-03-26,,home,holdresultat,entydig,udledt,4 hjemme- og 0 udesejre mangler blandt 4 ukendte i holdkampen; alle ukendte må være home.,complete,0,4,(Ikke fremmødt),,13-0,- - -,- - -,complete,DD,KSI Badmintonklub Kbh.,Gladsaxe Søborg 2,4,0,ikke relevant
5328,1289,422445,2022-03-26,,home,holdresultat,entydig,udledt,4 hjemme- og 0 udesejre mangler blandt 4 ukendte i holdkampen; alle ukendte må være home.,complete,0,4,(Ikke fremmødt),,13-0,- - -,- - -,complete,HD,KSI Badmintonklub Kbh.,Gladsaxe Søborg 2,4,0,ikke relevant
5396,1295,407125,2022-04-03,,away,holdresultat,entydig,udledt,0 hjemme- og 13 udesejre mangler blandt 13 ukendte i holdkampen; alle ukendte må være away.,complete,0,13,,,0-13,- - -,- - -,complete,MD,Gladsaxe Søborg 3,Gentofte 5,0,13,ikke relevant
5397,1295,407125,2022-04-03,,away,holdresultat,entydig,udledt,0 hjemme- og 13 udesejre mangler blandt 13 ukendte i holdkampen; alle ukendte må være away.,complete,0,13,,,0-13,- - -,- - -,complete,MD,Gladsaxe Søborg 3,Gentofte 5,0,13,ikke relevant
5398,1295,407125,2022-04-03,,away,holdresultat,entydig,udledt,0 hjemme- og 13 udesejre mangler blandt 13 ukendte i holdkampen; alle ukendte må være away.,complete,0,13,,,0-13,- - -,- - -,complete,DS,Gladsaxe Søborg 3,Gentofte 5,0,13,ikke relevant
5399,1295,407125,2022-04-03,,away,holdresultat,entydig,udledt,0 hjemme- og 13 udesejre mangler blandt 13 ukendte i holdkampen; alle ukendte må være away.,complete,0,13,,,0-13,- - -,- - -,complete,DS,Gladsaxe Søborg 3,Gentofte 5,0,13,ikke relevant
5400,1295,407125,2022-04-03,,away,holdresultat,entydig,udledt,0 hjemme- og 13 udesejre mangler blandt 13 ukendte i holdkampen; alle ukendte må være away.,complete,0,13,,,0-13,- - -,- - -,complete,HS,Gladsaxe Søborg 3,Gentofte 5,0,13,ikke relevant
5401,1295,407125,2022-04-03,,away,holdresultat,entydig,udledt,0 hjemme- og 13 udesejre mangler blandt 13 ukendte i holdkampen; alle ukendte må være away.,complete,0,13,,,0-13,- - -,- - -,complete,HS,Gladsaxe Søborg 3,Gentofte 5,0,13,ikke relevant
5402,1295,407125,2022-04-03,,away,holdresultat,entydig,udledt,0 hjemme- og 13 udesejre mangler blandt 13 ukendte i holdkampen; alle ukendte må være away.,complete,0,13,,,0-13,- - -,- - -,complete,HS,Gladsaxe Søborg 3,Gentofte 5,0,13,ikke relevant
5403,1295,407125,2022-04-03,,away,holdresultat,entydig,udledt,0 hjemme- og 13 udesejre mangler blandt 13 ukendte i holdkampen; alle ukendte må være away.,complete,0,13,,,0-13,- - -,- - -,complete,HS,Gladsaxe Søborg 3,Gentofte 5,0,13,ikke relevant
5404,1295,407125,2022-04-03,,away,holdresultat,entydig,udledt,0 hjemme- og 13 udesejre mangler blandt 13 ukendte i holdkampen; alle ukendte må være away.,complete,0,13,,,0-13,- - -,- - -,complete,DD,Gladsaxe Søborg 3,Gentofte 5,0,13,ikke relevant
5405,1295,407125,2022-04-03,,away,holdresultat,entydig,udledt,0 hjemme- og 13 udesejre mangler blandt 13 ukendte i holdkampen; alle ukendte må være away.,complete,0,13,,,0-13,- - -,- - -,complete,DD,Gladsaxe Søborg 3,Gentofte 5,0,13,ikke relevant
5406,1295,407125,2022-04-03,,away,holdresultat,entydig,udledt,0 hjemme- og 13 udesejre mangler blandt 13 ukendte i holdkampen; alle ukendte må være away.,complete,0,13,,,0-13,- - -,- - -,complete,HD,Gladsaxe Søborg 3,Gentofte 5,0,13,ikke relevant
5407,1295,407125,2022-04-03,,away,holdresultat,entydig,udledt,0 hjemme- og 13 udesejre mangler blandt 13 ukendte i holdkampen; alle ukendte må være away.,complete,0,13,,,0-13,- - -,- - -,complete,HD,Gladsaxe Søborg 3,Gentofte 5,0,13,ikke relevant
5408,1295,407125,2022-04-03,,away,holdresultat,entydig,udledt,0 hjemme- og 13 udesejre mangler blandt 13 ukendte i holdkampen; alle ukendte må være away.,complete,0,13,,,0-13,- - -,- - -,complete,HD,Gladsaxe Søborg 3,Gentofte 5,0,13,ikke relevant
5483,1302,407453,2022-04-03,,home,holdresultat,entydig,udledt,3 hjemme- og 0 udesejre mangler blandt 3 ukendte i holdkampen; alle ukendte må være home.,complete,0,3,(Ikke fremmødt),,11-1,- - -,- - -,complete,MD,Gladsaxe Søborg 1,Dragør 1,3,0,ikke relevant
5484,1302,407453,2022-04-03,,home,holdresultat,entydig,udledt,3 hjemme- og 0 udesejre mangler blandt 3 ukendte i holdkampen; alle ukendte må være home.,complete,0,3,(Ikke fremmødt),,11-1,- - -,- - -,complete,MD,Gladsaxe Søborg 1,Dragør 1,3,0,ikke relevant
5486,1302,407453,2022-04-03,,home,holdresultat,entydig,udledt,3 hjemme- og 0 udesejre mangler blandt 3 ukendte i holdkampen; alle ukendte må være home.,complete,0,3,(Ikke fremmødt),,11-1,- - -,- - -,complete,DD,Gladsaxe Søborg 1,Dragør 1,3,0,ikke relevant
4491,1115,426515,2022-09-18,,,holdresultat ikke entydigt,uafklaret,uafklaret,Holdresultatet efter kendte sejre efterlader 2 hjemme- og -1 udesejre blandt 1 ukendte; udfaldet er ikke entydigt.,complete,0,1,,,11-1,- - -,- - -,complete,HD,Gladsaxe Søborg 1,Hvidovre 2,2,-1,ikke relevant
4642,1128,426570,2022-09-18,,away,holdresultat,entydig,udledt,0 hjemme- og 2 udesejre mangler blandt 2 ukendte i holdkampen; alle ukendte må være away.,complete,0,2,,,0-12,- - -,- - -,complete,MD,Gladsaxe Søborg 3,Skovshoved 2,0,2,ikke relevant
4648,1128,426570,2022-09-18,,away,holdresultat,entydig,udledt,0 hjemme- og 2 udesejre mangler blandt 2 ukendte i holdkampen; alle ukendte må være away.,complete,0,2,,,0-12,- - -,- - -,complete,HD,Gladsaxe Søborg 3,Skovshoved 2,0,2,ikke relevant
4969,1166,426847,2022-10-02,,,holdresultat ikke entydigt,uafklaret,uafklaret,Holdresultatet efter kendte sejre efterlader 1 hjemme- og 1 udesejre blandt 2 ukendte; udfaldet er ikke entydigt.,complete,0,2,,,6-2,- - -,- - -,complete,MD,Hvidovre HB2000 1,Gladsaxe Søborg 2,1,1,ikke relevant
4972,1166,426847,2022-10-02,,,holdresultat ikke entydigt,uafklaret,uafklaret,Holdresultatet efter kendte sejre efterlader 1 hjemme- og 1 udesejre blandt 2 ukendte; udfaldet er ikke entydigt.,complete,0,2,,,6-2,- - -,- - -,complete,DD,Hvidovre HB2000 1,Gladsaxe Søborg 2,1,1,ikke relevant
4120,1087,425512,2022-10-08,H,home,holdresultat,entydig,udledt,2 hjemme- og 0 udesejre mangler blandt 2 ukendte i holdkampen; alle ukendte må være home.,api_repaired,2,2,,,4-9,21-9,18-17,api_repaired,MD,Holbæk 2,Gladsaxe Søborg,2,0,ikke relevant
4129,1087,425512,2022-10-08,,home,holdresultat,entydig,udledt,2 hjemme- og 0 udesejre mangler blandt 2 ukendte i holdkampen; alle ukendte må være home.,complete,0,2,,,4-9,- - -,- - -,complete,DD,Holbæk 2,Gladsaxe Søborg,2,0,ikke relevant
4266,1098,426380,2022-10-08,,,holdresultat ikke entydigt,uafklaret,uafklaret,Holdresultatet efter kendte sejre efterlader 3 hjemme- og -1 udesejre blandt 2 ukendte; udfaldet er ikke entydigt.,complete,0,2,,,5-8,- - -,- - -,complete,DS,Gladsaxe Søborg 2,Gentofte 5,3,-1,ikke relevant
4272,1098,426380,2022-10-08,,,holdresultat ikke entydigt,uafklaret,uafklaret,Holdresultatet efter kendte sejre efterlader 3 hjemme- og -1 udesejre blandt 2 ukendte; udfaldet er ikke entydigt.,complete,0,2,,,5-8,- - -,- - -,complete,DD,Gladsaxe Søborg 2,Gentofte 5,3,-1,ikke relevant
4396,1108,428940,2022-10-16,,home,holdresultat,entydig,udledt,2 hjemme- og 0 udesejre mangler blandt 2 ukendte i holdkampen; alle ukendte må være home.,complete,0,2,(Ikke fremmødt),,11-2,- - -,- - -,complete,DS,Hvidovre HB2000 2,Gladsaxe Søborg 3,2,0,ikke relevant
4402,1108,428940,2022-10-16,,home,holdresultat,entydig,udledt,2 hjemme- og 0 udesejre mangler blandt 2 ukendte i holdkampen; alle ukendte må være home.,complete,0,2,(Ikke fremmødt),,11-2,- - -,- - -,complete,DD,Hvidovre HB2000 2,Gladsaxe Søborg 3,2,0,ikke relevant
4408,1109,428944,2022-11-06,,away,holdresultat,entydig,udledt,0 hjemme- og 3 udesejre mangler blandt 3 ukendte i holdkampen; alle ukendte må være away.,complete,0,3,(Ikke fremmødt),,6-7,- - -,- - -,complete,DS,Gladsaxe Søborg 3,CBS Sport Badminton,0,3,ikke relevant
4409,1109,428944,2022-11-06,,away,holdresultat,entydig,udledt,0 hjemme- og 3 udesejre mangler blandt 3 ukendte i holdkampen; alle ukendte må være away.,complete,0,3,(Ikke fremmødt),,6-7,- - -,- - -,complete,DS,Gladsaxe Søborg 3,CBS Sport Badminton,0,3,ikke relevant
4415,1109,428944,2022-11-06,,away,holdresultat,entydig,udledt,0 hjemme- og 3 udesejre mangler blandt 3 ukendte i holdkampen; alle ukendte må være away.,complete,0,3,(Ikke fremmødt),,6-7,- - -,- - -,complete,DD,Gladsaxe Søborg 3,CBS Sport Badminton,0,3,ikke relevant
4150,1089,425520,2022-11-19,G,,holdresultat ikke entydigt,uafklaret,uafklaret,Holdresultatet efter kendte sejre efterlader 3 hjemme- og 2 udesejre blandt 5 ukendte; udfaldet er ikke entydigt. G-markør med 2 scorede sæt identificerer ikke i sig selv den tilbagetrukne side.,api_repaired,2,5,,,10-3,21-7,17-21,api_repaired,HS,Karlslunde 2,Gladsaxe Søborg,3,2,ikke relevant
4152,1089,425520,2022-11-19,,,holdresultat ikke entydigt,uafklaret,uafklaret,Holdresultatet efter kendte sejre efterlader 3 hjemme- og 2 udesejre blandt 5 ukendte; udfaldet er ikke entydigt.,complete,0,5,,,10-3,- - -,- - -,complete,HS,Karlslunde 2,Gladsaxe Søborg,3,2,ikke relevant
4153,1089,425520,2022-11-19,,,holdresultat ikke entydigt,uafklaret,uafklaret,Holdresultatet efter kendte sejre efterlader 3 hjemme- og 2 udesejre blandt 5 ukendte; udfaldet er ikke entydigt.,complete,0,5,,,10-3,- - -,- - -,complete,HS,Karlslunde 2,Gladsaxe Søborg,3,2,ikke relevant
4156,1089,425520,2022-11-19,,,holdresultat ikke entydigt,uafklaret,uafklaret,Holdresultatet efter kendte sejre efterlader 3 hjemme- og 2 udesejre blandt 5 ukendte; udfaldet er ikke entydigt.,complete,0,5,,,10-3,- - -,- - -,complete,HD,Karlslunde 2,Gladsaxe Søborg,3,2,ikke relevant
4158,1089,425520,2022-11-19,,,holdresultat ikke entydigt,uafklaret,uafklaret,Holdresultatet efter kendte sejre efterlader 3 hjemme- og 2 udesejre blandt 5 ukendte; udfaldet er ikke entydigt.,complete,0,5,,,10-3,- - -,- - -,complete,HD,Karlslunde 2,Gladsaxe Søborg,3,2,ikke relevant
4047,964,428460,2022-11-20,,home,holdresultat,entydig,udledt,3 hjemme- og 0 udesejre mangler blandt 3 ukendte i holdkampen; alle ukendte må være home.,complete,0,3,,,8-0,- - -,- - -,complete,MD,Lyngby/KBK 1,Gladsaxe Søborg 1,3,0,ikke relevant
4049,964,428460,2022-11-20,,home,holdresultat,entydig,udledt,3 hjemme- og 0 udesejre mangler blandt 3 ukendte i holdkampen; alle ukendte må være home.,complete,0,3,,,8-0,- - -,- - -,complete,DS,Lyngby/KBK 1,Gladsaxe Søborg 1,3,0,ikke relevant
4052,964,428460,2022-11-20,,home,holdresultat,entydig,udledt,3 hjemme- og 0 udesejre mangler blandt 3 ukendte i holdkampen; alle ukendte må være home.,complete,0,3,,,8-0,- - -,- - -,complete,DD,Lyngby/KBK 1,Gladsaxe Søborg 1,3,0,ikke relevant
4055,965,428461,2022-11-20,,away,holdresultat,entydig,udledt,0 hjemme- og 3 udesejre mangler blandt 3 ukendte i holdkampen; alle ukendte må være away.,complete,0,3,(Ikke fremmødt),,1-7,- - -,- - -,complete,MD,Gladsaxe Søborg 1,Solrød Strand 1,0,3,ikke relevant
4057,965,428461,2022-11-20,,away,holdresultat,entydig,udledt,0 hjemme- og 3 udesejre mangler blandt 3 ukendte i holdkampen; alle ukendte må være away.,complete,0,3,(Ikke fremmødt),,1-7,- - -,- - -,complete,DS,Gladsaxe Søborg 1,Solrød Strand 1,0,3,ikke relevant
4060,965,428461,2022-11-20,,away,holdresultat,entydig,udledt,0 hjemme- og 3 udesejre mangler blandt 3 ukendte i holdkampen; alle ukendte må være away.,complete,0,3,(Ikke fremmødt),,1-7,- - -,- - -,complete,DD,Gladsaxe Søborg 1,Solrød Strand 1,0,3,ikke relevant
4420,1110,428948,2022-11-27,,home,holdresultat,entydig,udledt,5 hjemme- og 0 udesejre mangler blandt 5 ukendte i holdkampen; alle ukendte må være home.,complete,0,5,(Ikke fremmødt),,12-1,- - -,- - -,complete,MD,Rødovre/KFUM KBH,Gladsaxe Søborg 3,5,0,ikke relevant
4421,1110,428948,2022-11-27,,home,holdresultat,entydig,udledt,5 hjemme- og 0 udesejre mangler blandt 5 ukendte i holdkampen; alle ukendte må være home.,complete,0,5,(Ikke fremmødt),,12-1,- - -,- - -,complete,DS,Rødovre/KFUM KBH,Gladsaxe Søborg 3,5,0,ikke relevant
4422,1110,428948,2022-11-27,,home,holdresultat,entydig,udledt,5 hjemme- og 0 udesejre mangler blandt 5 ukendte i holdkampen; alle ukendte må være home.,complete,0,5,(Ikke fremmødt),,12-1,- - -,- - -,complete,DS,Rødovre/KFUM KBH,Gladsaxe Søborg 3,5,0,ikke relevant
4427,1110,428948,2022-11-27,,home,holdresultat,entydig,udledt,5 hjemme- og 0 udesejre mangler blandt 5 ukendte i holdkampen; alle ukendte må være home.,complete,0,5,(Ikke fremmødt),,12-1,- - -,- - -,complete,DD,Rødovre/KFUM KBH,Gladsaxe Søborg 3,5,0,ikke relevant
4428,1110,428948,2022-11-27,,home,holdresultat,entydig,udledt,5 hjemme- og 0 udesejre mangler blandt 5 ukendte i holdkampen; alle ukendte må være home.,complete,0,5,(Ikke fremmødt),,12-1,- - -,- - -,complete,DD,Rødovre/KFUM KBH,Gladsaxe Søborg 3,5,0,ikke relevant
4529,1118,426527,2022-11-27,,away,holdresultat,entydig,udledt,0 hjemme- og 2 udesejre mangler blandt 2 ukendte i holdkampen; alle ukendte må være away.,complete,0,2,,,1-11,- - -,- - -,complete,HD,FKIF Frederiksberg 1,Gladsaxe Søborg 1,0,2,ikke relevant
4531,1118,426527,2022-11-27,,away,holdresultat,entydig,udledt,0 hjemme- og 2 udesejre mangler blandt 2 ukendte i holdkampen; alle ukendte må være away.,complete,0,2,,,1-11,- - -,- - -,complete,HD,FKIF Frederiksberg 1,Gladsaxe Søborg 1,0,2,ikke relevant
4596,1124,426555,2022-11-27,,home,holdresultat,entydig,udledt,1 hjemme- og 0 udesejre mangler blandt 1 ukendte i holdkampen; alle ukendte må være home.,complete,0,1,,,9-3,- - -,- - -,complete,DD,ØBK/BK Kbh. 1,Gladsaxe Søborg 2,1,0,ikke relevant
4855,1151,426796,2022-11-27,,home,holdresultat,entydig,udledt,1 hjemme- og 0 udesejre mangler blandt 1 ukendte i holdkampen; alle ukendte må være home.,complete,0,1,,,6-2,- - -,- - -,complete,HD,Tingbjerg 2,Gladsaxe Søborg 3,1,0,ikke relevant
4435,1111,428950,2022-12-18,,home,holdresultat,entydig,udledt,2 hjemme- og 0 udesejre mangler blandt 2 ukendte i holdkampen; alle ukendte må være home.,complete,0,2,(Ikke fremmødt),,10-3,- - -,- - -,complete,DS,SAIF Kbh. 4,Gladsaxe Søborg 3,2,0,ikke relevant
4441,1111,428950,2022-12-18,,home,holdresultat,entydig,udledt,2 hjemme- og 0 udesejre mangler blandt 2 ukendte i holdkampen; alle ukendte må være home.,complete,0,2,(Ikke fremmødt),,10-3,- - -,- - -,complete,DD,SAIF Kbh. 4,Gladsaxe Søborg 3,2,0,ikke relevant
4697,1132,426585,2022-12-18,,,"ikke fremmødt, deltagerside ikke entydig",uafklaret,uafklaret,Holdresultatet efter kendte sejre efterlader 3 hjemme- og -1 udesejre blandt 2 ukendte; udfaldet er ikke entydigt.,complete,0,2,(Ikke fremmødt),,9-3,- - -,- - -,complete,HD,Gladsaxe Søborg 3,Drive 2,3,-1,ikke relevant
4699,1132,426585,2022-12-18,,,"ikke fremmødt, deltagerside ikke entydig",uafklaret,uafklaret,Holdresultatet efter kendte sejre efterlader 3 hjemme- og -1 udesejre blandt 2 ukendte; udfaldet er ikke entydigt.,complete,0,2,(Ikke fremmødt),,9-3,- - -,- - -,complete,HD,Gladsaxe Søborg 3,Drive 2,3,-1,ikke relevant
4905,1158,426821,2022-12-18,,away,holdresultat,entydig,udledt,0 hjemme- og 2 udesejre mangler blandt 2 ukendte i holdkampen; alle ukendte må være away.,complete,0,2,,,6-2,- - -,- - -,complete,MD,Frederiksberg 1,Gladsaxe Søborg 4,0,2,ikke relevant
4908,1158,426821,2022-12-18,,away,holdresultat,entydig,udledt,0 hjemme- og 2 udesejre mangler blandt 2 ukendte i holdkampen; alle ukendte må være away.,complete,0,2,,,6-2,- - -,- - -,complete,DD,Frederiksberg 1,Gladsaxe Søborg 4,0,2,ikke relevant
4995,1169,426860,2022-12-18,,home,holdresultat,entydig,udledt,2 hjemme- og 0 udesejre mangler blandt 2 ukendte i holdkampen; alle ukendte må være home.,complete,0,2,,,6-2,- - -,- - -,complete,HD,Gladsaxe Søborg 2,Sct. Jørgen Kbh. 1,2,0,ikke relevant
4999,1169,426860,2022-12-18,,home,holdresultat,entydig,udledt,2 hjemme- og 0 udesejre mangler blandt 2 ukendte i holdkampen; alle ukendte må være home.,complete,0,2,,,6-2,- - -,- - -,complete,HD,Gladsaxe Søborg 2,Sct. Jørgen Kbh. 1,2,0,ikke relevant
4175,1091,425528,2023-01-14,,home,holdresultat,entydig,udledt,2 hjemme- og 0 udesejre mangler blandt 2 ukendte i holdkampen; alle ukendte må være home.,complete,0,2,,,7-6,- - -,- - -,complete,DS,Solrød Strand 5,Gladsaxe Søborg,2,0,ikke relevant
4181,1091,425528,2023-01-14,,home,holdresultat,entydig,udledt,2 hjemme- og 0 udesejre mangler blandt 2 ukendte i holdkampen; alle ukendte må være home.,complete,0,2,,,7-6,- - -,- - -,complete,DD,Solrød Strand 5,Gladsaxe Søborg,2,0,ikke relevant
4446,1112,428961,2023-01-29,,away,holdresultat,entydig,udledt,0 hjemme- og 3 udesejre mangler blandt 3 ukendte i holdkampen; alle ukendte må være away.,complete,0,3,(Ikke fremmødt),,2-11,- - -,- - -,complete,MD,Gladsaxe Søborg 3,Lyngby 5,0,3,ikke relevant
4448,1112,428961,2023-01-29,,away,holdresultat,entydig,udledt,0 hjemme- og 3 udesejre mangler blandt 3 ukendte i holdkampen; alle ukendte må være away.,complete,0,3,(Ikke fremmødt),,2-11,- - -,- - -,complete,DS,Gladsaxe Søborg 3,Lyngby 5,0,3,ikke relevant
4454,1112,428961,2023-01-29,,away,holdresultat,entydig,udledt,0 hjemme- og 3 udesejre mangler blandt 3 ukendte i holdkampen; alle ukendte må være away.,complete,0,3,(Ikke fremmødt),,2-11,- - -,- - -,complete,DD,Gladsaxe Søborg 3,Lyngby 5,0,3,ikke relevant
4764,1140,426738,2023-01-29,G,home,"holdresultat (G, delvist scoret)",entydig,udledt,1 hjemme- og 0 udesejre mangler blandt 1 ukendte i holdkampen; alle ukendte må være home. G-markør og 2 scorede sæt er forenelige med afgørelse efter kampstart; hvem der trak sig kan ikke ses i rækkedata.,api_repaired,2,1,,,7-1,21-15,15-17,api_repaired,DD,Gladsaxe Søborg 1,KMB2010 2,1,0,ikke relevant
4330,1103,441953,2023-02-04,,away,holdresultat,entydig,udledt,0 hjemme- og 3 udesejre mangler blandt 3 ukendte i holdkampen; alle ukendte må være away.,complete,0,3,(Ikke fremmødt),,7-6,- - -,- - -,complete,DS,Hvidovre 4,Gladsaxe Søborg 2,0,3,ikke relevant
4331,1103,441953,2023-02-04,,away,holdresultat,entydig,udledt,0 hjemme- og 3 udesejre mangler blandt 3 ukendte i holdkampen; alle ukendte må være away.,complete,0,3,(Ikke fremmødt),,7-6,- - -,- - -,complete,DS,Hvidovre 4,Gladsaxe Søborg 2,0,3,ikke relevant
4337,1103,441953,2023-02-04,,away,holdresultat,entydig,udledt,0 hjemme- og 3 udesejre mangler blandt 3 ukendte i holdkampen; alle ukendte må være away.,complete,0,3,(Ikke fremmødt),,7-6,- - -,- - -,complete,DD,Hvidovre 4,Gladsaxe Søborg 2,0,3,ikke relevant
4347,1104,441958,2023-02-25,,home,holdresultat,entydig,udledt,3 hjemme- og 0 udesejre mangler blandt 3 ukendte i holdkampen; alle ukendte må være home.,complete,0,3,,,8-5,- - -,- - -,complete,HS,Gladsaxe Søborg 2,Lyngby 4,3,0,ikke relevant
4348,1104,441958,2023-02-25,,home,holdresultat,entydig,udledt,3 hjemme- og 0 udesejre mangler blandt 3 ukendte i holdkampen; alle ukendte må være home.,complete,0,3,,,8-5,- - -,- - -,complete,HS,Gladsaxe Søborg 2,Lyngby 4,3,0,ikke relevant
4353,1104,441958,2023-02-25,,home,holdresultat,entydig,udledt,3 hjemme- og 0 udesejre mangler blandt 3 ukendte i holdkampen; alle ukendte må være home.,complete,0,3,,,8-5,- - -,- - -,complete,HD,Gladsaxe Søborg 2,Lyngby 4,3,0,ikke relevant
4357,1105,441963,2023-03-11,,home,holdresultat,entydig,udledt,2 hjemme- og 0 udesejre mangler blandt 2 ukendte i holdkampen; alle ukendte må være home.,complete,0,2,,,4-9,- - -,- - -,complete,DS,BC37 Amager 3,Gladsaxe Søborg 2,2,0,ikke relevant
4363,1105,441963,2023-03-11,,home,holdresultat,entydig,udledt,2 hjemme- og 0 udesejre mangler blandt 2 ukendte i holdkampen; alle ukendte må være home.,complete,0,2,,,4-9,- - -,- - -,complete,DD,BC37 Amager 3,Gladsaxe Søborg 2,2,0,ikke relevant
4459,1113,428968,2023-03-19,,home,holdresultat,entydig,udledt,3 hjemme- og 0 udesejre mangler blandt 3 ukendte i holdkampen; alle ukendte må være home.,complete,0,3,(Ikke fremmødt),,13-0,- - -,- - -,complete,MD,KSI Badmintonklub Kbh. 2,Gladsaxe Søborg 3,3,0,ikke relevant
4461,1113,428968,2023-03-19,,home,holdresultat,entydig,udledt,3 hjemme- og 0 udesejre mangler blandt 3 ukendte i holdkampen; alle ukendte må være home.,complete,0,3,(Ikke fremmødt),,13-0,- - -,- - -,complete,DS,KSI Badmintonklub Kbh. 2,Gladsaxe Søborg 3,3,0,ikke relevant
4467,1113,428968,2023-03-19,,home,holdresultat,entydig,udledt,3 hjemme- og 0 udesejre mangler blandt 3 ukendte i holdkampen; alle ukendte må være home.,complete,0,3,(Ikke fremmødt),,13-0,- - -,- - -,complete,DD,KSI Badmintonklub Kbh. 2,Gladsaxe Søborg 3,3,0,ikke relevant
4472,1114,428969,2023-04-16,,away,holdresultat,entydig,udledt,0 hjemme- og 5 udesejre mangler blandt 5 ukendte i holdkampen; alle ukendte må være away.,complete,0,5,(Ikke fremmødt),,0-13,- - -,- - -,complete,MD,Gladsaxe Søborg 3,Brøndby Strand,0,5,ikke relevant
4473,1114,428969,2023-04-16,,away,holdresultat,entydig,udledt,0 hjemme- og 5 udesejre mangler blandt 5 ukendte i holdkampen; alle ukendte må være away.,complete,0,5,(Ikke fremmødt),,0-13,- - -,- - -,complete,DS,Gladsaxe Søborg 3,Brøndby Strand,0,5,ikke relevant
4474,1114,428969,2023-04-16,,away,holdresultat,entydig,udledt,0 hjemme- og 5 udesejre mangler blandt 5 ukendte i holdkampen; alle ukendte må være away.,complete,0,5,(Ikke fremmødt),,0-13,- - -,- - -,complete,DS,Gladsaxe Søborg 3,Brøndby Strand,0,5,ikke relevant
4479,1114,428969,2023-04-16,,away,holdresultat,entydig,udledt,0 hjemme- og 5 udesejre mangler blandt 5 ukendte i holdkampen; alle ukendte må være away.,complete,0,5,(Ikke fremmødt),,0-13,- - -,- - -,complete,DD,Gladsaxe Søborg 3,Brøndby Strand,0,5,ikke relevant
4480,1114,428969,2023-04-16,,away,holdresultat,entydig,udledt,0 hjemme- og 5 udesejre mangler blandt 5 ukendte i holdkampen; alle ukendte må være away.,complete,0,5,(Ikke fremmødt),,0-13,- - -,- - -,complete,DD,Gladsaxe Søborg 3,Brøndby Strand,0,5,ikke relevant
3425,874,446181,2023-09-17,,home,holdresultat,entydig,udledt,3 hjemme- og 0 udesejre mangler blandt 3 ukendte i holdkampen; alle ukendte må være home.,complete,0,3,,,8-5,- - -,- - -,complete,DS,Gladsaxe Søborg 3,Vanløse 3,3,0,ikke relevant
3426,874,446181,2023-09-17,,home,holdresultat,entydig,udledt,3 hjemme- og 0 udesejre mangler blandt 3 ukendte i holdkampen; alle ukendte må være home.,complete,0,3,,,8-5,- - -,- - -,complete,DS,Gladsaxe Søborg 3,Vanløse 3,3,0,ikke relevant
3432,874,446181,2023-09-17,,home,holdresultat,entydig,udledt,3 hjemme- og 0 udesejre mangler blandt 3 ukendte i holdkampen; alle ukendte må være home.,complete,0,3,,,8-5,- - -,- - -,complete,DD,Gladsaxe Søborg 3,Vanløse 3,3,0,ikke relevant
3523,881,446245,2023-09-17,,away,holdresultat,entydig,udledt,0 hjemme- og 1 udesejre mangler blandt 1 ukendte i holdkampen; alle ukendte må være away.,complete,0,1,,,0-10,- - -,- - -,complete,HD,Gladsaxe Søborg 4,Tingbjerg,0,1,ikke relevant
3664,894,446307,2023-09-17,,away,holdresultat,entydig,udledt,0 hjemme- og 3 udesejre mangler blandt 3 ukendte i holdkampen; alle ukendte må være away.,complete,0,3,,,7-5,- - -,- - -,complete,MD,Gladsaxe Søborg 2,Sct. Jørgen Kbh. 1,0,3,ikke relevant
3665,894,446307,2023-09-17,,away,holdresultat,entydig,udledt,0 hjemme- og 3 udesejre mangler blandt 3 ukendte i holdkampen; alle ukendte må være away.,complete,0,3,,,7-5,- - -,- - -,complete,MD,Gladsaxe Søborg 2,Sct. Jørgen Kbh. 1,0,3,ikke relevant
3667,894,446307,2023-09-17,,away,holdresultat,entydig,udledt,0 hjemme- og 3 udesejre mangler blandt 3 ukendte i holdkampen; alle ukendte må være away.,complete,0,3,,,7-5,- - -,- - -,complete,DD,Gladsaxe Søborg 2,Sct. Jørgen Kbh. 1,0,3,ikke relevant
3910,928,445632,2023-09-17,,home,holdresultat,entydig,udledt,8 hjemme- og 0 udesejre mangler blandt 8 ukendte i holdkampen; alle ukendte må være home.,complete,0,8,,,8-0,- - -,- - -,complete,MD,Ryparken 1,Gladsaxe Søborg 4,8,0,ikke relevant
3911,928,445632,2023-09-17,,home,holdresultat,entydig,udledt,8 hjemme- og 0 udesejre mangler blandt 8 ukendte i holdkampen; alle ukendte må være home.,complete,0,8,,,8-0,- - -,- - -,complete,MD,Ryparken 1,Gladsaxe Søborg 4,8,0,ikke relevant
3912,928,445632,2023-09-17,,home,holdresultat,entydig,udledt,8 hjemme- og 0 udesejre mangler blandt 8 ukendte i holdkampen; alle ukendte må være home.,complete,0,8,,,8-0,- - -,- - -,complete,HD,Ryparken 1,Gladsaxe Søborg 4,8,0,ikke relevant
3913,928,445632,2023-09-17,,home,holdresultat,entydig,udledt,8 hjemme- og 0 udesejre mangler blandt 8 ukendte i holdkampen; alle ukendte må være home.,complete,0,8,,,8-0,- - -,- - -,complete,HD,Ryparken 1,Gladsaxe Søborg 4,8,0,ikke relevant
3914,928,445632,2023-09-17,,home,holdresultat,entydig,udledt,8 hjemme- og 0 udesejre mangler blandt 8 ukendte i holdkampen; alle ukendte må være home.,complete,0,8,,,8-0,- - -,- - -,complete,DD,Ryparken 1,Gladsaxe Søborg 4,8,0,ikke relevant
3915,928,445632,2023-09-17,,home,holdresultat,entydig,udledt,8 hjemme- og 0 udesejre mangler blandt 8 ukendte i holdkampen; alle ukendte må være home.,complete,0,8,,,8-0,- - -,- - -,complete,HD,Ryparken 1,Gladsaxe Søborg 4,8,0,ikke relevant
3916,928,445632,2023-09-17,,home,holdresultat,entydig,udledt,8 hjemme- og 0 udesejre mangler blandt 8 ukendte i holdkampen; alle ukendte må være home.,complete,0,8,,,8-0,- - -,- - -,complete,HD,Ryparken 1,Gladsaxe Søborg 4,8,0,ikke relevant
3917,928,445632,2023-09-17,,home,holdresultat,entydig,udledt,8 hjemme- og 0 udesejre mangler blandt 8 ukendte i holdkampen; alle ukendte må være home.,complete,0,8,,,8-0,- - -,- - -,complete,HD,Ryparken 1,Gladsaxe Søborg 4,8,0,ikke relevant
3524,882,446249,2023-10-15,,home,holdresultat,entydig,udledt,4 hjemme- og 0 udesejre mangler blandt 4 ukendte i holdkampen; alle ukendte må være home.,complete,0,4,(Ikke fremmødt),,10-0,- - -,- - -,complete,MD,Søvang,Gladsaxe Søborg 4,4,0,ikke relevant
3525,882,446249,2023-10-15,,home,holdresultat,entydig,udledt,4 hjemme- og 0 udesejre mangler blandt 4 ukendte i holdkampen; alle ukendte må være home.,complete,0,4,(Ikke fremmødt),,10-0,- - -,- - -,complete,MD,Søvang,Gladsaxe Søborg 4,4,0,ikke relevant
3530,882,446249,2023-10-15,,home,holdresultat,entydig,udledt,4 hjemme- og 0 udesejre mangler blandt 4 ukendte i holdkampen; alle ukendte må være home.,complete,0,4,(Ikke fremmødt),,10-0,- - -,- - -,complete,DD,Søvang,Gladsaxe Søborg 4,4,0,ikke relevant
3533,882,446249,2023-10-15,,home,holdresultat,entydig,udledt,4 hjemme- og 0 udesejre mangler blandt 4 ukendte i holdkampen; alle ukendte må være home.,complete,0,4,(Ikke fremmødt),,10-0,- - -,- - -,complete,HD,Søvang,Gladsaxe Søborg 4,4,0,ikke relevant
3600,889,445829,2023-10-15,,home,holdresultat,entydig,udledt,2 hjemme- og 0 udesejre mangler blandt 2 ukendte i holdkampen; alle ukendte må være home.,complete,0,2,,,10-3,- - -,- - -,complete,MD,Lillerød 1,Gladsaxe Søborg 1,2,0,ikke relevant
3604,889,445829,2023-10-15,,home,holdresultat,entydig,udledt,2 hjemme- og 0 udesejre mangler blandt 2 ukendte i holdkampen; alle ukendte må være home.,complete,0,2,,,10-3,- - -,- - -,complete,DD,Lillerød 1,Gladsaxe Søborg 1,2,0,ikke relevant
3200,856,444597,2023-10-28,S,home,holdresultat,entydig,udledt,1 hjemme- og 0 udesejre mangler blandt 1 ukendte i holdkampen; alle ukendte må være home.,api_repaired,2,1,,,1-12,8-21-3,21-19-3,api_repaired,HD,Slagelse 2,Gladsaxe Søborg,1,0,ikke relevant
2935,748,452852,2023-10-29,,home,holdresultat,entydig,udledt,2 hjemme- og 0 udesejre mangler blandt 2 ukendte i holdkampen; alle ukendte må være home.,complete,0,2,(Ikke fremmødt),,6-0,- - -,- - -,complete,DS,Gladsaxe Søborg 5,Skovshoved 3,2,0,ikke relevant
2937,748,452852,2023-10-29,,home,holdresultat,entydig,udledt,2 hjemme- og 0 udesejre mangler blandt 2 ukendte i holdkampen; alle ukendte må være home.,complete,0,2,(Ikke fremmødt),,6-0,- - -,- - -,complete,DD,Gladsaxe Søborg 5,Skovshoved 3,2,0,ikke relevant
3534,883,446253,2023-11-05,,away,holdresultat,entydig,udledt,0 hjemme- og 10 udesejre mangler blandt 10 ukendte i holdkampen; alle ukendte må være away.,complete,0,10,(Ikke fremmødt),,0-10,- - -,- - -,complete,MD,Gladsaxe Søborg 4,Sct. Jørgen Kbh.,0,10,ikke relevant
3535,883,446253,2023-11-05,,away,holdresultat,entydig,udledt,0 hjemme- og 10 udesejre mangler blandt 10 ukendte i holdkampen; alle ukendte må være away.,complete,0,10,(Ikke fremmødt),,0-10,- - -,- - -,complete,MD,Gladsaxe Søborg 4,Sct. Jørgen Kbh.,0,10,ikke relevant
3536,883,446253,2023-11-05,,away,holdresultat,entydig,udledt,0 hjemme- og 10 udesejre mangler blandt 10 ukendte i holdkampen; alle ukendte må være away.,complete,0,10,(Ikke fremmødt),,0-10,- - -,- - -,complete,HS,Gladsaxe Søborg 4,Sct. Jørgen Kbh.,0,10,ikke relevant
3537,883,446253,2023-11-05,,away,holdresultat,entydig,udledt,0 hjemme- og 10 udesejre mangler blandt 10 ukendte i holdkampen; alle ukendte må være away.,complete,0,10,(Ikke fremmødt),,0-10,- - -,- - -,complete,HS,Gladsaxe Søborg 4,Sct. Jørgen Kbh.,0,10,ikke relevant
3538,883,446253,2023-11-05,,away,holdresultat,entydig,udledt,0 hjemme- og 10 udesejre mangler blandt 10 ukendte i holdkampen; alle ukendte må være away.,complete,0,10,(Ikke fremmødt),,0-10,- - -,- - -,complete,HS,Gladsaxe Søborg 4,Sct. Jørgen Kbh.,0,10,ikke relevant
3539,883,446253,2023-11-05,,away,holdresultat,entydig,udledt,0 hjemme- og 10 udesejre mangler blandt 10 ukendte i holdkampen; alle ukendte må være away.,complete,0,10,(Ikke fremmødt),,0-10,- - -,- - -,complete,HS,Gladsaxe Søborg 4,Sct. Jørgen Kbh.,0,10,ikke relevant
3540,883,446253,2023-11-05,,away,holdresultat,entydig,udledt,0 hjemme- og 10 udesejre mangler blandt 10 ukendte i holdkampen; alle ukendte må være away.,complete,0,10,(Ikke fremmødt),,0-10,- - -,- - -,complete,DD,Gladsaxe Søborg 4,Sct. Jørgen Kbh.,0,10,ikke relevant
3541,883,446253,2023-11-05,,away,holdresultat,entydig,udledt,0 hjemme- og 10 udesejre mangler blandt 10 ukendte i holdkampen; alle ukendte må være away.,complete,0,10,(Ikke fremmødt),,0-10,- - -,- - -,complete,HD,Gladsaxe Søborg 4,Sct. Jørgen Kbh.,0,10,ikke relevant
3542,883,446253,2023-11-05,,away,holdresultat,entydig,udledt,0 hjemme- og 10 udesejre mangler blandt 10 ukendte i holdkampen; alle ukendte må være away.,complete,0,10,(Ikke fremmødt),,0-10,- - -,- - -,complete,HD,Gladsaxe Søborg 4,Sct. Jørgen Kbh.,0,10,ikke relevant
3543,883,446253,2023-11-05,,away,holdresultat,entydig,udledt,0 hjemme- og 10 udesejre mangler blandt 10 ukendte i holdkampen; alle ukendte må være away.,complete,0,10,(Ikke fremmødt),,0-10,- - -,- - -,complete,HD,Gladsaxe Søborg 4,Sct. Jørgen Kbh.,0,10,ikke relevant
3697,896,446312,2023-11-12,,,holdresultat ikke entydigt,uafklaret,uafklaret,Holdresultatet efter kendte sejre efterlader -1 hjemme- og 2 udesejre blandt 1 ukendte; udfaldet er ikke entydigt.,complete,0,1,,,9-3,- - -,- - -,complete,HD,Gladsaxe Søborg 2,ØBK/BK Kbh. 1,-1,2,ikke relevant
2941,749,452855,2023-11-19,,away,holdresultat,entydig,udledt,0 hjemme- og 2 udesejre mangler blandt 2 ukendte i holdkampen; alle ukendte må være away.,complete,0,2,(Ikke fremmødt),,2-4,- - -,- - -,complete,DS,KMB2010 4,Gladsaxe Søborg 5,0,2,ikke relevant
2943,749,452855,2023-11-19,,away,holdresultat,entydig,udledt,0 hjemme- og 2 udesejre mangler blandt 2 ukendte i holdkampen; alle ukendte må være away.,complete,0,2,(Ikke fremmødt),,2-4,- - -,- - -,complete,DD,KMB2010 4,Gladsaxe Søborg 5,0,2,ikke relevant
3549,884,446257,2023-11-26,,home,holdresultat,entydig,udledt,2 hjemme- og 0 udesejre mangler blandt 2 ukendte i holdkampen; alle ukendte må være home.,complete,0,2,,,10-0,- - -,- - -,complete,HS,FKIF Frederiksberg 5,Gladsaxe Søborg 4,2,0,ikke relevant
3552,884,446257,2023-11-26,,home,holdresultat,entydig,udledt,2 hjemme- og 0 udesejre mangler blandt 2 ukendte i holdkampen; alle ukendte må være home.,complete,0,2,,,10-0,- - -,- - -,complete,HD,FKIF Frederiksberg 5,Gladsaxe Søborg 4,2,0,ikke relevant
2983,785,452608,2023-12-10,,away,holdresultat,entydig,udledt,0 hjemme- og 2 udesejre mangler blandt 2 ukendte i holdkampen; alle ukendte må være away.,complete,0,2,(Ikke fremmødt),,1-5,- - -,- - -,complete,DS,Gladsaxe Søborg 4,Jernløse 4,0,2,ikke relevant
2985,785,452608,2023-12-10,,away,holdresultat,entydig,udledt,0 hjemme- og 2 udesejre mangler blandt 2 ukendte i holdkampen; alle ukendte må være away.,complete,0,2,(Ikke fremmødt),,1-5,- - -,- - -,complete,DD,Gladsaxe Søborg 4,Jernløse 4,0,2,ikke relevant
2989,786,452610,2023-12-10,,home,holdresultat,entydig,udledt,2 hjemme- og 0 udesejre mangler blandt 2 ukendte i holdkampen; alle ukendte må være home.,complete,0,2,(Ikke fremmødt),,2-4,- - -,- - -,complete,DS,Rødovre 3,Gladsaxe Søborg 4,2,0,ikke relevant
2991,786,452610,2023-12-10,,home,holdresultat,entydig,udledt,2 hjemme- og 0 udesejre mangler blandt 2 ukendte i holdkampen; alle ukendte må være home.,complete,0,2,(Ikke fremmødt),,2-4,- - -,- - -,complete,DD,Rødovre 3,Gladsaxe Søborg 4,2,0,ikke relevant
3116,828,453073,2024-01-14,,home,holdresultat,entydig,udledt,2 hjemme- og 0 udesejre mangler blandt 2 ukendte i holdkampen; alle ukendte må være home.,complete,0,2,,,2-4,- - -,- - -,complete,DS,Gladsaxe Søborg 5,Rødovre 3,2,0,ikke relevant
3118,828,453073,2024-01-14,,home,holdresultat,entydig,udledt,2 hjemme- og 0 udesejre mangler blandt 2 ukendte i holdkampen; alle ukendte må være home.,complete,0,2,,,2-4,- - -,- - -,complete,DD,Gladsaxe Søborg 5,Rødovre 3,2,0,ikke relevant
3372,870,446064,2024-02-03,,away,holdresultat,entydig,udledt,0 hjemme- og 2 udesejre mangler blandt 2 ukendte i holdkampen; alle ukendte må være away.,complete,0,2,(Ikke fremmødt),,2-11,- - -,- - -,complete,MD,Drive 5,Gladsaxe Søborg 2,0,2,ikke relevant
3383,870,446064,2024-02-03,,away,holdresultat,entydig,udledt,0 hjemme- og 2 udesejre mangler blandt 2 ukendte i holdkampen; alle ukendte må være away.,complete,0,2,(Ikke fremmødt),,2-11,- - -,- - -,complete,HD,Drive 5,Gladsaxe Søborg 2,0,2,ikke relevant
3065,797,447773,2024-02-04,,away,holdresultat,entydig,udledt,0 hjemme- og 3 udesejre mangler blandt 3 ukendte i holdkampen; alle ukendte må være away.,complete,0,3,(Ikke fremmødt),,0-8,- - -,- - -,complete,MD,Gladsaxe Søborg 1,Hvidovre 2,0,3,ikke relevant
3069,797,447773,2024-02-04,,away,holdresultat,entydig,udledt,0 hjemme- og 3 udesejre mangler blandt 3 ukendte i holdkampen; alle ukendte må være away.,complete,0,3,(Ikke fremmødt),,0-8,- - -,- - -,complete,HS,Gladsaxe Søborg 1,Hvidovre 2,0,3,ikke relevant
3071,797,447773,2024-02-04,,away,holdresultat,entydig,udledt,0 hjemme- og 3 udesejre mangler blandt 3 ukendte i holdkampen; alle ukendte må være away.,complete,0,3,(Ikke fremmødt),,0-8,- - -,- - -,complete,HD,Gladsaxe Søborg 1,Hvidovre 2,0,3,ikke relevant
3123,829,453075,2024-02-04,,home,holdresultat,entydig,udledt,2 hjemme- og 0 udesejre mangler blandt 2 ukendte i holdkampen; alle ukendte må være home.,complete,0,2,(Ikke fremmødt),,6-0,- - -,- - -,complete,DS,NBK Amager 3,Gladsaxe Søborg 5,2,0,ikke relevant
3125,829,453075,2024-02-04,,home,holdresultat,entydig,udledt,2 hjemme- og 0 udesejre mangler blandt 2 ukendte i holdkampen; alle ukendte må være home.,complete,0,2,(Ikke fremmødt),,6-0,- - -,- - -,complete,DD,NBK Amager 3,Gladsaxe Søborg 5,2,0,ikke relevant
3129,830,453077,2024-02-04,,away,holdresultat,entydig,udledt,0 hjemme- og 2 udesejre mangler blandt 2 ukendte i holdkampen; alle ukendte må være away.,complete,0,2,(Ikke fremmødt),,0-6,- - -,- - -,complete,DS,Gladsaxe Søborg 5,KBK Kbh. 3,0,2,ikke relevant
3131,830,453077,2024-02-04,,away,holdresultat,entydig,udledt,0 hjemme- og 2 udesejre mangler blandt 2 ukendte i holdkampen; alle ukendte må være away.,complete,0,2,(Ikke fremmødt),,0-6,- - -,- - -,complete,DD,Gladsaxe Søborg 5,KBK Kbh. 3,0,2,ikke relevant
3072,798,447775,2024-02-25,,home,holdresultat,entydig,udledt,8 hjemme- og 0 udesejre mangler blandt 8 ukendte i holdkampen; alle ukendte må være home.,complete,0,8,,,8-0,- - -,- - -,complete,MD,Solrød Strand 3,Gladsaxe Søborg 1,8,0,ikke relevant
3073,798,447775,2024-02-25,,home,holdresultat,entydig,udledt,8 hjemme- og 0 udesejre mangler blandt 8 ukendte i holdkampen; alle ukendte må være home.,complete,0,8,,,8-0,- - -,- - -,complete,MD,Solrød Strand 3,Gladsaxe Søborg 1,8,0,ikke relevant
3074,798,447775,2024-02-25,,home,holdresultat,entydig,udledt,8 hjemme- og 0 udesejre mangler blandt 8 ukendte i holdkampen; alle ukendte må være home.,complete,0,8,,,8-0,- - -,- - -,complete,DS,Solrød Strand 3,Gladsaxe Søborg 1,8,0,ikke relevant
3075,798,447775,2024-02-25,,home,holdresultat,entydig,udledt,8 hjemme- og 0 udesejre mangler blandt 8 ukendte i holdkampen; alle ukendte må være home.,complete,0,8,,,8-0,- - -,- - -,complete,DS,Solrød Strand 3,Gladsaxe Søborg 1,8,0,ikke relevant
3076,798,447775,2024-02-25,,home,holdresultat,entydig,udledt,8 hjemme- og 0 udesejre mangler blandt 8 ukendte i holdkampen; alle ukendte må være home.,complete,0,8,,,8-0,- - -,- - -,complete,HS,Solrød Strand 3,Gladsaxe Søborg 1,8,0,ikke relevant
3077,798,447775,2024-02-25,,home,holdresultat,entydig,udledt,8 hjemme- og 0 udesejre mangler blandt 8 ukendte i holdkampen; alle ukendte må være home.,complete,0,8,,,8-0,- - -,- - -,complete,HS,Solrød Strand 3,Gladsaxe Søborg 1,8,0,ikke relevant
3078,798,447775,2024-02-25,,home,holdresultat,entydig,udledt,8 hjemme- og 0 udesejre mangler blandt 8 ukendte i holdkampen; alle ukendte må være home.,complete,0,8,,,8-0,- - -,- - -,complete,DD,Solrød Strand 3,Gladsaxe Søborg 1,8,0,ikke relevant
3079,798,447775,2024-02-25,,home,holdresultat,entydig,udledt,8 hjemme- og 0 udesejre mangler blandt 8 ukendte i holdkampen; alle ukendte må være home.,complete,0,8,,,8-0,- - -,- - -,complete,HD,Solrød Strand 3,Gladsaxe Søborg 1,8,0,ikke relevant
3831,918,445587,2024-03-03,,away,holdresultat,entydig,udledt,0 hjemme- og 2 udesejre mangler blandt 2 ukendte i holdkampen; alle ukendte må være away.,complete,0,2,,,2-6,- - -,- - -,complete,MD,Sct. Jørgen Kbh. 1,Gladsaxe Søborg 2,0,2,ikke relevant
3837,918,445587,2024-03-03,,away,holdresultat,entydig,udledt,0 hjemme- og 2 udesejre mangler blandt 2 ukendte i holdkampen; alle ukendte må være away.,complete,0,2,,,2-6,- - -,- - -,complete,HD,Sct. Jørgen Kbh. 1,Gladsaxe Søborg 2,0,2,ikke relevant
2900,713,447670,2024-03-10,,home,holdresultat,entydig,udledt,8 hjemme- og 0 udesejre mangler blandt 8 ukendte i holdkampen; alle ukendte må være home.,complete,0,8,,,8-0,- - -,- - -,complete,MD,Gladsaxe Søborg 1,Hvidovre 1,8,0,ikke relevant
2901,713,447670,2024-03-10,,home,holdresultat,entydig,udledt,8 hjemme- og 0 udesejre mangler blandt 8 ukendte i holdkampen; alle ukendte må være home.,complete,0,8,,,8-0,- - -,- - -,complete,MD,Gladsaxe Søborg 1,Hvidovre 1,8,0,ikke relevant
2902,713,447670,2024-03-10,,home,holdresultat,entydig,udledt,8 hjemme- og 0 udesejre mangler blandt 8 ukendte i holdkampen; alle ukendte må være home.,complete,0,8,,,8-0,- - -,- - -,complete,DS,Gladsaxe Søborg 1,Hvidovre 1,8,0,ikke relevant
2903,713,447670,2024-03-10,,home,holdresultat,entydig,udledt,8 hjemme- og 0 udesejre mangler blandt 8 ukendte i holdkampen; alle ukendte må være home.,complete,0,8,,,8-0,- - -,- - -,complete,DS,Gladsaxe Søborg 1,Hvidovre 1,8,0,ikke relevant
2904,713,447670,2024-03-10,,home,holdresultat,entydig,udledt,8 hjemme- og 0 udesejre mangler blandt 8 ukendte i holdkampen; alle ukendte må være home.,complete,0,8,,,8-0,- - -,- - -,complete,HS,Gladsaxe Søborg 1,Hvidovre 1,8,0,ikke relevant
2905,713,447670,2024-03-10,,home,holdresultat,entydig,udledt,8 hjemme- og 0 udesejre mangler blandt 8 ukendte i holdkampen; alle ukendte må være home.,complete,0,8,,,8-0,- - -,- - -,complete,HS,Gladsaxe Søborg 1,Hvidovre 1,8,0,ikke relevant
2906,713,447670,2024-03-10,,home,holdresultat,entydig,udledt,8 hjemme- og 0 udesejre mangler blandt 8 ukendte i holdkampen; alle ukendte må være home.,complete,0,8,,,8-0,- - -,- - -,complete,DD,Gladsaxe Søborg 1,Hvidovre 1,8,0,ikke relevant
2907,713,447670,2024-03-10,,home,holdresultat,entydig,udledt,8 hjemme- og 0 udesejre mangler blandt 8 ukendte i holdkampen; alle ukendte må være home.,complete,0,8,,,8-0,- - -,- - -,complete,HD,Gladsaxe Søborg 1,Hvidovre 1,8,0,ikke relevant
3007,789,452632,2024-03-10,,home,holdresultat,entydig,udledt,2 hjemme- og 0 udesejre mangler blandt 2 ukendte i holdkampen; alle ukendte må være home.,complete,0,2,(Ikke fremmødt),,5-1,- - -,- - -,complete,DS,Birkerød BK13 4,Gladsaxe Søborg 4,2,0,ikke relevant
3009,789,452632,2024-03-10,,home,holdresultat,entydig,udledt,2 hjemme- og 0 udesejre mangler blandt 2 ukendte i holdkampen; alle ukendte må være home.,complete,0,2,(Ikke fremmødt),,5-1,- - -,- - -,complete,DD,Birkerød BK13 4,Gladsaxe Søborg 4,2,0,ikke relevant
3013,790,452633,2024-03-10,,away,holdresultat,entydig,udledt,0 hjemme- og 2 udesejre mangler blandt 2 ukendte i holdkampen; alle ukendte må være away.,complete,0,2,(Ikke fremmødt),,1-5,- - -,- - -,complete,DS,Gladsaxe Søborg 4,Frederiksberg 3,0,2,ikke relevant
3015,790,452633,2024-03-10,,away,holdresultat,entydig,udledt,0 hjemme- og 2 udesejre mangler blandt 2 ukendte i holdkampen; alle ukendte må være away.,complete,0,2,(Ikke fremmødt),,1-5,- - -,- - -,complete,DD,Gladsaxe Søborg 4,Frederiksberg 3,0,2,ikke relevant
3501,880,446204,2024-03-17,,home,holdresultat,entydig,udledt,13 hjemme- og 0 udesejre mangler blandt 13 ukendte i holdkampen; alle ukendte må være home.,complete,0,13,,,13-0,- - -,- - -,complete,MD,Gladsaxe Søborg 3,Charlottenlund 4,13,0,ikke relevant
3502,880,446204,2024-03-17,,home,holdresultat,entydig,udledt,13 hjemme- og 0 udesejre mangler blandt 13 ukendte i holdkampen; alle ukendte må være home.,complete,0,13,,,13-0,- - -,- - -,complete,MD,Gladsaxe Søborg 3,Charlottenlund 4,13,0,ikke relevant
3503,880,446204,2024-03-17,,home,holdresultat,entydig,udledt,13 hjemme- og 0 udesejre mangler blandt 13 ukendte i holdkampen; alle ukendte må være home.,complete,0,13,,,13-0,- - -,- - -,complete,DS,Gladsaxe Søborg 3,Charlottenlund 4,13,0,ikke relevant
3504,880,446204,2024-03-17,,home,holdresultat,entydig,udledt,13 hjemme- og 0 udesejre mangler blandt 13 ukendte i holdkampen; alle ukendte må være home.,complete,0,13,,,13-0,- - -,- - -,complete,DS,Gladsaxe Søborg 3,Charlottenlund 4,13,0,ikke relevant
3505,880,446204,2024-03-17,,home,holdresultat,entydig,udledt,13 hjemme- og 0 udesejre mangler blandt 13 ukendte i holdkampen; alle ukendte må være home.,complete,0,13,,,13-0,- - -,- - -,complete,HS,Gladsaxe Søborg 3,Charlottenlund 4,13,0,ikke relevant
3506,880,446204,2024-03-17,,home,holdresultat,entydig,udledt,13 hjemme- og 0 udesejre mangler blandt 13 ukendte i holdkampen; alle ukendte må være home.,complete,0,13,,,13-0,- - -,- - -,complete,HS,Gladsaxe Søborg 3,Charlottenlund 4,13,0,ikke relevant
3507,880,446204,2024-03-17,,home,holdresultat,entydig,udledt,13 hjemme- og 0 udesejre mangler blandt 13 ukendte i holdkampen; alle ukendte må være home.,complete,0,13,,,13-0,- - -,- - -,complete,HS,Gladsaxe Søborg 3,Charlottenlund 4,13,0,ikke relevant
3508,880,446204,2024-03-17,,home,holdresultat,entydig,udledt,13 hjemme- og 0 udesejre mangler blandt 13 ukendte i holdkampen; alle ukendte må være home.,complete,0,13,,,13-0,- - -,- - -,complete,HS,Gladsaxe Søborg 3,Charlottenlund 4,13,0,ikke relevant
3509,880,446204,2024-03-17,,home,holdresultat,entydig,udledt,13 hjemme- og 0 udesejre mangler blandt 13 ukendte i holdkampen; alle ukendte må være home.,complete,0,13,,,13-0,- - -,- - -,complete,DD,Gladsaxe Søborg 3,Charlottenlund 4,13,0,ikke relevant
3510,880,446204,2024-03-17,,home,holdresultat,entydig,udledt,13 hjemme- og 0 udesejre mangler blandt 13 ukendte i holdkampen; alle ukendte må være home.,complete,0,13,,,13-0,- - -,- - -,complete,DD,Gladsaxe Søborg 3,Charlottenlund 4,13,0,ikke relevant
3511,880,446204,2024-03-17,,home,holdresultat,entydig,udledt,13 hjemme- og 0 udesejre mangler blandt 13 ukendte i holdkampen; alle ukendte må være home.,complete,0,13,,,13-0,- - -,- - -,complete,HD,Gladsaxe Søborg 3,Charlottenlund 4,13,0,ikke relevant
3512,880,446204,2024-03-17,,home,holdresultat,entydig,udledt,13 hjemme- og 0 udesejre mangler blandt 13 ukendte i holdkampen; alle ukendte må være home.,complete,0,13,,,13-0,- - -,- - -,complete,HD,Gladsaxe Søborg 3,Charlottenlund 4,13,0,ikke relevant
3513,880,446204,2024-03-17,,home,holdresultat,entydig,udledt,13 hjemme- og 0 udesejre mangler blandt 13 ukendte i holdkampen; alle ukendte må være home.,complete,0,13,,,13-0,- - -,- - -,complete,HD,Gladsaxe Søborg 3,Charlottenlund 4,13,0,ikke relevant
3725,899,446323,2024-03-17,,away,holdresultat,entydig,udledt,0 hjemme- og 2 udesejre mangler blandt 2 ukendte i holdkampen; alle ukendte må være away.,complete,0,2,,,6-6,- - -,- - -,complete,MD,Skovshoved 2,Gladsaxe Søborg 2,0,2,ikke relevant
3727,899,446323,2024-03-17,,away,holdresultat,entydig,udledt,0 hjemme- og 2 udesejre mangler blandt 2 ukendte i holdkampen; alle ukendte må være away.,complete,0,2,,,6-6,- - -,- - -,complete,DD,Skovshoved 2,Gladsaxe Søborg 2,0,2,ikke relevant
3280,863,461844,2024-03-23,,away,holdresultat,entydig,udledt,0 hjemme- og 2 udesejre mangler blandt 2 ukendte i holdkampen; alle ukendte må være away.,complete,0,2,,,4-9,- - -,- - -,complete,MD,Drive 4,Gladsaxe Søborg,0,2,ikke relevant
3290,863,461844,2024-03-23,,away,holdresultat,entydig,udledt,0 hjemme- og 2 udesejre mangler blandt 2 ukendte i holdkampen; alle ukendte må være away.,complete,0,2,,,4-9,- - -,- - -,complete,HD,Drive 4,Gladsaxe Søborg,0,2,ikke relevant
2326,627,465640,2024-09-15,D,home,holdresultat,entydig,udledt,1 hjemme- og 0 udesejre mangler blandt 1 ukendte i holdkampen; alle ukendte må være home.,api_repaired,2,1,,,11-2,12-21,21-12,api_repaired,HD,Drive 1,Gladsaxe Søborg 1,1,0,ikke relevant
2503,641,466559,2024-09-29,,home,holdresultat,entydig,udledt,2 hjemme- og 0 udesejre mangler blandt 2 ukendte i holdkampen; alle ukendte må være home.,complete,0,2,,,6-6,- - -,- - -,complete,MD,Gladsaxe Søborg 3,Frederiksberg 2,2,0,ikke relevant
2505,641,466559,2024-09-29,,home,holdresultat,entydig,udledt,2 hjemme- og 0 udesejre mangler blandt 2 ukendte i holdkampen; alle ukendte må være home.,complete,0,2,,,6-6,- - -,- - -,complete,DD,Gladsaxe Søborg 3,Frederiksberg 2,2,0,ikke relevant
2023,602,466218,2024-10-06,,away,holdresultat,entydig,udledt,0 hjemme- og 2 udesejre mangler blandt 2 ukendte i holdkampen; alle ukendte må være away.,complete,0,2,(Ikke fremmødt),,6-7,- - -,- - -,complete,DS,Drive 5,Gladsaxe Søborg 2,0,2,ikke relevant
2029,602,466218,2024-10-06,,away,holdresultat,entydig,udledt,0 hjemme- og 2 udesejre mangler blandt 2 ukendte i holdkampen; alle ukendte må være away.,complete,0,2,(Ikke fremmødt),,6-7,- - -,- - -,complete,DD,Drive 5,Gladsaxe Søborg 2,0,2,ikke relevant
2242,619,465819,2024-10-13,G,home,"holdresultat (G, delvist scoret)",entydig,udledt,2 hjemme- og 0 udesejre mangler blandt 2 ukendte i holdkampen; alle ukendte må være home. G-markør og 2 scorede sæt er forenelige med afgørelse efter kampstart; hvem der trak sig kan ikke ses i rækkedata.,api_repaired,2,2,,,5-5,19-6,21-3,api_repaired,HS,Gladsaxe Søborg 5,Sct. Jørgen Kbh. 3,2,0,ikke relevant
2247,619,465819,2024-10-13,,home,holdresultat,entydig,udledt,2 hjemme- og 0 udesejre mangler blandt 2 ukendte i holdkampen; alle ukendte må være home.,complete,0,2,,,5-5,- - -,- - -,complete,HD,Gladsaxe Søborg 5,Sct. Jørgen Kbh. 3,2,0,ikke relevant
2043,603,466221,2024-10-27,,,holdresultat ikke entydigt,uafklaret,uafklaret,Holdresultatet efter kendte sejre efterlader -1 hjemme- og 2 udesejre blandt 1 ukendte; udfaldet er ikke entydigt.,complete,0,1,,,3-10,- - -,- - -,complete,HD,Gladsaxe Søborg 2,FKIF Frederiksberg,-1,2,ikke relevant
2253,620,465827,2024-11-03,,away,holdresultat,entydig,udledt,0 hjemme- og 2 udesejre mangler blandt 2 ukendte i holdkampen; alle ukendte må være away.,complete,0,2,,,6-4,- - -,- - -,complete,HS,Ryparken 1,Gladsaxe Søborg 5,0,2,ikke relevant
2257,620,465827,2024-11-03,,away,holdresultat,entydig,udledt,0 hjemme- og 2 udesejre mangler blandt 2 ukendte i holdkampen; alle ukendte må være away.,complete,0,2,,,6-4,- - -,- - -,complete,HD,Ryparken 1,Gladsaxe Søborg 5,0,2,ikke relevant
2353,629,465650,2024-11-10,G,away,"holdresultat (G, delvist scoret)",entydig,udledt,0 hjemme- og 1 udesejre mangler blandt 1 ukendte i holdkampen; alle ukendte må være away. G-markør og 2 scorede sæt er forenelige med afgørelse efter kampstart; hvem der trak sig kan ikke ses i rækkedata.,api_repaired,2,1,,,9-4,22-5,20-15,api_repaired,HD,Lillerød 1,Gladsaxe Søborg 1,0,1,ikke relevant
1709,536,469196,2024-11-17,,,"ikke fremmødt, deltagerside ikke entydig",uafklaret,uafklaret,Holdresultatet efter kendte sejre efterlader 5 hjemme- og -3 udesejre blandt 2 ukendte; udfaldet er ikke entydigt.,complete,0,2,(Ikke fremmødt),,5-1,- - -,- - -,complete,DS,Gladsaxe Søborg 8,Frederiksberg 4,5,-3,ikke relevant
1712,536,469196,2024-11-17,,,"ikke fremmødt, deltagerside ikke entydig",uafklaret,uafklaret,Holdresultatet efter kendte sejre efterlader 5 hjemme- og -3 udesejre blandt 2 ukendte; udfaldet er ikke entydigt.,complete,0,2,(Ikke fremmødt),,5-1,- - -,- - -,complete,DD,Gladsaxe Søborg 8,Frederiksberg 4,5,-3,ikke relevant
2446,636,465431,2024-12-01,,away,holdresultat,entydig,udledt,0 hjemme- og 1 udesejre mangler blandt 1 ukendte i holdkampen; alle ukendte må være away.,complete,0,1,,,8-5,- - -,- - -,complete,HD,Hvidovre HB2000 1,Gladsaxe Søborg 2,0,1,ikke relevant
2526,643,466579,2024-12-01,,home,holdresultat,entydig,udledt,3 hjemme- og 0 udesejre mangler blandt 3 ukendte i holdkampen; alle ukendte må være home.,complete,0,3,,,7-5,- - -,- - -,complete,MD,Gladsaxe Søborg 3,Drive 3,3,0,ikke relevant
2527,643,466579,2024-12-01,,home,holdresultat,entydig,udledt,3 hjemme- og 0 udesejre mangler blandt 3 ukendte i holdkampen; alle ukendte må være home.,complete,0,3,,,7-5,- - -,- - -,complete,MD,Gladsaxe Søborg 3,Drive 3,3,0,ikke relevant
2529,643,466579,2024-12-01,,home,holdresultat,entydig,udledt,3 hjemme- og 0 udesejre mangler blandt 3 ukendte i holdkampen; alle ukendte må være home.,complete,0,3,,,7-5,- - -,- - -,complete,DD,Gladsaxe Søborg 3,Drive 3,3,0,ikke relevant
2665,658,465261,2024-12-01,,away,holdresultat,entydig,udledt,0 hjemme- og 1 udesejre mangler blandt 1 ukendte i holdkampen; alle ukendte må være away.,complete,0,1,,,5-3,- - -,- - -,complete,HD,Lyngby 2,Gladsaxe Søborg 2,0,1,ikke relevant
15115,581,469713,2024-12-08,V,home,holdresultat,entydig,udledt,1 hjemme- og 0 udesejre mangler blandt 1 ukendte i holdkampen; alle ukendte må være home.,browser_parsed,2,1,,,1-5,15-16,21-11,browser_parsed,S,Valby BC 2,Gladsaxe Søborg 1,1,0,ikke relevant
2068,605,466228,2024-12-08,D,home,holdresultat,entydig,udledt,1 hjemme- og 0 udesejre mangler blandt 1 ukendte i holdkampen; alle ukendte må være home.,api_repaired,0,1,,,5-8,3,3,api_repaired,DD,Dragør 2,Gladsaxe Søborg 2,1,0,ikke relevant
2613,652,465731,2025-01-05,,away,holdresultat,entydig,udledt,0 hjemme- og 2 udesejre mangler blandt 2 ukendte i holdkampen; alle ukendte må være away.,complete,0,2,,,0-8,- - -,- - -,complete,MD,Gladsaxe Søborg,Hvidovre,0,2,ikke relevant
2616,652,465731,2025-01-05,,away,holdresultat,entydig,udledt,0 hjemme- og 2 udesejre mangler blandt 2 ukendte i holdkampen; alle ukendte må være away.,complete,0,2,,,0-8,- - -,- - -,complete,DD,Gladsaxe Søborg,Hvidovre,0,2,ikke relevant
1650,482,467598,2025-01-12,,away,holdresultat,entydig,udledt,0 hjemme- og 8 udesejre mangler blandt 8 ukendte i holdkampen; alle ukendte må være away.,complete,0,8,,,0-8,- - -,- - -,complete,MD,Lyngby 2,Gladsaxe Søborg 1,0,8,ikke relevant
1651,482,467598,2025-01-12,,away,holdresultat,entydig,udledt,0 hjemme- og 8 udesejre mangler blandt 8 ukendte i holdkampen; alle ukendte må være away.,complete,0,8,,,0-8,- - -,- - -,complete,MD,Lyngby 2,Gladsaxe Søborg 1,0,8,ikke relevant
1652,482,467598,2025-01-12,,away,holdresultat,entydig,udledt,0 hjemme- og 8 udesejre mangler blandt 8 ukendte i holdkampen; alle ukendte må være away.,complete,0,8,,,0-8,- - -,- - -,complete,DS,Lyngby 2,Gladsaxe Søborg 1,0,8,ikke relevant
1653,482,467598,2025-01-12,,away,holdresultat,entydig,udledt,0 hjemme- og 8 udesejre mangler blandt 8 ukendte i holdkampen; alle ukendte må være away.,complete,0,8,,,0-8,- - -,- - -,complete,DS,Lyngby 2,Gladsaxe Søborg 1,0,8,ikke relevant
1654,482,467598,2025-01-12,,away,holdresultat,entydig,udledt,0 hjemme- og 8 udesejre mangler blandt 8 ukendte i holdkampen; alle ukendte må være away.,complete,0,8,,,0-8,- - -,- - -,complete,HS,Lyngby 2,Gladsaxe Søborg 1,0,8,ikke relevant
1655,482,467598,2025-01-12,,away,holdresultat,entydig,udledt,0 hjemme- og 8 udesejre mangler blandt 8 ukendte i holdkampen; alle ukendte må være away.,complete,0,8,,,0-8,- - -,- - -,complete,HS,Lyngby 2,Gladsaxe Søborg 1,0,8,ikke relevant
1656,482,467598,2025-01-12,,away,holdresultat,entydig,udledt,0 hjemme- og 8 udesejre mangler blandt 8 ukendte i holdkampen; alle ukendte må være away.,complete,0,8,,,0-8,- - -,- - -,complete,DD,Lyngby 2,Gladsaxe Søborg 1,0,8,ikke relevant
1657,482,467598,2025-01-12,,away,holdresultat,entydig,udledt,0 hjemme- og 8 udesejre mangler blandt 8 ukendte i holdkampen; alle ukendte må være away.,complete,0,8,,,0-8,- - -,- - -,complete,HD,Lyngby 2,Gladsaxe Søborg 1,0,8,ikke relevant
2671,659,465266,2025-01-12,,home,holdresultat,entydig,udledt,2 hjemme- og 0 udesejre mangler blandt 2 ukendte i holdkampen; alle ukendte må være home.,complete,0,2,,,6-2,- - -,- - -,complete,HD,Gladsaxe Søborg 2,FKIF Frederiksberg,2,0,ikke relevant
2675,659,465266,2025-01-12,,home,holdresultat,entydig,udledt,2 hjemme- og 0 udesejre mangler blandt 2 ukendte i holdkampen; alle ukendte må være home.,complete,0,2,,,6-2,- - -,- - -,complete,HD,Gladsaxe Søborg 2,FKIF Frederiksberg,2,0,ikke relevant
2620,653,465734,2025-01-19,,away,holdresultat,entydig,udledt,0 hjemme- og 3 udesejre mangler blandt 3 ukendte i holdkampen; alle ukendte må være away.,complete,0,3,,,4-4,- - -,- - -,complete,MD,BC37 Amager,Gladsaxe Søborg,0,3,ikke relevant
2621,653,465734,2025-01-19,,away,holdresultat,entydig,udledt,0 hjemme- og 3 udesejre mangler blandt 3 ukendte i holdkampen; alle ukendte må være away.,complete,0,3,,,4-4,- - -,- - -,complete,MD,BC37 Amager,Gladsaxe Søborg,0,3,ikke relevant
2624,653,465734,2025-01-19,,away,holdresultat,entydig,udledt,0 hjemme- og 3 udesejre mangler blandt 3 ukendte i holdkampen; alle ukendte må være away.,complete,0,3,,,4-4,- - -,- - -,complete,DD,BC37 Amager,Gladsaxe Søborg,0,3,ikke relevant
1741,542,469221,2025-02-02,,away,holdresultat,entydig,udledt,0 hjemme- og 2 udesejre mangler blandt 2 ukendte i holdkampen; alle ukendte må være away.,complete,0,2,(Ikke fremmødt),,4-2,- - -,- - -,complete,DS,Frederiksberg 4,Gladsaxe Søborg 8,0,2,ikke relevant
1743,542,469221,2025-02-02,,away,holdresultat,entydig,udledt,0 hjemme- og 2 udesejre mangler blandt 2 ukendte i holdkampen; alle ukendte må være away.,complete,0,2,(Ikke fremmødt),,4-2,- - -,- - -,complete,DD,Frederiksberg 4,Gladsaxe Søborg 8,0,2,ikke relevant
2095,607,482763,2025-02-02,,home,holdresultat,entydig,udledt,1 hjemme- og 0 udesejre mangler blandt 1 ukendte i holdkampen; alle ukendte må være home.,complete,0,1,,,11-2,- - -,- - -,complete,HD,Valby BC,Gladsaxe Søborg 2,1,0,ikke relevant
2681,660,465269,2025-02-02,,away,holdresultat,entydig,udledt,0 hjemme- og 1 udesejre mangler blandt 1 ukendte i holdkampen; alle ukendte må være away.,complete,0,1,,,5-3,- - -,- - -,complete,HD,Tingbjerg,Gladsaxe Søborg 2,0,1,ikke relevant
2720,665,465324,2025-02-02,,away,holdresultat,entydig,udledt,0 hjemme- og 1 udesejre mangler blandt 1 ukendte i holdkampen; alle ukendte må være away.,complete,0,1,,,1-7,- - -,- - -,complete,DD,Gladsaxe Søborg 3,Frederiksberg,0,1,ikke relevant
18535,560,471244,2025-02-23,G,home,"holdresultat (G, delvist scoret)",entydig,udledt,1 hjemme- og 0 udesejre mangler blandt 1 ukendte i holdkampen; alle ukendte må være home. G-markør og 2 scorede sæt er forenelige med afgørelse efter kampstart; hvem der trak sig kan ikke ses i rækkedata.,browser_parsed,2,1,,,5-1,19-21-6,21-14-6,browser_parsed,S,Gladsaxe Søborg 2,NBK Amager 1,1,0,ikke relevant
2103,608,482768,2025-02-23,,home,holdresultat,entydig,udledt,5 hjemme- og 0 udesejre mangler blandt 5 ukendte i holdkampen; alle ukendte må være home.,complete,0,5,(Ikke fremmødt),,9-4,- - -,- - -,complete,HS,Gladsaxe Søborg 2,Gentofte 5,5,0,ikke relevant
2104,608,482768,2025-02-23,,home,holdresultat,entydig,udledt,5 hjemme- og 0 udesejre mangler blandt 5 ukendte i holdkampen; alle ukendte må være home.,complete,0,5,(Ikke fremmødt),,9-4,- - -,- - -,complete,HS,Gladsaxe Søborg 2,Gentofte 5,5,0,ikke relevant
2105,608,482768,2025-02-23,,home,holdresultat,entydig,udledt,5 hjemme- og 0 udesejre mangler blandt 5 ukendte i holdkampen; alle ukendte må være home.,complete,0,5,(Ikke fremmødt),,9-4,- - -,- - -,complete,HS,Gladsaxe Søborg 2,Gentofte 5,5,0,ikke relevant
2109,608,482768,2025-02-23,,home,holdresultat,entydig,udledt,5 hjemme- og 0 udesejre mangler blandt 5 ukendte i holdkampen; alle ukendte må være home.,complete,0,5,(Ikke fremmødt),,9-4,- - -,- - -,complete,HD,Gladsaxe Søborg 2,Gentofte 5,5,0,ikke relevant
2110,608,482768,2025-02-23,,home,holdresultat,entydig,udledt,5 hjemme- og 0 udesejre mangler blandt 5 ukendte i holdkampen; alle ukendte må være home.,complete,0,5,(Ikke fremmødt),,9-4,- - -,- - -,complete,HD,Gladsaxe Søborg 2,Gentofte 5,5,0,ikke relevant
18978,464,471792,2025-03-09,D,home,holdresultat,entydig,udledt,1 hjemme- og 0 udesejre mangler blandt 1 ukendte i holdkampen; alle ukendte må være home.,browser_zero_score,0,1,,,6-0,0,0,browser_zero_score,S,Drive 2,Gladsaxe Søborg 4,1,0,ikke relevant
2120,609,482773,2025-03-09,,away,holdresultat,entydig,udledt,0 hjemme- og 1 udesejre mangler blandt 1 ukendte i holdkampen; alle ukendte må være away.,complete,0,1,,,10-3,- - -,- - -,complete,DD,BC37 Amager 2,Gladsaxe Søborg 2,0,1,ikke relevant
1683,486,482416,2025-03-23,,home,holdresultat,entydig,udledt,3 hjemme- og 0 udesejre mangler blandt 3 ukendte i holdkampen; alle ukendte må være home.,complete,0,3,(Ikke fremmødt),,6-2,- - -,- - -,complete,MD,Gladsaxe Søborg 1,Skovshoved 1,3,0,ikke relevant
1685,486,482416,2025-03-23,,home,holdresultat,entydig,udledt,3 hjemme- og 0 udesejre mangler blandt 3 ukendte i holdkampen; alle ukendte må være home.,complete,0,3,(Ikke fremmødt),,6-2,- - -,- - -,complete,DS,Gladsaxe Søborg 1,Skovshoved 1,3,0,ikke relevant
1688,486,482416,2025-03-23,,home,holdresultat,entydig,udledt,3 hjemme- og 0 udesejre mangler blandt 3 ukendte i holdkampen; alle ukendte må være home.,complete,0,3,(Ikke fremmødt),,6-2,- - -,- - -,complete,DD,Gladsaxe Søborg 1,Skovshoved 1,3,0,ikke relevant
490,283,486807,2025-09-06,,home,holdresultat,entydig,udledt,3 hjemme- og 0 udesejre mangler blandt 3 ukendte i holdkampen; alle ukendte må være home.,complete,0,3,,,11-2,- - -,- - -,complete,DS,Gladsaxe Søborg 2,BC37 Amager 3,3,0,ikke relevant
491,283,486807,2025-09-06,,home,holdresultat,entydig,udledt,3 hjemme- og 0 udesejre mangler blandt 3 ukendte i holdkampen; alle ukendte må være home.,complete,0,3,,,11-2,- - -,- - -,complete,DS,Gladsaxe Søborg 2,BC37 Amager 3,3,0,ikke relevant
497,283,486807,2025-09-06,,home,holdresultat,entydig,udledt,3 hjemme- og 0 udesejre mangler blandt 3 ukendte i holdkampen; alle ukendte må være home.,complete,0,3,,,11-2,- - -,- - -,complete,DD,Gladsaxe Søborg 2,BC37 Amager 3,3,0,ikke relevant
631,294,487167,2025-09-14,,home,holdresultat,entydig,udledt,5 hjemme- og 0 udesejre mangler blandt 5 ukendte i holdkampen; alle ukendte må være home.,complete,0,5,,,13-0,- - -,- - -,complete,MD,Gladsaxe Søborg 3,NBK Amager 2,5,0,ikke relevant
632,294,487167,2025-09-14,,home,holdresultat,entydig,udledt,5 hjemme- og 0 udesejre mangler blandt 5 ukendte i holdkampen; alle ukendte må være home.,complete,0,5,,,13-0,- - -,- - -,complete,MD,Gladsaxe Søborg 3,NBK Amager 2,5,0,ikke relevant
634,294,487167,2025-09-14,,home,holdresultat,entydig,udledt,5 hjemme- og 0 udesejre mangler blandt 5 ukendte i holdkampen; alle ukendte må være home.,complete,0,5,,,13-0,- - -,- - -,complete,DS,Gladsaxe Søborg 3,NBK Amager 2,5,0,ikke relevant
639,294,487167,2025-09-14,,home,holdresultat,entydig,udledt,5 hjemme- og 0 udesejre mangler blandt 5 ukendte i holdkampen; alle ukendte må være home.,complete,0,5,,,13-0,- - -,- - -,complete,DD,Gladsaxe Søborg 3,NBK Amager 2,5,0,ikke relevant
640,294,487167,2025-09-14,,home,holdresultat,entydig,udledt,5 hjemme- og 0 udesejre mangler blandt 5 ukendte i holdkampen; alle ukendte må være home.,complete,0,5,,,13-0,- - -,- - -,complete,DD,Gladsaxe Søborg 3,NBK Amager 2,5,0,ikke relevant
124,160,487679,2025-09-21,,away,holdresultat,entydig,udledt,0 hjemme- og 1 udesejre mangler blandt 1 ukendte i holdkampen; alle ukendte må være away.,complete,0,1,,,5-3,- - -,- - -,complete,DS,Gladsaxe Søborg 7,Hvidovre 4,0,1,ikke relevant
1308,352,487346,2025-09-21,,home,holdresultat,entydig,udledt,8 hjemme- og 0 udesejre mangler blandt 8 ukendte i holdkampen; alle ukendte må være home.,complete,0,8,,,8-0,- - -,- - -,complete,MD,Gladsaxe Søborg 1,Drive 1,8,0,ikke relevant
1309,352,487346,2025-09-21,,home,holdresultat,entydig,udledt,8 hjemme- og 0 udesejre mangler blandt 8 ukendte i holdkampen; alle ukendte må være home.,complete,0,8,,,8-0,- - -,- - -,complete,MD,Gladsaxe Søborg 1,Drive 1,8,0,ikke relevant
1310,352,487346,2025-09-21,,home,holdresultat,entydig,udledt,8 hjemme- og 0 udesejre mangler blandt 8 ukendte i holdkampen; alle ukendte må være home.,complete,0,8,,,8-0,- - -,- - -,complete,HD,Gladsaxe Søborg 1,Drive 1,8,0,ikke relevant
1311,352,487346,2025-09-21,,home,holdresultat,entydig,udledt,8 hjemme- og 0 udesejre mangler blandt 8 ukendte i holdkampen; alle ukendte må være home.,complete,0,8,,,8-0,- - -,- - -,complete,HD,Gladsaxe Søborg 1,Drive 1,8,0,ikke relevant
1312,352,487346,2025-09-21,,home,holdresultat,entydig,udledt,8 hjemme- og 0 udesejre mangler blandt 8 ukendte i holdkampen; alle ukendte må være home.,complete,0,8,,,8-0,- - -,- - -,complete,DD,Gladsaxe Søborg 1,Drive 1,8,0,ikke relevant
1313,352,487346,2025-09-21,,home,holdresultat,entydig,udledt,8 hjemme- og 0 udesejre mangler blandt 8 ukendte i holdkampen; alle ukendte må være home.,complete,0,8,,,8-0,- - -,- - -,complete,HD,Gladsaxe Søborg 1,Drive 1,8,0,ikke relevant
1314,352,487346,2025-09-21,,home,holdresultat,entydig,udledt,8 hjemme- og 0 udesejre mangler blandt 8 ukendte i holdkampen; alle ukendte må være home.,complete,0,8,,,8-0,- - -,- - -,complete,HD,Gladsaxe Søborg 1,Drive 1,8,0,ikke relevant
1315,352,487346,2025-09-21,,home,holdresultat,entydig,udledt,8 hjemme- og 0 udesejre mangler blandt 8 ukendte i holdkampen; alle ukendte må være home.,complete,0,8,,,8-0,- - -,- - -,complete,HD,Gladsaxe Søborg 1,Drive 1,8,0,ikke relevant
1083,332,486339,2025-09-28,,home,holdresultat,entydig,udledt,2 hjemme- og 0 udesejre mangler blandt 2 ukendte i holdkampen; alle ukendte må være home.,complete,0,2,,,10-2,- - -,- - -,complete,MD,Gladsaxe Søborg 2,Frederiksberg 1,2,0,ikke relevant
1089,332,486339,2025-09-28,,home,holdresultat,entydig,udledt,2 hjemme- og 0 udesejre mangler blandt 2 ukendte i holdkampen; alle ukendte må være home.,complete,0,2,,,10-2,- - -,- - -,complete,HD,Gladsaxe Søborg 2,Frederiksberg 1,2,0,ikke relevant
1173,339,486364,2025-09-28,,home,holdresultat,entydig,udledt,2 hjemme- og 0 udesejre mangler blandt 2 ukendte i holdkampen; alle ukendte må være home.,complete,0,2,,,6-6,- - -,- - -,complete,HD,Gladsaxe Søborg 3,ØBK/BK Kbh. 1,2,0,ikke relevant
1175,339,486364,2025-09-28,,home,holdresultat,entydig,udledt,2 hjemme- og 0 udesejre mangler blandt 2 ukendte i holdkampen; alle ukendte må være home.,complete,0,2,,,6-6,- - -,- - -,complete,HD,Gladsaxe Søborg 3,ØBK/BK Kbh. 1,2,0,ikke relevant
1249,346,486391,2025-09-28,,home,holdresultat,entydig,udledt,3 hjemme- og 0 udesejre mangler blandt 3 ukendte i holdkampen; alle ukendte må være home.,complete,0,3,,,11-1,- - -,- - -,complete,MD,Drive 3,Gladsaxe Søborg 4,3,0,ikke relevant
1255,346,486391,2025-09-28,,home,holdresultat,entydig,udledt,3 hjemme- og 0 udesejre mangler blandt 3 ukendte i holdkampen; alle ukendte må være home.,complete,0,3,,,11-1,- - -,- - -,complete,HD,Drive 3,Gladsaxe Søborg 4,3,0,ikke relevant
1256,346,486391,2025-09-28,,home,holdresultat,entydig,udledt,3 hjemme- og 0 udesejre mangler blandt 3 ukendte i holdkampen; alle ukendte må være home.,complete,0,3,,,11-1,- - -,- - -,complete,HD,Drive 3,Gladsaxe Søborg 4,3,0,ikke relevant
984,324,487535,2025-10-05,,away,holdresultat,entydig,udledt,0 hjemme- og 1 udesejre mangler blandt 1 ukendte i holdkampen; alle ukendte må være away.,complete,0,1,,,9-4,- - -,- - -,complete,HD,Gladsaxe Søborg 1,Drive 1,0,1,ikke relevant
652,295,487171,2025-10-12,,,holdresultat ikke entydigt,uafklaret,uafklaret,Holdresultatet efter kendte sejre efterlader 2 hjemme- og -1 udesejre blandt 1 ukendte; udfaldet er ikke entydigt.,complete,0,1,,,3-10,- - -,- - -,complete,DD,KSI Badmintonklub Kbh. 6,Gladsaxe Søborg 3,2,-1,ikke relevant
536,286,486818,2025-10-25,,,holdresultat ikke entydigt,uafklaret,uafklaret,Holdresultatet efter kendte sejre efterlader 2 hjemme- og -1 udesejre blandt 1 ukendte; udfaldet er ikke entydigt.,complete,0,1,,,6-7,- - -,- - -,complete,DD,Dragør 2,Gladsaxe Søborg 2,2,-1,ikke relevant
287,243,491816,2025-10-26,,home,holdresultat,entydig,udledt,6 hjemme- og 0 udesejre mangler blandt 6 ukendte i holdkampen; alle ukendte må være home.,complete,0,6,(Ikke fremmødt),,6-0,- - -,- - -,complete,DS,Gladsaxe Søborg 7,Rødovre 2,6,0,ikke relevant
288,243,491816,2025-10-26,,home,holdresultat,entydig,udledt,6 hjemme- og 0 udesejre mangler blandt 6 ukendte i holdkampen; alle ukendte må være home.,complete,0,6,(Ikke fremmødt),,6-0,- - -,- - -,complete,DS,Gladsaxe Søborg 7,Rødovre 2,6,0,ikke relevant
289,243,491816,2025-10-26,,home,holdresultat,entydig,udledt,6 hjemme- og 0 udesejre mangler blandt 6 ukendte i holdkampen; alle ukendte må være home.,complete,0,6,(Ikke fremmødt),,6-0,- - -,- - -,complete,DS,Gladsaxe Søborg 7,Rødovre 2,6,0,ikke relevant
290,243,491816,2025-10-26,,home,holdresultat,entydig,udledt,6 hjemme- og 0 udesejre mangler blandt 6 ukendte i holdkampen; alle ukendte må være home.,complete,0,6,(Ikke fremmødt),,6-0,- - -,- - -,complete,DS,Gladsaxe Søborg 7,Rødovre 2,6,0,ikke relevant
291,243,491816,2025-10-26,,home,holdresultat,entydig,udledt,6 hjemme- og 0 udesejre mangler blandt 6 ukendte i holdkampen; alle ukendte må være home.,complete,0,6,(Ikke fremmødt),,6-0,- - -,- - -,complete,DD,Gladsaxe Søborg 7,Rødovre 2,6,0,ikke relevant
292,243,491816,2025-10-26,,home,holdresultat,entydig,udledt,6 hjemme- og 0 udesejre mangler blandt 6 ukendte i holdkampen; alle ukendte må være home.,complete,0,6,(Ikke fremmødt),,6-0,- - -,- - -,complete,DD,Gladsaxe Søborg 7,Rødovre 2,6,0,ikke relevant
1534,380,486745,2025-10-26,G,away,"holdresultat (G, delvist scoret)",entydig,udledt,0 hjemme- og 2 udesejre mangler blandt 2 ukendte i holdkampen; alle ukendte må være away. G-markør og 2 scorede sæt er forenelige med afgørelse efter kampstart; hvem der trak sig kan ikke ses i rækkedata.,api_repaired,2,2,,,4-4,21-8,7-10,api_repaired,HD,Hvidovre 1,Gladsaxe Søborg 1,0,2,ikke relevant
1539,380,486745,2025-10-26,,away,holdresultat,entydig,udledt,0 hjemme- og 2 udesejre mangler blandt 2 ukendte i holdkampen; alle ukendte må være away.,complete,0,2,,,4-4,- - -,- - -,complete,HD,Hvidovre 1,Gladsaxe Søborg 1,0,2,ikke relevant
1098,333,486341,2025-11-02,,,holdresultat ikke entydigt,uafklaret,uafklaret,Holdresultatet efter kendte sejre efterlader 2 hjemme- og -1 udesejre blandt 1 ukendte; udfaldet er ikke entydigt.,complete,0,1,,,10-2,- - -,- - -,complete,HD,Vanløse 1,Gladsaxe Søborg 2,2,-1,ikke relevant
1263,347,486393,2025-11-02,,home,holdresultat,entydig,udledt,2 hjemme- og 0 udesejre mangler blandt 2 ukendte i holdkampen; alle ukendte må være home.,complete,0,2,(Ikke fremmødt),,5-7,- - -,- - -,complete,MD,Gladsaxe Søborg 4,Ryparken 1,2,0,ikke relevant
1265,347,486393,2025-11-02,,home,holdresultat,entydig,udledt,2 hjemme- og 0 udesejre mangler blandt 2 ukendte i holdkampen; alle ukendte må være home.,complete,0,2,(Ikke fremmødt),,5-7,- - -,- - -,complete,DD,Gladsaxe Søborg 4,Ryparken 1,2,0,ikke relevant
1439,368,486513,2025-11-02,,home,holdresultat,entydig,udledt,2 hjemme- og 0 udesejre mangler blandt 2 ukendte i holdkampen; alle ukendte må være home.,complete,0,2,,,6-2,- - -,- - -,complete,HD,Sct. Jørgen Kbh. 1,Gladsaxe Søborg 3,2,0,ikke relevant
1443,368,486513,2025-11-02,,home,holdresultat,entydig,udledt,2 hjemme- og 0 udesejre mangler blandt 2 ukendte i holdkampen; alle ukendte må være home.,complete,0,2,,,6-2,- - -,- - -,complete,HD,Sct. Jørgen Kbh. 1,Gladsaxe Søborg 3,2,0,ikke relevant
672,297,487182,2025-11-23,,home,holdresultat,entydig,udledt,2 hjemme- og 0 udesejre mangler blandt 2 ukendte i holdkampen; alle ukendte må være home.,complete,0,2,,,10-3,- - -,- - -,complete,DS,Gladsaxe Søborg 3,Sct. Jørgen Kbh.,2,0,ikke relevant
673,297,487182,2025-11-23,,home,holdresultat,entydig,udledt,2 hjemme- og 0 udesejre mangler blandt 2 ukendte i holdkampen; alle ukendte må være home.,complete,0,2,,,10-3,- - -,- - -,complete,DS,Gladsaxe Søborg 3,Sct. Jørgen Kbh.,2,0,ikke relevant
750,303,487139,2025-11-23,,home,holdresultat,entydig,udledt,3 hjemme- og 0 udesejre mangler blandt 3 ukendte i holdkampen; alle ukendte må være home.,complete,0,3,(Ikke fremmødt),,6-7,- - -,- - -,complete,DS,Valby BC 3,Gladsaxe Søborg 4,3,0,ikke relevant
751,303,487139,2025-11-23,,home,holdresultat,entydig,udledt,3 hjemme- og 0 udesejre mangler blandt 3 ukendte i holdkampen; alle ukendte må være home.,complete,0,3,(Ikke fremmødt),,6-7,- - -,- - -,complete,DS,Valby BC 3,Gladsaxe Søborg 4,3,0,ikke relevant
757,303,487139,2025-11-23,,home,holdresultat,entydig,udledt,3 hjemme- og 0 udesejre mangler blandt 3 ukendte i holdkampen; alle ukendte må være home.,complete,0,3,(Ikke fremmødt),,6-7,- - -,- - -,complete,DD,Valby BC 3,Gladsaxe Søborg 4,3,0,ikke relevant
917,318,487285,2025-11-23,,home,holdresultat,entydig,udledt,2 hjemme- og 0 udesejre mangler blandt 2 ukendte i holdkampen; alle ukendte må være home.,complete,0,2,,,5-5,- - -,- - -,complete,MD,Gladsaxe Søborg 6,SAIF Kbh. 8,2,0,ikke relevant
922,318,487285,2025-11-23,,home,holdresultat,entydig,udledt,2 hjemme- og 0 udesejre mangler blandt 2 ukendte i holdkampen; alle ukendte må være home.,complete,0,2,,,5-5,- - -,- - -,complete,DD,Gladsaxe Søborg 6,SAIF Kbh. 8,2,0,ikke relevant
1104,334,486345,2025-11-30,G,home,"holdresultat (G, delvist scoret)",entydig,udledt,2 hjemme- og 0 udesejre mangler blandt 2 ukendte i holdkampen; alle ukendte må være home. G-markør og 2 scorede sæt er forenelige med afgørelse efter kampstart; hvem der trak sig kan ikke ses i rækkedata.,api_repaired,2,2,,,8-4,18-21,21-15,api_repaired,MD,Gladsaxe Søborg 2,Rødovre/KFUM KBH 1,2,0,ikke relevant
1110,334,486345,2025-11-30,,home,holdresultat,entydig,udledt,2 hjemme- og 0 udesejre mangler blandt 2 ukendte i holdkampen; alle ukendte må være home.,complete,0,2,,,8-4,- - -,- - -,complete,HD,Gladsaxe Søborg 2,Rødovre/KFUM KBH 1,2,0,ikke relevant
1193,341,486372,2025-11-30,,away,holdresultat,entydig,udledt,0 hjemme- og 1 udesejre mangler blandt 1 ukendte i holdkampen; alle ukendte må være away.,complete,0,1,,,4-8,- - -,- - -,complete,DD,Gladsaxe Søborg 3,FKIF Frederiksberg 1,0,1,ikke relevant
863,312,487071,2025-12-14,,,holdresultat ikke entydigt,uafklaret,uafklaret,Holdresultatet efter kendte sejre efterlader -1 hjemme- og 2 udesejre blandt 1 ukendte; udfaldet er ikke entydigt.,complete,0,1,,,6-4,- - -,- - -,complete,HD,FKIF Frederiksberg 4,Gladsaxe Søborg 5,-1,2,ikke relevant
1341,356,487357,2025-12-14,,home,holdresultat,entydig,udledt,2 hjemme- og 0 udesejre mangler blandt 2 ukendte i holdkampen; alle ukendte må være home.,complete,0,2,,,7-1,- - -,- - -,complete,MD,Charlottenlund 1,Gladsaxe Søborg 1,2,0,ikke relevant
1344,356,487357,2025-12-14,,home,holdresultat,entydig,udledt,2 hjemme- og 0 udesejre mangler blandt 2 ukendte i holdkampen; alle ukendte må være home.,complete,0,2,,,7-1,- - -,- - -,complete,DD,Charlottenlund 1,Gladsaxe Søborg 1,2,0,ikke relevant
293,244,492249,2026-01-11,,home,holdresultat,entydig,udledt,6 hjemme- og 0 udesejre mangler blandt 6 ukendte i holdkampen; alle ukendte må være home.,complete,0,6,,,6-0,- - -,- - -,complete,DS,Karlslunde 6,Gladsaxe Søborg 7,6,0,ikke relevant
294,244,492249,2026-01-11,,home,holdresultat,entydig,udledt,6 hjemme- og 0 udesejre mangler blandt 6 ukendte i holdkampen; alle ukendte må være home.,complete,0,6,,,6-0,- - -,- - -,complete,DS,Karlslunde 6,Gladsaxe Søborg 7,6,0,ikke relevant
295,244,492249,2026-01-11,,home,holdresultat,entydig,udledt,6 hjemme- og 0 udesejre mangler blandt 6 ukendte i holdkampen; alle ukendte må være home.,complete,0,6,,,6-0,- - -,- - -,complete,DS,Karlslunde 6,Gladsaxe Søborg 7,6,0,ikke relevant
296,244,492249,2026-01-11,,home,holdresultat,entydig,udledt,6 hjemme- og 0 udesejre mangler blandt 6 ukendte i holdkampen; alle ukendte må være home.,complete,0,6,,,6-0,- - -,- - -,complete,DS,Karlslunde 6,Gladsaxe Søborg 7,6,0,ikke relevant
297,244,492249,2026-01-11,,home,holdresultat,entydig,udledt,6 hjemme- og 0 udesejre mangler blandt 6 ukendte i holdkampen; alle ukendte må være home.,complete,0,6,,,6-0,- - -,- - -,complete,DD,Karlslunde 6,Gladsaxe Søborg 7,6,0,ikke relevant
298,244,492249,2026-01-11,,home,holdresultat,entydig,udledt,6 hjemme- og 0 udesejre mangler blandt 6 ukendte i holdkampen; alle ukendte må være home.,complete,0,6,,,6-0,- - -,- - -,complete,DD,Karlslunde 6,Gladsaxe Søborg 7,6,0,ikke relevant
299,245,492250,2026-01-11,,home,holdresultat,entydig,udledt,6 hjemme- og 0 udesejre mangler blandt 6 ukendte i holdkampen; alle ukendte må være home.,complete,0,6,,,6-0,- - -,- - -,complete,DS,Valby BC 4,Gladsaxe Søborg 7,6,0,ikke relevant
300,245,492250,2026-01-11,,home,holdresultat,entydig,udledt,6 hjemme- og 0 udesejre mangler blandt 6 ukendte i holdkampen; alle ukendte må være home.,complete,0,6,,,6-0,- - -,- - -,complete,DS,Valby BC 4,Gladsaxe Søborg 7,6,0,ikke relevant
301,245,492250,2026-01-11,,home,holdresultat,entydig,udledt,6 hjemme- og 0 udesejre mangler blandt 6 ukendte i holdkampen; alle ukendte må være home.,complete,0,6,,,6-0,- - -,- - -,complete,DS,Valby BC 4,Gladsaxe Søborg 7,6,0,ikke relevant
302,245,492250,2026-01-11,,home,holdresultat,entydig,udledt,6 hjemme- og 0 udesejre mangler blandt 6 ukendte i holdkampen; alle ukendte må være home.,complete,0,6,,,6-0,- - -,- - -,complete,DS,Valby BC 4,Gladsaxe Søborg 7,6,0,ikke relevant
303,245,492250,2026-01-11,,home,holdresultat,entydig,udledt,6 hjemme- og 0 udesejre mangler blandt 6 ukendte i holdkampen; alle ukendte må være home.,complete,0,6,,,6-0,- - -,- - -,complete,DD,Valby BC 4,Gladsaxe Søborg 7,6,0,ikke relevant
304,245,492250,2026-01-11,,home,holdresultat,entydig,udledt,6 hjemme- og 0 udesejre mangler blandt 6 ukendte i holdkampen; alle ukendte må være home.,complete,0,6,,,6-0,- - -,- - -,complete,DD,Valby BC 4,Gladsaxe Søborg 7,6,0,ikke relevant
1274,349,486398,2026-01-11,,away,holdresultat,entydig,udledt,0 hjemme- og 3 udesejre mangler blandt 3 ukendte i holdkampen; alle ukendte må være away.,complete,0,3,(Ikke fremmødt),,6-6,- - -,- - -,complete,MD,Ryparken 1,Gladsaxe Søborg 4,0,3,ikke relevant
1275,349,486398,2026-01-11,,away,holdresultat,entydig,udledt,0 hjemme- og 3 udesejre mangler blandt 3 ukendte i holdkampen; alle ukendte må være away.,complete,0,3,(Ikke fremmødt),,6-6,- - -,- - -,complete,MD,Ryparken 1,Gladsaxe Søborg 4,0,3,ikke relevant
1277,349,486398,2026-01-11,,away,holdresultat,entydig,udledt,0 hjemme- og 3 udesejre mangler blandt 3 ukendte i holdkampen; alle ukendte må være away.,complete,0,3,(Ikke fremmødt),,6-6,- - -,- - -,complete,DD,Ryparken 1,Gladsaxe Søborg 4,0,3,ikke relevant
1348,357,487363,2026-01-11,,home,holdresultat,entydig,udledt,8 hjemme- og 0 udesejre mangler blandt 8 ukendte i holdkampen; alle ukendte må være home.,complete,0,8,,,8-0,- - -,- - -,complete,MD,Gladsaxe Søborg 1,Skovshoved 1,8,0,ikke relevant
1349,357,487363,2026-01-11,,home,holdresultat,entydig,udledt,8 hjemme- og 0 udesejre mangler blandt 8 ukendte i holdkampen; alle ukendte må være home.,complete,0,8,,,8-0,- - -,- - -,complete,MD,Gladsaxe Søborg 1,Skovshoved 1,8,0,ikke relevant
1350,357,487363,2026-01-11,,home,holdresultat,entydig,udledt,8 hjemme- og 0 udesejre mangler blandt 8 ukendte i holdkampen; alle ukendte må være home.,complete,0,8,,,8-0,- - -,- - -,complete,HD,Gladsaxe Søborg 1,Skovshoved 1,8,0,ikke relevant
1351,357,487363,2026-01-11,,home,holdresultat,entydig,udledt,8 hjemme- og 0 udesejre mangler blandt 8 ukendte i holdkampen; alle ukendte må være home.,complete,0,8,,,8-0,- - -,- - -,complete,HD,Gladsaxe Søborg 1,Skovshoved 1,8,0,ikke relevant
1352,357,487363,2026-01-11,,home,holdresultat,entydig,udledt,8 hjemme- og 0 udesejre mangler blandt 8 ukendte i holdkampen; alle ukendte må være home.,complete,0,8,,,8-0,- - -,- - -,complete,DD,Gladsaxe Søborg 1,Skovshoved 1,8,0,ikke relevant
1353,357,487363,2026-01-11,,home,holdresultat,entydig,udledt,8 hjemme- og 0 udesejre mangler blandt 8 ukendte i holdkampen; alle ukendte må være home.,complete,0,8,,,8-0,- - -,- - -,complete,HD,Gladsaxe Søborg 1,Skovshoved 1,8,0,ikke relevant
1354,357,487363,2026-01-11,,home,holdresultat,entydig,udledt,8 hjemme- og 0 udesejre mangler blandt 8 ukendte i holdkampen; alle ukendte må være home.,complete,0,8,,,8-0,- - -,- - -,complete,HD,Gladsaxe Søborg 1,Skovshoved 1,8,0,ikke relevant
1355,357,487363,2026-01-11,,home,holdresultat,entydig,udledt,8 hjemme- og 0 udesejre mangler blandt 8 ukendte i holdkampen; alle ukendte må være home.,complete,0,8,,,8-0,- - -,- - -,complete,HD,Gladsaxe Søborg 1,Skovshoved 1,8,0,ikke relevant
1455,370,486521,2026-01-11,,home,holdresultat,entydig,udledt,3 hjemme- og 0 udesejre mangler blandt 3 ukendte i holdkampen; alle ukendte må være home.,complete,0,3,,,7-1,- - -,- - -,complete,HD,Frederiksberg 1,Gladsaxe Søborg 3,3,0,ikke relevant
1458,370,486521,2026-01-11,,home,holdresultat,entydig,udledt,3 hjemme- og 0 udesejre mangler blandt 3 ukendte i holdkampen; alle ukendte må være home.,complete,0,3,,,7-1,- - -,- - -,complete,HD,Frederiksberg 1,Gladsaxe Søborg 3,3,0,ikke relevant
1459,370,486521,2026-01-11,,home,holdresultat,entydig,udledt,3 hjemme- og 0 udesejre mangler blandt 3 ukendte i holdkampen; alle ukendte må være home.,complete,0,3,,,7-1,- - -,- - -,complete,HD,Frederiksberg 1,Gladsaxe Søborg 3,3,0,ikke relevant
1561,383,486756,2026-01-11,G,away,"holdresultat (G, delvist scoret)",entydig,udledt,0 hjemme- og 1 udesejre mangler blandt 1 ukendte i holdkampen; alle ukendte må være away. G-markør og 2 scorede sæt er forenelige med afgørelse efter kampstart; hvem der trak sig kan ikke ses i rækkedata.,api_repaired,2,1,,,5-3,21-12,6-21,api_repaired,HD,Charlottenlund 1,Gladsaxe Søborg 1,0,1,ikke relevant
446,279,503999,2026-01-31,,away,holdresultat,entydig,udledt,0 hjemme- og 1 udesejre mangler blandt 1 ukendte i holdkampen; alle ukendte må være away.,complete,0,1,,,5-8,- - -,- - -,complete,HD,Gladsaxe Søborg,Køge,0,1,ikke relevant
581,290,504994,2026-01-31,,home,holdresultat,entydig,udledt,3 hjemme- og 0 udesejre mangler blandt 3 ukendte i holdkampen; alle ukendte må være home.,complete,0,3,(Ikke fremmødt),,8-5,- - -,- - -,complete,DS,Gladsaxe Søborg 2,KMB2010 3,3,0,ikke relevant
582,290,504994,2026-01-31,,home,holdresultat,entydig,udledt,3 hjemme- og 0 udesejre mangler blandt 3 ukendte i holdkampen; alle ukendte må være home.,complete,0,3,(Ikke fremmødt),,8-5,- - -,- - -,complete,DS,Gladsaxe Søborg 2,KMB2010 3,3,0,ikke relevant
588,290,504994,2026-01-31,,home,holdresultat,entydig,udledt,3 hjemme- og 0 udesejre mangler blandt 3 ukendte i holdkampen; alle ukendte må være home.,complete,0,3,(Ikke fremmødt),,8-5,- - -,- - -,complete,DD,Gladsaxe Søborg 2,KMB2010 3,3,0,ikke relevant
1048,329,487589,2026-02-01,,home,holdresultat,entydig,udledt,1 hjemme- og 0 udesejre mangler blandt 1 ukendte i holdkampen; alle ukendte må være home.,complete,0,1,,,10-3,- - -,- - -,complete,DD,Solrød Strand 1,Gladsaxe Søborg 1,1,0,ikke relevant
1286,350,486400,2026-02-01,,away,holdresultat,entydig,udledt,0 hjemme- og 3 udesejre mangler blandt 3 ukendte i holdkampen; alle ukendte må være away.,complete,0,3,(Ikke fremmødt),,1-11,- - -,- - -,complete,MD,Gladsaxe Søborg 4,Tingbjerg 2,0,3,ikke relevant
1287,350,486400,2026-02-01,,away,holdresultat,entydig,udledt,0 hjemme- og 3 udesejre mangler blandt 3 ukendte i holdkampen; alle ukendte må være away.,complete,0,3,(Ikke fremmødt),,1-11,- - -,- - -,complete,MD,Gladsaxe Søborg 4,Tingbjerg 2,0,3,ikke relevant
1289,350,486400,2026-02-01,,away,holdresultat,entydig,udledt,0 hjemme- og 3 udesejre mangler blandt 3 ukendte i holdkampen; alle ukendte må være away.,complete,0,3,(Ikke fremmødt),,1-11,- - -,- - -,complete,DD,Gladsaxe Søborg 4,Tingbjerg 2,0,3,ikke relevant
594,291,505000,2026-02-21,,away,holdresultat,entydig,udledt,0 hjemme- og 3 udesejre mangler blandt 3 ukendte i holdkampen; alle ukendte må være away.,complete,0,3,(Ikke fremmødt),,1-12,- - -,- - -,complete,DS,Gentofte 5,Gladsaxe Søborg 2,0,3,ikke relevant
595,291,505000,2026-02-21,,away,holdresultat,entydig,udledt,0 hjemme- og 3 udesejre mangler blandt 3 ukendte i holdkampen; alle ukendte må være away.,complete,0,3,(Ikke fremmødt),,1-12,- - -,- - -,complete,DS,Gentofte 5,Gladsaxe Søborg 2,0,3,ikke relevant
601,291,505000,2026-02-21,,away,holdresultat,entydig,udledt,0 hjemme- og 3 udesejre mangler blandt 3 ukendte i holdkampen; alle ukendte må være away.,complete,0,3,(Ikke fremmødt),,1-12,- - -,- - -,complete,DD,Gentofte 5,Gladsaxe Søborg 2,0,3,ikke relevant
887,315,487084,2026-03-01,,home,holdresultat,entydig,udledt,2 hjemme- og 0 udesejre mangler blandt 2 ukendte i holdkampen; alle ukendte må være home.,complete,0,2,,,6-4,- - -,- - -,complete,MD,Gladsaxe Søborg 5,DTU 2,2,0,ikke relevant
892,315,487084,2026-03-01,,home,holdresultat,entydig,udledt,2 hjemme- og 0 udesejre mangler blandt 2 ukendte i holdkampen; alle ukendte må være home.,complete,0,2,,,6-4,- - -,- - -,complete,DD,Gladsaxe Søborg 5,DTU 2,2,0,ikke relevant
1299,351,486401,2026-03-01,,home,holdresultat,entydig,udledt,2 hjemme- og 0 udesejre mangler blandt 2 ukendte i holdkampen; alle ukendte må være home.,complete,0,2,,,5-7,- - -,- - -,complete,MD,Gladsaxe Søborg 4,Drive 3,2,0,ikke relevant
1301,351,486401,2026-03-01,,home,holdresultat,entydig,udledt,2 hjemme- og 0 udesejre mangler blandt 2 ukendte i holdkampen; alle ukendte må være home.,complete,0,2,,,5-7,- - -,- - -,complete,DD,Gladsaxe Søborg 4,Drive 3,2,0,ikke relevant
1423,366,486485,2026-03-01,,home,holdresultat,entydig,udledt,2 hjemme- og 0 udesejre mangler blandt 2 ukendte i holdkampen; alle ukendte må være home.,complete,0,2,,,6-2,- - -,- - -,complete,HD,Charlottenlund 3,Gladsaxe Søborg 2,2,0,ikke relevant
1427,366,486485,2026-03-01,,home,holdresultat,entydig,udledt,2 hjemme- og 0 udesejre mangler blandt 2 ukendte i holdkampen; alle ukendte må være home.,complete,0,2,,,6-2,- - -,- - -,complete,HD,Charlottenlund 3,Gladsaxe Søborg 2,2,0,ikke relevant
1564,384,486764,2026-03-01,,away,holdresultat,entydig,udledt,0 hjemme- og 2 udesejre mangler blandt 2 ukendte i holdkampen; alle ukendte må være away.,complete,0,2,,,3-5,- - -,- - -,complete,MD,FKIF Frederiksberg 1,Gladsaxe Søborg 1,0,2,ikke relevant
1568,384,486764,2026-03-01,,away,holdresultat,entydig,udledt,0 hjemme- og 2 udesejre mangler blandt 2 ukendte i holdkampen; alle ukendte må være away.,complete,0,2,,,3-5,- - -,- - -,complete,DD,FKIF Frederiksberg 1,Gladsaxe Søborg 1,0,2,ikke relevant
317,248,491849,2026-03-08,,home,holdresultat,entydig,udledt,6 hjemme- og 0 udesejre mangler blandt 6 ukendte i holdkampen; alle ukendte må være home.,complete,0,6,,,6-0,- - -,- - -,complete,DS,Skovlunde 2,Gladsaxe Søborg 7,6,0,ikke relevant
318,248,491849,2026-03-08,,home,holdresultat,entydig,udledt,6 hjemme- og 0 udesejre mangler blandt 6 ukendte i holdkampen; alle ukendte må være home.,complete,0,6,,,6-0,- - -,- - -,complete,DS,Skovlunde 2,Gladsaxe Søborg 7,6,0,ikke relevant
319,248,491849,2026-03-08,,home,holdresultat,entydig,udledt,6 hjemme- og 0 udesejre mangler blandt 6 ukendte i holdkampen; alle ukendte må være home.,complete,0,6,,,6-0,- - -,- - -,complete,DS,Skovlunde 2,Gladsaxe Søborg 7,6,0,ikke relevant
320,248,491849,2026-03-08,,home,holdresultat,entydig,udledt,6 hjemme- og 0 udesejre mangler blandt 6 ukendte i holdkampen; alle ukendte må være home.,complete,0,6,,,6-0,- - -,- - -,complete,DS,Skovlunde 2,Gladsaxe Søborg 7,6,0,ikke relevant
321,248,491849,2026-03-08,,home,holdresultat,entydig,udledt,6 hjemme- og 0 udesejre mangler blandt 6 ukendte i holdkampen; alle ukendte må være home.,complete,0,6,,,6-0,- - -,- - -,complete,DD,Skovlunde 2,Gladsaxe Søborg 7,6,0,ikke relevant
322,248,491849,2026-03-08,,home,holdresultat,entydig,udledt,6 hjemme- og 0 udesejre mangler blandt 6 ukendte i holdkampen; alle ukendte må være home.,complete,0,6,,,6-0,- - -,- - -,complete,DD,Skovlunde 2,Gladsaxe Søborg 7,6,0,ikke relevant
323,249,491850,2026-03-08,,away,holdresultat,entydig,udledt,0 hjemme- og 6 udesejre mangler blandt 6 ukendte i holdkampen; alle ukendte må være away.,complete,0,6,,,0-6,- - -,- - -,complete,DS,Gladsaxe Søborg 7,Badminton Roskilde 7,0,6,ikke relevant
324,249,491850,2026-03-08,,away,holdresultat,entydig,udledt,0 hjemme- og 6 udesejre mangler blandt 6 ukendte i holdkampen; alle ukendte må være away.,complete,0,6,,,0-6,- - -,- - -,complete,DS,Gladsaxe Søborg 7,Badminton Roskilde 7,0,6,ikke relevant
325,249,491850,2026-03-08,,away,holdresultat,entydig,udledt,0 hjemme- og 6 udesejre mangler blandt 6 ukendte i holdkampen; alle ukendte må være away.,complete,0,6,,,0-6,- - -,- - -,complete,DS,Gladsaxe Søborg 7,Badminton Roskilde 7,0,6,ikke relevant
326,249,491850,2026-03-08,,away,holdresultat,entydig,udledt,0 hjemme- og 6 udesejre mangler blandt 6 ukendte i holdkampen; alle ukendte må være away.,complete,0,6,,,0-6,- - -,- - -,complete,DS,Gladsaxe Søborg 7,Badminton Roskilde 7,0,6,ikke relevant
327,249,491850,2026-03-08,,away,holdresultat,entydig,udledt,0 hjemme- og 6 udesejre mangler blandt 6 ukendte i holdkampen; alle ukendte må være away.,complete,0,6,,,0-6,- - -,- - -,complete,DD,Gladsaxe Søborg 7,Badminton Roskilde 7,0,6,ikke relevant
328,249,491850,2026-03-08,,away,holdresultat,entydig,udledt,0 hjemme- og 6 udesejre mangler blandt 6 ukendte i holdkampen; alle ukendte må være away.,complete,0,6,,,0-6,- - -,- - -,complete,DD,Gladsaxe Søborg 7,Badminton Roskilde 7,0,6,ikke relevant
816,308,487165,2026-03-29,,home,holdresultat,entydig,udledt,2 hjemme- og 0 udesejre mangler blandt 2 ukendte i holdkampen; alle ukendte må være home.,complete,0,2,,,5-8,- - -,- - -,complete,DS,Gladsaxe Søborg 4,Lyngby 4,2,0,ikke relevant
822,308,487165,2026-03-29,,home,holdresultat,entydig,udledt,2 hjemme- og 0 udesejre mangler blandt 2 ukendte i holdkampen; alle ukendte må være home.,complete,0,2,,,5-8,- - -,- - -,complete,DD,Gladsaxe Søborg 4,Lyngby 4,2,0,ikke relevant
1076,331,487568,2026-03-29,,away,holdresultat,entydig,udledt,0 hjemme- og 1 udesejre mangler blandt 1 ukendte i holdkampen; alle ukendte må være away.,complete,0,1,,,6-7,- - -,- - -,complete,HD,Skovshoved 1,Gladsaxe Søborg 1,0,1,ikke relevant
1372,360,487374,2026-03-29,,home,holdresultat,entydig,udledt,2 hjemme- og 0 udesejre mangler blandt 2 ukendte i holdkampen; alle ukendte må være home.,complete,0,2,,,4-4,- - -,- - -,complete,MD,Hvidovre HB2000 1,Gladsaxe Søborg 1,2,0,ikke relevant
1377,360,487374,2026-03-29,,home,holdresultat,entydig,udledt,2 hjemme- og 0 udesejre mangler blandt 2 ukendte i holdkampen; alle ukendte må være home.,complete,0,2,,,4-4,- - -,- - -,complete,HD,Hvidovre HB2000 1,Gladsaxe Søborg 1,2,0,ikke relevant
