season,matchId,ageGroupId,leagueGroupId,teamName,opponent,homeAway,error,badmintonPlayerUrl
"2025","506407","2","18733","Gladsaxe Søborg 3","Farum 1","home","Internal server error","https://www.badmintonplayer.dk/DBF/HoldTurnering/Stilling/#5,2025,18733,2,1,8,,506407,1093,"
"2025","506413","2","18733","Gladsaxe Søborg 3","Kolding BK 1","away","Internal server error","https://www.badmintonplayer.dk/DBF/HoldTurnering/Stilling/#5,2025,18733,2,1,8,,506413,1093,"
"2025","506441","2","18733","Gladsaxe Søborg 3","Tranbjerg AIA 1","home","Internal server error","https://www.badmintonplayer.dk/DBF/HoldTurnering/Stilling/#5,2025,18733,2,1,8,,506441,1093,"
"2025","506838","2","18733","Gladsaxe Søborg 3","Vinding SF 2","home","Internal server error","https://www.badmintonplayer.dk/DBF/HoldTurnering/Stilling/#5,2025,18733,2,1,8,,506838,1093,"
"2025","506844","2","18733","Gladsaxe Søborg 3","Tarup-Pårup 1","home","Internal server error","https://www.badmintonplayer.dk/DBF/HoldTurnering/Stilling/#5,2025,18733,2,1,8,,506844,1093,"
"2025","506845","2","18733","Gladsaxe Søborg 3","Badminton Esbjerg 1","away","Internal server error","https://www.badmintonplayer.dk/DBF/HoldTurnering/Stilling/#5,2025,18733,2,1,8,,506845,1093,"
"2025","505211","2","18504","Gladsaxe Søborg 1","KBK Kbh. 1","away","Internal server error","https://www.badmintonplayer.dk/DBF/HoldTurnering/Stilling/#5,2025,18504,2,1,8,,505211,1093,"
"2025","505213","2","18504","Gladsaxe Søborg 1","Hillerød 1","away","Internal server error","https://www.badmintonplayer.dk/DBF/HoldTurnering/Stilling/#5,2025,18504,2,1,8,,505213,1093,"
"2025","505215","2","18504","Gladsaxe Søborg 1","Hillerød 1","away","Internal server error","https://www.badmintonplayer.dk/DBF/HoldTurnering/Stilling/#5,2025,18504,2,1,8,,505215,1093,"
"2025","505216","2","18504","Gladsaxe Søborg 1","KBK Kbh. 1","home","Internal server error","https://www.badmintonplayer.dk/DBF/HoldTurnering/Stilling/#5,2025,18504,2,1,8,,505216,1093,"
"2025","505217","2","18504","Gladsaxe Søborg 1","Hillerød 1","home","Internal server error","https://www.badmintonplayer.dk/DBF/HoldTurnering/Stilling/#5,2025,18504,2,1,8,,505217,1093,"
"2025","505219","2","18504","Gladsaxe Søborg 1","KBK Kbh. 1","home","Internal server error","https://www.badmintonplayer.dk/DBF/HoldTurnering/Stilling/#5,2025,18504,2,1,8,,505219,1093,"
"2025","494475","2","18129","Gladsaxe Søborg 1","Solrød Strand 1","away","Internal server error","https://www.badmintonplayer.dk/DBF/HoldTurnering/Stilling/#5,2025,18129,2,1,8,,494475,1093,"
"2025","494477","2","18129","Gladsaxe Søborg 1","Skovshoved 1","home","Internal server error","https://www.badmintonplayer.dk/DBF/HoldTurnering/Stilling/#5,2025,18129,2,1,8,,494477,1093,"
"2025","494479","2","18129","Gladsaxe Søborg 1","Gentofte 1","away","Internal server error","https://www.badmintonplayer.dk/DBF/HoldTurnering/Stilling/#5,2025,18129,2,1,8,,494479,1093,"
"2025","494480","2","18129","Gladsaxe Søborg 1","Hillerød 1","away","Internal server error","https://www.badmintonplayer.dk/DBF/HoldTurnering/Stilling/#5,2025,18129,2,1,8,,494480,1093,"
"2025","505242","2","18507","Gladsaxe Søborg 2","Drive 2","home","Internal server error","https://www.badmintonplayer.dk/DBF/HoldTurnering/Stilling/#5,2025,18507,2,1,8,,505242,1093,"
"2025","505244","2","18507","Gladsaxe Søborg 2","Lyngby 2","home","Internal server error","https://www.badmintonplayer.dk/DBF/HoldTurnering/Stilling/#5,2025,18507,2,1,8,,505244,1093,"
"2025","505246","2","18507","Gladsaxe Søborg 2","Lyngby 2","home","Internal server error","https://www.badmintonplayer.dk/DBF/HoldTurnering/Stilling/#5,2025,18507,2,1,8,,505246,1093,"
"2025","505248","2","18507","Gladsaxe Søborg 2","NBK Amager 1","home","Internal server error","https://www.badmintonplayer.dk/DBF/HoldTurnering/Stilling/#5,2025,18507,2,1,8,,505248,1093,"
"2025","505250","2","18507","Gladsaxe Søborg 2","NBK Amager 1","away","Internal server error","https://www.badmintonplayer.dk/DBF/HoldTurnering/Stilling/#5,2025,18507,2,1,8,,505250,1093,"
"2025","505252","2","18507","Gladsaxe Søborg 2","Drive 2","away","Internal server error","https://www.badmintonplayer.dk/DBF/HoldTurnering/Stilling/#5,2025,18507,2,1,8,,505252,1093,"
"2025","493220","2","18127","Gladsaxe Søborg 2","Hvidovre 1","home","Internal server error","https://www.badmintonplayer.dk/DBF/HoldTurnering/Stilling/#5,2025,18127,2,1,8,,493220,1093,"
"2025","493222","2","18127","Gladsaxe Søborg 2","Skovshoved 2","home","Internal server error","https://www.badmintonplayer.dk/DBF/HoldTurnering/Stilling/#5,2025,18127,2,1,8,,493222,1093,"
"2025","493224","2","18127","Gladsaxe Søborg 2","Charlottenlund 1","home","Internal server error","https://www.badmintonplayer.dk/DBF/HoldTurnering/Stilling/#5,2025,18127,2,1,8,,493224,1093,"
"2025","493225","2","18127","Gladsaxe Søborg 2","BC37 Amager 1","home","Internal server error","https://www.badmintonplayer.dk/DBF/HoldTurnering/Stilling/#5,2025,18127,2,1,8,,493225,1093,"
"2025","505230","2","18506","Gladsaxe Søborg 3","BC37 Amager 1","away","Internal server error","https://www.badmintonplayer.dk/DBF/HoldTurnering/Stilling/#5,2025,18506,2,1,8,,505230,1093,"
"2025","505232","2","18506","Gladsaxe Søborg 3","Islands Brygge 1","away","Internal server error","https://www.badmintonplayer.dk/DBF/HoldTurnering/Stilling/#5,2025,18506,2,1,8,,505232,1093,"
"2025","505234","2","18506","Gladsaxe Søborg 3","Lyngby 1","home","Internal server error","https://www.badmintonplayer.dk/DBF/HoldTurnering/Stilling/#5,2025,18506,2,1,8,,505234,1093,"
"2025","505236","2","18506","Gladsaxe Søborg 3","BC37 Amager 1","home","Internal server error","https://www.badmintonplayer.dk/DBF/HoldTurnering/Stilling/#5,2025,18506,2,1,8,,505236,1093,"
"2025","505238","2","18506","Gladsaxe Søborg 3","Islands Brygge 1","home","Internal server error","https://www.badmintonplayer.dk/DBF/HoldTurnering/Stilling/#5,2025,18506,2,1,8,,505238,1093,"
"2025","505240","2","18506","Gladsaxe Søborg 3","Lyngby 1","home","Internal server error","https://www.badmintonplayer.dk/DBF/HoldTurnering/Stilling/#5,2025,18506,2,1,8,,505240,1093,"
"2025","493230","2","18128","Gladsaxe Søborg 3","Gentofte 2","home","Internal server error","https://www.badmintonplayer.dk/DBF/HoldTurnering/Stilling/#5,2025,18128,2,1,8,,493230,1093,"
"2025","493232","2","18128","Gladsaxe Søborg 3","NBK Amager 1","home","Internal server error","https://www.badmintonplayer.dk/DBF/HoldTurnering/Stilling/#5,2025,18128,2,1,8,,493232,1093,"
"2025","493234","2","18128","Gladsaxe Søborg 3","KBK Kbh. 1","home","Internal server error","https://www.badmintonplayer.dk/DBF/HoldTurnering/Stilling/#5,2025,18128,2,1,8,,493234,1093,"
"2025","493235","2","18128","Gladsaxe Søborg 3","Valby BC 1","home","Internal server error","https://www.badmintonplayer.dk/DBF/HoldTurnering/Stilling/#5,2025,18128,2,1,8,,493235,1093,"
"2025","505254","2","18508","Gladsaxe Søborg 4","Skovshoved 3","home","Internal server error","https://www.badmintonplayer.dk/DBF/HoldTurnering/Stilling/#5,2025,18508,2,1,8,,505254,1093,"
"2025","505256","2","18508","Gladsaxe Søborg 4","Hvidovre 1","home","Internal server error","https://www.badmintonplayer.dk/DBF/HoldTurnering/Stilling/#5,2025,18508,2,1,8,,505256,1093,"
"2025","505278","2","18508","Gladsaxe Søborg 4","Valby BC 1","home","Internal server error","https://www.badmintonplayer.dk/DBF/HoldTurnering/Stilling/#5,2025,18508,2,1,8,,505278,1093,"
"2025","505280","2","18508","Gladsaxe Søborg 4","Skovshoved 3","home","Internal server error","https://www.badmintonplayer.dk/DBF/HoldTurnering/Stilling/#5,2025,18508,2,1,8,,505280,1093,"
"2025","505282","2","18508","Gladsaxe Søborg 4","Hvidovre 1","away","Internal server error","https://www.badmintonplayer.dk/DBF/HoldTurnering/Stilling/#5,2025,18508,2,1,8,,505282,1093,"
"2025","505284","2","18508","Gladsaxe Søborg 4","Valby BC 1","away","Internal server error","https://www.badmintonplayer.dk/DBF/HoldTurnering/Stilling/#5,2025,18508,2,1,8,,505284,1093,"
"2025","505294","2","18509","Gladsaxe Søborg 5","Drive 1","home","Internal server error","https://www.badmintonplayer.dk/DBF/HoldTurnering/Stilling/#5,2025,18509,2,1,8,,505294,1093,"
"2025","505296","2","18509","Gladsaxe Søborg 5","Solrød Strand 3","home","Internal server error","https://www.badmintonplayer.dk/DBF/HoldTurnering/Stilling/#5,2025,18509,2,1,8,,505296,1093,"
"2025","505299","2","18509","Gladsaxe Søborg 5","Skovshoved 2","away","Internal server error","https://www.badmintonplayer.dk/DBF/HoldTurnering/Stilling/#5,2025,18509,2,1,8,,505299,1093,"
"2025","505300","2","18509","Gladsaxe Søborg 5","Drive 1","away","Internal server error","https://www.badmintonplayer.dk/DBF/HoldTurnering/Stilling/#5,2025,18509,2,1,8,,505300,1093,"
"2025","505302","2","18509","Gladsaxe Søborg 5","Solrød Strand 3","away","Internal server error","https://www.badmintonplayer.dk/DBF/HoldTurnering/Stilling/#5,2025,18509,2,1,8,,505302,1093,"
"2025","505305","2","18509","Gladsaxe Søborg 5","Skovshoved 2","home","Internal server error","https://www.badmintonplayer.dk/DBF/HoldTurnering/Stilling/#5,2025,18509,2,1,8,,505305,1093,"
"2025","505972","3","18583","Gladsaxe Søborg 1","Hadsten BK 1","home","Internal server error","https://www.badmintonplayer.dk/DBF/HoldTurnering/Stilling/#5,2025,18583,3,1,8,,505972,1093,"
"2025","505974","3","18583","Gladsaxe Søborg 1","Badminton Roskilde 1","away","Internal server error","https://www.badmintonplayer.dk/DBF/HoldTurnering/Stilling/#5,2025,18583,3,1,8,,505974,1093,"
"2025","505975","3","18583","Gladsaxe Søborg 1","Højbjerg 2","away","Internal server error","https://www.badmintonplayer.dk/DBF/HoldTurnering/Stilling/#5,2025,18583,3,1,8,,505975,1093,"
"2025","505988","3","18697","Gladsaxe Søborg 1","Auning 1","away","Internal server error","https://www.badmintonplayer.dk/DBF/HoldTurnering/Stilling/#5,2025,18697,3,1,8,,505988,1093,"
"2025","505990","3","18697","Gladsaxe Søborg 1","Hørsholm 1","home","Internal server error","https://www.badmintonplayer.dk/DBF/HoldTurnering/Stilling/#5,2025,18697,3,1,8,,505990,1093,"
"2025","493359","3","18134","Gladsaxe Søborg 2","Islands Brygge 1","home","Internal server error","https://www.badmintonplayer.dk/DBF/HoldTurnering/Stilling/#5,2025,18134,3,1,8,,493359,1093,"
"2025","493360","3","18134","Gladsaxe Søborg 2","Lyngby 2","away","Internal server error","https://www.badmintonplayer.dk/DBF/HoldTurnering/Stilling/#5,2025,18134,3,1,8,,493360,1093,"
"2025","493363","3","18134","Gladsaxe Søborg 2","Gladsaxe Søborg 1","away","Internal server error","https://www.badmintonplayer.dk/DBF/HoldTurnering/Stilling/#5,2025,18134,3,1,8,,493363,1093,"
"2025","493364","3","18134","Gladsaxe Søborg 2","KMB2010 2","away","Internal server error","https://www.badmintonplayer.dk/DBF/HoldTurnering/Stilling/#5,2025,18134,3,1,8,,493364,1093,"
"2025","493375","3","18134","Gladsaxe Søborg 2","Vanløse 1","away","Internal server error","https://www.badmintonplayer.dk/DBF/HoldTurnering/Stilling/#5,2025,18134,3,1,8,,493375,1093,"
"2025","493376","3","18134","Gladsaxe Søborg 2","Skovshoved 2","away","Internal server error","https://www.badmintonplayer.dk/DBF/HoldTurnering/Stilling/#5,2025,18134,3,1,8,,493376,1093,"
"2025","493379","3","18134","Gladsaxe Søborg 2","Lyngby 1","home","Internal server error","https://www.badmintonplayer.dk/DBF/HoldTurnering/Stilling/#5,2025,18134,3,1,8,,493379,1093,"
"2025","493255","3","18135","Gladsaxe Søborg 3","Drive 3","away","Internal server error","https://www.badmintonplayer.dk/DBF/HoldTurnering/Stilling/#5,2025,18135,3,1,8,,493255,1093,"
"2025","493256","3","18135","Gladsaxe Søborg 3","Islands Brygge 3","home","Internal server error","https://www.badmintonplayer.dk/DBF/HoldTurnering/Stilling/#5,2025,18135,3,1,8,,493256,1093,"
"2025","493258","3","18135","Gladsaxe Søborg 3","Charlottenlund 1","home","Internal server error","https://www.badmintonplayer.dk/DBF/HoldTurnering/Stilling/#5,2025,18135,3,1,8,,493258,1093,"
"2025","493260","3","18135","Gladsaxe Søborg 3","BC37 Amager 3","home","Internal server error","https://www.badmintonplayer.dk/DBF/HoldTurnering/Stilling/#5,2025,18135,3,1,8,,493260,1093,"
"2025","493266","3","18135","Gladsaxe Søborg 3","Dragør 1","away","Internal server error","https://www.badmintonplayer.dk/DBF/HoldTurnering/Stilling/#5,2025,18135,3,1,8,,493266,1093,"
"2025","493267","3","18135","Gladsaxe Søborg 3","Drive 3","away","Internal server error","https://www.badmintonplayer.dk/DBF/HoldTurnering/Stilling/#5,2025,18135,3,1,8,,493267,1093,"
"2025","493269","3","18135","Gladsaxe Søborg 3","Islands Brygge 3","away","Internal server error","https://www.badmintonplayer.dk/DBF/HoldTurnering/Stilling/#5,2025,18135,3,1,8,,493269,1093,"
"2025","493271","3","18135","Gladsaxe Søborg 3","BC37 Amager 3","away","Internal server error","https://www.badmintonplayer.dk/DBF/HoldTurnering/Stilling/#5,2025,18135,3,1,8,,493271,1093,"
"2025","493277","3","18135","Gladsaxe Søborg 3","Charlottenlund 1","away","Internal server error","https://www.badmintonplayer.dk/DBF/HoldTurnering/Stilling/#5,2025,18135,3,1,8,,493277,1093,"
"2025","493278","3","18135","Gladsaxe Søborg 3","Dragør 1","away","Internal server error","https://www.badmintonplayer.dk/DBF/HoldTurnering/Stilling/#5,2025,18135,3,1,8,,493278,1093,"
"2025","492852","3","18138","Gladsaxe Søborg 4","NBK Amager 1","away","Internal server error","https://www.badmintonplayer.dk/DBF/HoldTurnering/Stilling/#5,2025,18138,3,1,8,,492852,1093,"
"2025","492854","3","18138","Gladsaxe Søborg 4","Dragør 2","home","Internal server error","https://www.badmintonplayer.dk/DBF/HoldTurnering/Stilling/#5,2025,18138,3,1,8,,492854,1093,"
"2025","493198","3","18138","Gladsaxe Søborg 4","NBK Amager 1","home","Internal server error","https://www.badmintonplayer.dk/DBF/HoldTurnering/Stilling/#5,2025,18138,3,1,8,,493198,1093,"
"2025","493515","3","18138","Gladsaxe Søborg 4","Charlottenlund 2","away","Internal server error","https://www.badmintonplayer.dk/DBF/HoldTurnering/Stilling/#5,2025,18138,3,1,8,,493515,1093,"
"2025","493517","3","18138","Gladsaxe Søborg 4","Frederiksberg 2","away","Internal server error","https://www.badmintonplayer.dk/DBF/HoldTurnering/Stilling/#5,2025,18138,3,1,8,,493517,1093,"
"2025","493520","3","18138","Gladsaxe Søborg 4","Charlottenlund 2","home","Internal server error","https://www.badmintonplayer.dk/DBF/HoldTurnering/Stilling/#5,2025,18138,3,1,8,,493520,1093,"
"2025","493206","3","18138","Gladsaxe Søborg 4","Dragør 2","away","Internal server error","https://www.badmintonplayer.dk/DBF/HoldTurnering/Stilling/#5,2025,18138,3,1,8,,493206,1093,"
"2025","493522","3","18138","Gladsaxe Søborg 4","Frederiksberg 2","home","Internal server error","https://www.badmintonplayer.dk/DBF/HoldTurnering/Stilling/#5,2025,18138,3,1,8,,493522,1093,"
"2025","492732","3","18133","Gladsaxe Søborg 5","KBK Kbh. 3","home","Internal server error","https://www.badmintonplayer.dk/DBF/HoldTurnering/Stilling/#5,2025,18133,3,1,8,,492732,1093,"
"2025","492734","3","18133","Gladsaxe Søborg 5","Skovshoved 4","home","Internal server error","https://www.badmintonplayer.dk/DBF/HoldTurnering/Stilling/#5,2025,18133,3,1,8,,492734,1093,"
"2025","492736","3","18133","Gladsaxe Søborg 5","KBK Kbh. 3","away","Internal server error","https://www.badmintonplayer.dk/DBF/HoldTurnering/Stilling/#5,2025,18133,3,1,8,,492736,1093,"
"2025","492737","3","18133","Gladsaxe Søborg 5","Charlottenlund 3","away","Internal server error","https://www.badmintonplayer.dk/DBF/HoldTurnering/Stilling/#5,2025,18133,3,1,8,,492737,1093,"
"2025","492738","3","18133","Gladsaxe Søborg 5","Charlottenlund 3","home","Internal server error","https://www.badmintonplayer.dk/DBF/HoldTurnering/Stilling/#5,2025,18133,3,1,8,,492738,1093,"
"2025","492739","3","18133","Gladsaxe Søborg 5","Skovshoved 4","away","Internal server error","https://www.badmintonplayer.dk/DBF/HoldTurnering/Stilling/#5,2025,18133,3,1,8,,492739,1093,"
"2025","506023","4","18604","Gladsaxe Søborg 1","Ikast 1","home","Internal server error","https://www.badmintonplayer.dk/DBF/HoldTurnering/Stilling/#5,2025,18604,4,1,8,,506023,1093,"
"2025","506025","4","18604","Gladsaxe Søborg 1","Nørhalne 1","away","Internal server error","https://www.badmintonplayer.dk/DBF/HoldTurnering/Stilling/#5,2025,18604,4,1,8,,506025,1093,"
"2025","506027","4","18604","Gladsaxe Søborg 1","Hørsholm 1","home","Internal server error","https://www.badmintonplayer.dk/DBF/HoldTurnering/Stilling/#5,2025,18604,4,1,8,,506027,1093,"
"2025","506361","4","18702","Gladsaxe Søborg 1","Odense OBK 2","away","Internal server error","https://www.badmintonplayer.dk/DBF/HoldTurnering/Stilling/#5,2025,18702,4,1,8,,506361,1093,"
"2025","506363","4","18702","Gladsaxe Søborg 1","Hørning IF 1","home","Internal server error","https://www.badmintonplayer.dk/DBF/HoldTurnering/Stilling/#5,2025,18702,4,1,8,,506363,1093,"
"2025","487893","4","17987","Gladsaxe Søborg 1","Lyngby 5","home","Internal server error","https://www.badmintonplayer.dk/DBF/HoldTurnering/Stilling/#5,2025,17987,4,1,8,,487893,1093,"
"2025","487902","4","17987","Gladsaxe Søborg 1","Drive 1","home","Internal server error","https://www.badmintonplayer.dk/DBF/HoldTurnering/Stilling/#5,2025,17987,4,1,8,,487902,1093,"
"2025","506461","4","18610","Gladsaxe Søborg 2","VBK‑Gistrup 1","home","Internal server error","https://www.badmintonplayer.dk/DBF/HoldTurnering/Stilling/#5,2025,18610,4,1,8,,506461,1093,"
"2025","506463","4","18610","Gladsaxe Søborg 2","Glostrup 1","home","Internal server error","https://www.badmintonplayer.dk/DBF/HoldTurnering/Stilling/#5,2025,18610,4,1,8,,506463,1093,"
"2025","506465","4","18610","Gladsaxe Søborg 2","Lystrup 1","home","Internal server error","https://www.badmintonplayer.dk/DBF/HoldTurnering/Stilling/#5,2025,18610,4,1,8,,506465,1093,"
"2025","506483","4","18735","Gladsaxe Søborg 2","Dragør 1","away","Internal server error","https://www.badmintonplayer.dk/DBF/HoldTurnering/Stilling/#5,2025,18735,4,1,8,,506483,1093,"
"2025","506490","4","18739","Gladsaxe Søborg 2","Skødstrup 1","away","Internal server error","https://www.badmintonplayer.dk/DBF/HoldTurnering/Stilling/#5,2025,18739,4,1,8,,506490,1093,"
"2025","506492","4","18739","Gladsaxe Søborg 2","Birkerød BK13 1","home","Internal server error","https://www.badmintonplayer.dk/DBF/HoldTurnering/Stilling/#5,2025,18739,4,1,8,,506492,1093,"
"2025","490145","4","17993","Gladsaxe Søborg 2","Gentofte 3","away","Internal server error","https://www.badmintonplayer.dk/DBF/HoldTurnering/Stilling/#5,2025,17993,4,1,8,,490145,1093,"
"2025","488009","4","17993","Gladsaxe Søborg 2","Gentofte 2","home","Internal server error","https://www.badmintonplayer.dk/DBF/HoldTurnering/Stilling/#5,2025,17993,4,1,8,,488009,1093,"
"2025","506467","4","18611","Gladsaxe Søborg 3","Sdr. Hygum 1","home","Internal server error","https://www.badmintonplayer.dk/DBF/HoldTurnering/Stilling/#5,2025,18611,4,1,8,,506467,1093,"
"2025","506469","4","18611","Gladsaxe Søborg 3","Herlev/Hjorten 2","home","Internal server error","https://www.badmintonplayer.dk/DBF/HoldTurnering/Stilling/#5,2025,18611,4,1,8,,506469,1093,"
"2025","506471","4","18611","Gladsaxe Søborg 3","Kolding BK 1","home","Internal server error","https://www.badmintonplayer.dk/DBF/HoldTurnering/Stilling/#5,2025,18611,4,1,8,,506471,1093,"
"2025","506499","4","18740","Gladsaxe Søborg 3","Hørsholm 2","home","Internal server error","https://www.badmintonplayer.dk/DBF/HoldTurnering/Stilling/#5,2025,18740,4,1,8,,506499,1093,"
"2025","506503","4","18740","Gladsaxe Søborg 3","Nyborg 1","home","Internal server error","https://www.badmintonplayer.dk/DBF/HoldTurnering/Stilling/#5,2025,18740,4,1,8,,506503,1093,"
"2025","492875","4","18139","Gladsaxe Søborg 3","KBK Kbh. 3","away","Internal server error","https://www.badmintonplayer.dk/DBF/HoldTurnering/Stilling/#5,2025,18139,4,1,8,,492875,1093,"
"2025","493408","4","18139","Gladsaxe Søborg 3","KMB2010 2","away","Internal server error","https://www.badmintonplayer.dk/DBF/HoldTurnering/Stilling/#5,2025,18139,4,1,8,,493408,1093,"
"2025","493415","4","18139","Gladsaxe Søborg 3","Hvidovre 2","away","Internal server error","https://www.badmintonplayer.dk/DBF/HoldTurnering/Stilling/#5,2025,18139,4,1,8,,493415,1093,"
"2025","493416","4","18139","Gladsaxe Søborg 3","Hvidovre 3","home","Internal server error","https://www.badmintonplayer.dk/DBF/HoldTurnering/Stilling/#5,2025,18139,4,1,8,,493416,1093,"
"2025","493418","4","18139","Gladsaxe Søborg 3","KMB2010 2","away","Internal server error","https://www.badmintonplayer.dk/DBF/HoldTurnering/Stilling/#5,2025,18139,4,1,8,,493418,1093,"
"2025","493420","4","18139","Gladsaxe Søborg 3","Islands Brygge 2","home","Internal server error","https://www.badmintonplayer.dk/DBF/HoldTurnering/Stilling/#5,2025,18139,4,1,8,,493420,1093,"
"2025","493422","4","18139","Gladsaxe Søborg 3","KBK Kbh. 3","home","Internal server error","https://www.badmintonplayer.dk/DBF/HoldTurnering/Stilling/#5,2025,18139,4,1,8,,493422,1093,"
"2025","493424","4","18139","Gladsaxe Søborg 3","Hvidovre 3","home","Internal server error","https://www.badmintonplayer.dk/DBF/HoldTurnering/Stilling/#5,2025,18139,4,1,8,,493424,1093,"
"2025","493428","4","18139","Gladsaxe Søborg 3","Hvidovre 2","home","Internal server error","https://www.badmintonplayer.dk/DBF/HoldTurnering/Stilling/#5,2025,18139,4,1,8,,493428,1093,"
"2025","493430","4","18139","Gladsaxe Søborg 3","Islands Brygge 2","home","Internal server error","https://www.badmintonplayer.dk/DBF/HoldTurnering/Stilling/#5,2025,18139,4,1,8,,493430,1093,"
"2025","494385","4","18142","Gladsaxe Søborg 7","Drive 4","away","Internal server error","https://www.badmintonplayer.dk/DBF/HoldTurnering/Stilling/#5,2025,18142,4,1,8,,494385,1093,"
"2025","494386","4","18142","Gladsaxe Søborg 7","Hvidovre 4","home","Internal server error","https://www.badmintonplayer.dk/DBF/HoldTurnering/Stilling/#5,2025,18142,4,1,8,,494386,1093,"
"2025","492918","4","18142","Gladsaxe Søborg 7","Gladsaxe Søborg 4","home","Internal server error","https://www.badmintonplayer.dk/DBF/HoldTurnering/Stilling/#5,2025,18142,4,1,8,,492918,1093,"
"2025","492919","4","18142","Gladsaxe Søborg 7","Skovshoved 3","away","Internal server error","https://www.badmintonplayer.dk/DBF/HoldTurnering/Stilling/#5,2025,18142,4,1,8,,492919,1093,"
"2025","493569","4","18142","Gladsaxe Søborg 7","Hvidovre 4","away","Internal server error","https://www.badmintonplayer.dk/DBF/HoldTurnering/Stilling/#5,2025,18142,4,1,8,,493569,1093,"
"2025","493572","4","18142","Gladsaxe Søborg 7","NBK Amager 1","home","Internal server error","https://www.badmintonplayer.dk/DBF/HoldTurnering/Stilling/#5,2025,18142,4,1,8,,493572,1093,"
"2025","492929","4","18142","Gladsaxe Søborg 7","Skovshoved 3","home","Internal server error","https://www.badmintonplayer.dk/DBF/HoldTurnering/Stilling/#5,2025,18142,4,1,8,,492929,1093,"
"2025","492931","4","18142","Gladsaxe Søborg 7","NBK Amager 1","away","Internal server error","https://www.badmintonplayer.dk/DBF/HoldTurnering/Stilling/#5,2025,18142,4,1,8,,492931,1093,"
"2025","493579","4","18142","Gladsaxe Søborg 7","Gladsaxe Søborg 4","away","Internal server error","https://www.badmintonplayer.dk/DBF/HoldTurnering/Stilling/#5,2025,18142,4,1,8,,493579,1093,"
"2025","493580","4","18142","Gladsaxe Søborg 7","Drive 4","home","Internal server error","https://www.badmintonplayer.dk/DBF/HoldTurnering/Stilling/#5,2025,18142,4,1,8,,493580,1093,"
"2025","506569","4","18594","Gladsaxe Søborg 5","Team Work Nordjylland abc... 1","home","Internal server error","https://www.badmintonplayer.dk/DBF/HoldTurnering/Stilling/#5,2025,18594,4,1,8,,506569,1093,"
"2025","493590","4","18143","Gladsaxe Søborg 5","BC37 Amager 4","away","Internal server error","https://www.badmintonplayer.dk/DBF/HoldTurnering/Stilling/#5,2025,18143,4,1,8,,493590,1093,"
"2025","493591","4","18143","Gladsaxe Søborg 5","Lyngby 4","home","Internal server error","https://www.badmintonplayer.dk/DBF/HoldTurnering/Stilling/#5,2025,18143,4,1,8,,493591,1093,"
"2025","492948","4","18143","Gladsaxe Søborg 5","Dragør 1","away","Internal server error","https://www.badmintonplayer.dk/DBF/HoldTurnering/Stilling/#5,2025,18143,4,1,8,,492948,1093,"
"2025","492950","4","18143","Gladsaxe Søborg 5","Frederiksberg 4","home","Internal server error","https://www.badmintonplayer.dk/DBF/HoldTurnering/Stilling/#5,2025,18143,4,1,8,,492950,1093,"
"2025","492954","4","18143","Gladsaxe Søborg 5","Drive 5","home","Internal server error","https://www.badmintonplayer.dk/DBF/HoldTurnering/Stilling/#5,2025,18143,4,1,8,,492954,1093,"
"2025","492957","4","18143","Gladsaxe Søborg 5","Lyngby 4","away","Internal server error","https://www.badmintonplayer.dk/DBF/HoldTurnering/Stilling/#5,2025,18143,4,1,8,,492957,1093,"
"2025","493596","4","18143","Gladsaxe Søborg 5","Frederiksberg 4","away","Internal server error","https://www.badmintonplayer.dk/DBF/HoldTurnering/Stilling/#5,2025,18143,4,1,8,,493596,1093,"
"2025","493597","4","18143","Gladsaxe Søborg 5","BC37 Amager 4","home","Internal server error","https://www.badmintonplayer.dk/DBF/HoldTurnering/Stilling/#5,2025,18143,4,1,8,,493597,1093,"
"2025","493599","4","18143","Gladsaxe Søborg 5","Dragør 1","home","Internal server error","https://www.badmintonplayer.dk/DBF/HoldTurnering/Stilling/#5,2025,18143,4,1,8,,493599,1093,"
"2025","493601","4","18143","Gladsaxe Søborg 5","Drive 5","away","Internal server error","https://www.badmintonplayer.dk/DBF/HoldTurnering/Stilling/#5,2025,18143,4,1,8,,493601,1093,"
"2025","493610","4","18144","Gladsaxe Søborg 6","Dragør 2","away","Internal server error","https://www.badmintonplayer.dk/DBF/HoldTurnering/Stilling/#5,2025,18144,4,1,8,,493610,1093,"
"2025","493611","4","18144","Gladsaxe Søborg 6","Charlottenlund 1","home","Internal server error","https://www.badmintonplayer.dk/DBF/HoldTurnering/Stilling/#5,2025,18144,4,1,8,,493611,1093,"
"2025","493614","4","18144","Gladsaxe Søborg 6","Islands Brygge 3","away","Internal server error","https://www.badmintonplayer.dk/DBF/HoldTurnering/Stilling/#5,2025,18144,4,1,8,,493614,1093,"
"2025","493615","4","18144","Gladsaxe Søborg 6","Dragør 2","home","Internal server error","https://www.badmintonplayer.dk/DBF/HoldTurnering/Stilling/#5,2025,18144,4,1,8,,493615,1093,"
"2025","493617","4","18144","Gladsaxe Søborg 6","KMB2010 4","home","Internal server error","https://www.badmintonplayer.dk/DBF/HoldTurnering/Stilling/#5,2025,18144,4,1,8,,493617,1093,"
"2025","493620","4","18144","Gladsaxe Søborg 6","Charlottenlund 1","away","Internal server error","https://www.badmintonplayer.dk/DBF/HoldTurnering/Stilling/#5,2025,18144,4,1,8,,493620,1093,"
"2025","493621","4","18144","Gladsaxe Søborg 6","KMB2010 4","away","Internal server error","https://www.badmintonplayer.dk/DBF/HoldTurnering/Stilling/#5,2025,18144,4,1,8,,493621,1093,"
"2025","493624","4","18144","Gladsaxe Søborg 6","Islands Brygge 3","home","Internal server error","https://www.badmintonplayer.dk/DBF/HoldTurnering/Stilling/#5,2025,18144,4,1,8,,493624,1093,"
"2025","487676","4","17982","Gladsaxe Søborg 7","Solrød Strand 7","home","Internal server error","https://www.badmintonplayer.dk/DBF/HoldTurnering/Stilling/#5,2025,17982,4,1,8,,487676,1093,"
"2025","494399","4","18141","Gladsaxe Søborg 8","KBK Kbh. 4","away","Internal server error","https://www.badmintonplayer.dk/DBF/HoldTurnering/Stilling/#5,2025,18141,4,1,8,,494399,1093,"
"2025","494402","4","18141","Gladsaxe Søborg 8","Lyngby 5","home","Internal server error","https://www.badmintonplayer.dk/DBF/HoldTurnering/Stilling/#5,2025,18141,4,1,8,,494402,1093,"
"2025","494407","4","18141","Gladsaxe Søborg 8","BC37 Amager 5","away","Internal server error","https://www.badmintonplayer.dk/DBF/HoldTurnering/Stilling/#5,2025,18141,4,1,8,,494407,1093,"
"2025","494409","4","18141","Gladsaxe Søborg 8","NBK Amager 2","away","Internal server error","https://www.badmintonplayer.dk/DBF/HoldTurnering/Stilling/#5,2025,18141,4,1,8,,494409,1093,"
"2025","494411","4","18141","Gladsaxe Søborg 8","FKIF Frederiksberg 1","home","Internal server error","https://www.badmintonplayer.dk/DBF/HoldTurnering/Stilling/#5,2025,18141,4,1,8,,494411,1093,"
"2025","494413","4","18141","Gladsaxe Søborg 8","KMB2010 6","away","Internal server error","https://www.badmintonplayer.dk/DBF/HoldTurnering/Stilling/#5,2025,18141,4,1,8,,494413,1093,"
"2025","487689","4","17985","Gladsaxe Søborg 8","Herlev/Hjorten 1","home","Internal server error","https://www.badmintonplayer.dk/DBF/HoldTurnering/Stilling/#5,2025,17985,4,1,8,,487689,1093,"
"2025","487691","4","17985","Gladsaxe Søborg 8","KMB2010 7","away","Internal server error","https://www.badmintonplayer.dk/DBF/HoldTurnering/Stilling/#5,2025,17985,4,1,8,,487691,1093,"
"2025","487692","4","17988","Gladsaxe Søborg 9","Sorø 1","away","Internal server error","https://www.badmintonplayer.dk/DBF/HoldTurnering/Stilling/#5,2025,17988,4,1,8,,487692,1093,"
"2025","506122","5","18632","Gladsaxe Søborg 1","Herning 2","home","Internal server error","https://www.badmintonplayer.dk/DBF/HoldTurnering/Stilling/#5,2025,18632,5,1,8,,506122,1093,"
"2025","506124","5","18632","Gladsaxe Søborg 1","Svenstrup 2","away","Internal server error","https://www.badmintonplayer.dk/DBF/HoldTurnering/Stilling/#5,2025,18632,5,1,8,,506124,1093,"
"2025","506126","5","18632","Gladsaxe Søborg 1","Karlslunde 1","home","Internal server error","https://www.badmintonplayer.dk/DBF/HoldTurnering/Stilling/#5,2025,18632,5,1,8,,506126,1093,"
"2025","506729","5","18708","Gladsaxe Søborg 1","Birkerød BK13","away","Internal server error","https://www.badmintonplayer.dk/DBF/HoldTurnering/Stilling/#5,2025,18708,5,1,8,,506729,1093,"
"2025","506730","5","18708","Gladsaxe Søborg 1","Højbjerg","away","Internal server error","https://www.badmintonplayer.dk/DBF/HoldTurnering/Stilling/#5,2025,18708,5,1,8,,506730,1093,"
"2025","487798","5","18002","Gladsaxe Søborg 1","Drive 2","home","Internal server error","https://www.badmintonplayer.dk/DBF/HoldTurnering/Stilling/#5,2025,18002,5,1,8,,487798,1093,"
"2025","506201","5","18623","Gladsaxe Søborg 2","Oksbøl Badminton Klub 1","away","Internal server error","https://www.badmintonplayer.dk/DBF/HoldTurnering/Stilling/#5,2025,18623,5,1,8,,506201,1093,"
"2025","506202","5","18623","Gladsaxe Søborg 2","Tarup-Pårup 2","home","Internal server error","https://www.badmintonplayer.dk/DBF/HoldTurnering/Stilling/#5,2025,18623,5,1,8,,506202,1093,"
"2025","506659","5","18716","Gladsaxe Søborg 2","Slangerup 1","home","Internal server error","https://www.badmintonplayer.dk/DBF/HoldTurnering/Stilling/#5,2025,18716,5,1,8,,506659,1093,"
"2025","506661","5","18716","Gladsaxe Søborg 2","Lystrup 1","home","Internal server error","https://www.badmintonplayer.dk/DBF/HoldTurnering/Stilling/#5,2025,18716,5,1,8,,506661,1093,"
"2025","493884","5","18145","Gladsaxe Søborg 2","Valby BC 1","home","Internal server error","https://www.badmintonplayer.dk/DBF/HoldTurnering/Stilling/#5,2025,18145,5,1,8,,493884,1093,"
"2025","493887","5","18145","Gladsaxe Søborg 2","Islands Brygge 1","away","Internal server error","https://www.badmintonplayer.dk/DBF/HoldTurnering/Stilling/#5,2025,18145,5,1,8,,493887,1093,"
"2025","493897","5","18145","Gladsaxe Søborg 2","FKIF Frederiksberg 1","home","Internal server error","https://www.badmintonplayer.dk/DBF/HoldTurnering/Stilling/#5,2025,18145,5,1,8,,493897,1093,"
"2025","493905","5","18145","Gladsaxe Søborg 2","Hvidovre 2","away","Internal server error","https://www.badmintonplayer.dk/DBF/HoldTurnering/Stilling/#5,2025,18145,5,1,8,,493905,1093,"
"2025","493907","5","18145","Gladsaxe Søborg 2","BC37 Amager 2","home","Internal server error","https://www.badmintonplayer.dk/DBF/HoldTurnering/Stilling/#5,2025,18145,5,1,8,,493907,1093,"
"2025","493915","5","18145","Gladsaxe Søborg 2","Dragør 1","away","Internal server error","https://www.badmintonplayer.dk/DBF/HoldTurnering/Stilling/#5,2025,18145,5,1,8,,493915,1093,"
"2025","493917","5","18145","Gladsaxe Søborg 2","Skovshoved 3","home","Internal server error","https://www.badmintonplayer.dk/DBF/HoldTurnering/Stilling/#5,2025,18145,5,1,8,,493917,1093,"
"2025","493926","5","18145","Gladsaxe Søborg 2","Frederiksberg 1","home","Internal server error","https://www.badmintonplayer.dk/DBF/HoldTurnering/Stilling/#5,2025,18145,5,1,8,,493926,1093,"
"2025","493927","5","18145","Gladsaxe Søborg 2","KMB2010 3","away","Internal server error","https://www.badmintonplayer.dk/DBF/HoldTurnering/Stilling/#5,2025,18145,5,1,8,,493927,1093,"
"2025","506724","5","18763","Gladsaxe Søborg 3","Herlev/Hjorten 4","home","Internal server error","https://www.badmintonplayer.dk/DBF/HoldTurnering/Stilling/#5,2025,18763,5,1,8,,506724,1093,"
"2025","489566","5","17978","Gladsaxe Søborg 3","Holbæk 1","home","Internal server error","https://www.badmintonplayer.dk/DBF/HoldTurnering/Stilling/#5,2025,17978,5,1,8,,489566,1093,"
"2025","493929","5","18148","Gladsaxe Søborg 4","BC37 Amager 3","home","Internal server error","https://www.badmintonplayer.dk/DBF/HoldTurnering/Stilling/#5,2025,18148,5,1,8,,493929,1093,"
"2025","493936","5","18148","Gladsaxe Søborg 4","Valby BC 2","away","Internal server error","https://www.badmintonplayer.dk/DBF/HoldTurnering/Stilling/#5,2025,18148,5,1,8,,493936,1093,"
"2025","493937","5","18148","Gladsaxe Søborg 4","Vanløse 1","home","Internal server error","https://www.badmintonplayer.dk/DBF/HoldTurnering/Stilling/#5,2025,18148,5,1,8,,493937,1093,"
"2025","493940","5","18148","Gladsaxe Søborg 4","Valby BC 2","home","Internal server error","https://www.badmintonplayer.dk/DBF/HoldTurnering/Stilling/#5,2025,18148,5,1,8,,493940,1093,"
"2025","493941","5","18148","Gladsaxe Søborg 4","Hvidovre 3","away","Internal server error","https://www.badmintonplayer.dk/DBF/HoldTurnering/Stilling/#5,2025,18148,5,1,8,,493941,1093,"
"2025","493944","5","18148","Gladsaxe Søborg 4","Vanløse 1","away","Internal server error","https://www.badmintonplayer.dk/DBF/HoldTurnering/Stilling/#5,2025,18148,5,1,8,,493944,1093,"
"2025","493945","5","18148","Gladsaxe Søborg 4","Hvidovre 3","home","Internal server error","https://www.badmintonplayer.dk/DBF/HoldTurnering/Stilling/#5,2025,18148,5,1,8,,493945,1093,"
"2025","493947","5","18148","Gladsaxe Søborg 4","BC37 Amager 3","away","Internal server error","https://www.badmintonplayer.dk/DBF/HoldTurnering/Stilling/#5,2025,18148,5,1,8,,493947,1093,"
"2025","493967","5","18149","Gladsaxe Søborg 5","Skovshoved 4","away","Internal server error","https://www.badmintonplayer.dk/DBF/HoldTurnering/Stilling/#5,2025,18149,5,1,8,,493967,1093,"
"2025","493968","5","18149","Gladsaxe Søborg 5","KBK Kbh. 3","home","Internal server error","https://www.badmintonplayer.dk/DBF/HoldTurnering/Stilling/#5,2025,18149,5,1,8,,493968,1093,"
"2025","493978","5","18149","Gladsaxe Søborg 5","Drive 6","home","Internal server error","https://www.badmintonplayer.dk/DBF/HoldTurnering/Stilling/#5,2025,18149,5,1,8,,493978,1093,"
"2025","493979","5","18149","Gladsaxe Søborg 5","KBK Kbh. 3","away","Internal server error","https://www.badmintonplayer.dk/DBF/HoldTurnering/Stilling/#5,2025,18149,5,1,8,,493979,1093,"
"2025","493985","5","18149","Gladsaxe Søborg 5","Islands Brygge 2","away","Internal server error","https://www.badmintonplayer.dk/DBF/HoldTurnering/Stilling/#5,2025,18149,5,1,8,,493985,1093,"
"2025","493987","5","18149","Gladsaxe Søborg 5","BC37 Amager 4","away","Internal server error","https://www.badmintonplayer.dk/DBF/HoldTurnering/Stilling/#5,2025,18149,5,1,8,,493987,1093,"
"2025","493991","5","18149","Gladsaxe Søborg 5","Drive 6","away","Internal server error","https://www.badmintonplayer.dk/DBF/HoldTurnering/Stilling/#5,2025,18149,5,1,8,,493991,1093,"
"2025","493993","5","18149","Gladsaxe Søborg 5","Dragør 3","home","Internal server error","https://www.badmintonplayer.dk/DBF/HoldTurnering/Stilling/#5,2025,18149,5,1,8,,493993,1093,"
"2025","493998","5","18149","Gladsaxe Søborg 5","Skovshoved 4","home","Internal server error","https://www.badmintonplayer.dk/DBF/HoldTurnering/Stilling/#5,2025,18149,5,1,8,,493998,1093,"
"2025","494000","5","18149","Gladsaxe Søborg 5","BC37 Amager 4","home","Internal server error","https://www.badmintonplayer.dk/DBF/HoldTurnering/Stilling/#5,2025,18149,5,1,8,,494000,1093,"
"2025","494003","5","18149","Gladsaxe Søborg 5","Dragør 3","away","Internal server error","https://www.badmintonplayer.dk/DBF/HoldTurnering/Stilling/#5,2025,18149,5,1,8,,494003,1093,"
"2025","494004","5","18149","Gladsaxe Søborg 5","Islands Brygge 2","away","Internal server error","https://www.badmintonplayer.dk/DBF/HoldTurnering/Stilling/#5,2025,18149,5,1,8,,494004,1093,"
"2025","494085","5","18150","Gladsaxe Søborg 6","Islands Brygge 3","away","Internal server error","https://www.badmintonplayer.dk/DBF/HoldTurnering/Stilling/#5,2025,18150,5,1,8,,494085,1093,"
"2025","494087","5","18150","Gladsaxe Søborg 6","Charlottenlund 2","away","Internal server error","https://www.badmintonplayer.dk/DBF/HoldTurnering/Stilling/#5,2025,18150,5,1,8,,494087,1093,"
"2025","494089","5","18150","Gladsaxe Søborg 6","Dragør 2","away","Internal server error","https://www.badmintonplayer.dk/DBF/HoldTurnering/Stilling/#5,2025,18150,5,1,8,,494089,1093,"
"2025","494090","5","18150","Gladsaxe Søborg 6","Islands Brygge 3","away","Internal server error","https://www.badmintonplayer.dk/DBF/HoldTurnering/Stilling/#5,2025,18150,5,1,8,,494090,1093,"
"2025","494098","5","18150","Gladsaxe Søborg 6","Frederiksberg 2","home","Internal server error","https://www.badmintonplayer.dk/DBF/HoldTurnering/Stilling/#5,2025,18150,5,1,8,,494098,1093,"
"2025","494100","5","18150","Gladsaxe Søborg 6","Charlottenlund 2","home","Internal server error","https://www.badmintonplayer.dk/DBF/HoldTurnering/Stilling/#5,2025,18150,5,1,8,,494100,1093,"
"2025","494106","5","18150","Gladsaxe Søborg 6","Valby BC 3","home","Internal server error","https://www.badmintonplayer.dk/DBF/HoldTurnering/Stilling/#5,2025,18150,5,1,8,,494106,1093,"
"2025","494107","5","18150","Gladsaxe Søborg 6","NBK Amager 2","away","Internal server error","https://www.badmintonplayer.dk/DBF/HoldTurnering/Stilling/#5,2025,18150,5,1,8,,494107,1093,"
"2025","494112","5","18150","Gladsaxe Søborg 6","Valby BC 3","away","Internal server error","https://www.badmintonplayer.dk/DBF/HoldTurnering/Stilling/#5,2025,18150,5,1,8,,494112,1093,"
"2025","494114","5","18150","Gladsaxe Søborg 6","Dragør 2","away","Internal server error","https://www.badmintonplayer.dk/DBF/HoldTurnering/Stilling/#5,2025,18150,5,1,8,,494114,1093,"
"2025","494116","5","18150","Gladsaxe Søborg 6","Frederiksberg 2","away","Internal server error","https://www.badmintonplayer.dk/DBF/HoldTurnering/Stilling/#5,2025,18150,5,1,8,,494116,1093,"
"2025","494117","5","18150","Gladsaxe Søborg 6","NBK Amager 2","home","Internal server error","https://www.badmintonplayer.dk/DBF/HoldTurnering/Stilling/#5,2025,18150,5,1,8,,494117,1093,"
"2025","487724","5","17996","Gladsaxe Søborg 8","Herlev/Hjorten 2","away","Internal server error","https://www.badmintonplayer.dk/DBF/HoldTurnering/Stilling/#5,2025,17996,5,1,8,,487724,1093,"
"2025","494334","18","18154","Gladsaxe Søborg 1","Dragør 1","away","Internal server error","https://www.badmintonplayer.dk/DBF/HoldTurnering/Stilling/#5,2025,18154,18,1,8,,494334,1093,"
"2025","494335","18","18154","Gladsaxe Søborg 1","Vanløse 2","home","Internal server error","https://www.badmintonplayer.dk/DBF/HoldTurnering/Stilling/#5,2025,18154,18,1,8,,494335,1093,"
"2025","494336","18","18154","Gladsaxe Søborg 1","KBK Kbh. 3","away","Internal server error","https://www.badmintonplayer.dk/DBF/HoldTurnering/Stilling/#5,2025,18154,18,1,8,,494336,1093,"
"2025","494337","18","18154","Gladsaxe Søborg 1","Frederiksberg 1","home","Internal server error","https://www.badmintonplayer.dk/DBF/HoldTurnering/Stilling/#5,2025,18154,18,1,8,,494337,1093,"
"2025","494347","18","18154","Gladsaxe Søborg 1","NBK Amager 2","away","Internal server error","https://www.badmintonplayer.dk/DBF/HoldTurnering/Stilling/#5,2025,18154,18,1,8,,494347,1093,"
"2025","494348","18","18154","Gladsaxe Søborg 1","FKIF Frederiksberg 1","home","Internal server error","https://www.badmintonplayer.dk/DBF/HoldTurnering/Stilling/#5,2025,18154,18,1,8,,494348,1093,"
"2025","492129","18","18122","Gladsaxe Søborg 2","Rødovre 1","home","Internal server error","https://www.badmintonplayer.dk/DBF/HoldTurnering/Stilling/#5,2025,18122,18,1,8,,492129,1093,"
"2025","492293","18","18122","Gladsaxe Søborg 2","Vallensbæk 2","away","Internal server error","https://www.badmintonplayer.dk/DBF/HoldTurnering/Stilling/#5,2025,18122,18,1,8,,492293,1093,"
"2025","492136","18","18122","Gladsaxe Søborg 2","Charlottenlund 1","away","Internal server error","https://www.badmintonplayer.dk/DBF/HoldTurnering/Stilling/#5,2025,18122,18,1,8,,492136,1093,"
"2025","492138","18","18122","Gladsaxe Søborg 2","Drive 3","home","Internal server error","https://www.badmintonplayer.dk/DBF/HoldTurnering/Stilling/#5,2025,18122,18,1,8,,492138,1093,"
"2025","492297","18","18122","Gladsaxe Søborg 2","Drive 3","away","Internal server error","https://www.badmintonplayer.dk/DBF/HoldTurnering/Stilling/#5,2025,18122,18,1,8,,492297,1093,"
"2025","492298","18","18122","Gladsaxe Søborg 2","Vallensbæk 2","home","Internal server error","https://www.badmintonplayer.dk/DBF/HoldTurnering/Stilling/#5,2025,18122,18,1,8,,492298,1093,"
"2025","492141","18","18122","Gladsaxe Søborg 2","NBK Amager 3","away","Internal server error","https://www.badmintonplayer.dk/DBF/HoldTurnering/Stilling/#5,2025,18122,18,1,8,,492141,1093,"
"2025","492142","18","18122","Gladsaxe Søborg 2","FKIF Frederiksberg 2","home","Internal server error","https://www.badmintonplayer.dk/DBF/HoldTurnering/Stilling/#5,2025,18122,18,1,8,,492142,1093,"
"2025","492154","18","18122","Gladsaxe Søborg 2","Charlottenlund 1","home","Internal server error","https://www.badmintonplayer.dk/DBF/HoldTurnering/Stilling/#5,2025,18122,18,1,8,,492154,1093,"
"2025","492155","18","18122","Gladsaxe Søborg 2","FKIF Frederiksberg 2","away","Internal server error","https://www.badmintonplayer.dk/DBF/HoldTurnering/Stilling/#5,2025,18122,18,1,8,,492155,1093,"
"2025","492161","18","18122","Gladsaxe Søborg 2","NBK Amager 3","home","Internal server error","https://www.badmintonplayer.dk/DBF/HoldTurnering/Stilling/#5,2025,18122,18,1,8,,492161,1093,"
"2025","492163","18","18122","Gladsaxe Søborg 2","Rødovre 1","away","Internal server error","https://www.badmintonplayer.dk/DBF/HoldTurnering/Stilling/#5,2025,18122,18,1,8,,492163,1093,"
"2025","487735","18","17999","Gladsaxe Søborg 3","SAIF Kbh. 1","away","Internal server error","https://www.badmintonplayer.dk/DBF/HoldTurnering/Stilling/#5,2025,17999,18,1,8,,487735,1093,"
"2025","486396","9","17955","Gladsaxe Søborg 4","Tingbjerg 2","away","Could not find any players on match","https://www.badmintonplayer.dk/DBF/HoldTurnering/Stilling/#5,2025,17955,9,1,8,,486396,1093,"
"2025","487423","13","17963","Gladsaxe Søborg 2","BK36 Kbh. 1","home","Internal server error","https://www.badmintonplayer.dk/DBF/HoldTurnering/Stilling/#5,2025,17963,13,1,8,,487423,1093,"
"2025","486774","13","17963","Gladsaxe Søborg 2","KMB2010 1","away","Internal server error","https://www.badmintonplayer.dk/DBF/HoldTurnering/Stilling/#5,2025,17963,13,1,8,,486774,1093,"
"2025","486778","13","17963","Gladsaxe Søborg 2","Lyngby 2","away","Internal server error","https://www.badmintonplayer.dk/DBF/HoldTurnering/Stilling/#5,2025,17963,13,1,8,,486778,1093,"
"2025","486783","13","17963","Gladsaxe Søborg 2","Hvidovre HB2000 1","home","Internal server error","https://www.badmintonplayer.dk/DBF/HoldTurnering/Stilling/#5,2025,17963,13,1,8,,486783,1093,"
"2025","487435","13","17963","Gladsaxe Søborg 2","Vanløse 1","home","Internal server error","https://www.badmintonplayer.dk/DBF/HoldTurnering/Stilling/#5,2025,17963,13,1,8,,487435,1093,"
"2025","487440","13","17963","Gladsaxe Søborg 2","Frederiksberg 2","home","Internal server error","https://www.badmintonplayer.dk/DBF/HoldTurnering/Stilling/#5,2025,17963,13,1,8,,487440,1093,"
"2025","487443","13","17963","Gladsaxe Søborg 2","FKIF Frederiksberg 2","away","Internal server error","https://www.badmintonplayer.dk/DBF/HoldTurnering/Stilling/#5,2025,17963,13,1,8,,487443,1093,"
"2025","486803","13","17963","Gladsaxe Søborg 2","Frederiksberg 1","away","Internal server error","https://www.badmintonplayer.dk/DBF/HoldTurnering/Stilling/#5,2025,17963,13,1,8,,486803,1093,"
"2025","487451","17","17965","Gladsaxe Søborg 1","NBK Amager 1","home","Internal server error","https://www.badmintonplayer.dk/DBF/HoldTurnering/Stilling/#5,2025,17965,17,1,8,,487451,1093,"
"2025","487456","17","17965","Gladsaxe Søborg 1","FKIF Frederiksberg 2","away","Internal server error","https://www.badmintonplayer.dk/DBF/HoldTurnering/Stilling/#5,2025,17965,17,1,8,,487456,1093,"
"2025","487458","17","17965","Gladsaxe Søborg 1","FKIF Frederiksberg 1","home","Internal server error","https://www.badmintonplayer.dk/DBF/HoldTurnering/Stilling/#5,2025,17965,17,1,8,,487458,1093,"
"2025","487464","17","17965","Gladsaxe Søborg 1","BK36 Kbh. 1","away","Internal server error","https://www.badmintonplayer.dk/DBF/HoldTurnering/Stilling/#5,2025,17965,17,1,8,,487464,1093,"
"2025","487465","17","17965","Gladsaxe Søborg 1","KBK Kbh. 1","away","Internal server error","https://www.badmintonplayer.dk/DBF/HoldTurnering/Stilling/#5,2025,17965,17,1,8,,487465,1093,"
"2025","487472","17","17965","Gladsaxe Søborg 1","Frederiksberg 2","home","Internal server error","https://www.badmintonplayer.dk/DBF/HoldTurnering/Stilling/#5,2025,17965,17,1,8,,487472,1093,"
"2025","487478","17","17965","Gladsaxe Søborg 1","Frederiksberg 1","home","Internal server error","https://www.badmintonplayer.dk/DBF/HoldTurnering/Stilling/#5,2025,17965,17,1,8,,487478,1093,"
"2024","483710","2","17590","Gladsaxe Søborg 1","Aalborg Triton 1","away","Internal server error","https://www.badmintonplayer.dk/DBF/HoldTurnering/Stilling/#5,2024,17590,2,1,8,,483710,1093,"
"2024","483713","2","17590","Gladsaxe Søborg 1","Aarhus AB 2","away","Internal server error","https://www.badmintonplayer.dk/DBF/HoldTurnering/Stilling/#5,2024,17590,2,1,8,,483713,1093,"
"2024","483715","2","17590","Gladsaxe Søborg 1","Humlebæk 1","away","Internal server error","https://www.badmintonplayer.dk/DBF/HoldTurnering/Stilling/#5,2024,17590,2,1,8,,483715,1093,"
"2024","484115","2","17650","Gladsaxe Søborg 1","Kolding BK 2","home","Internal server error","https://www.badmintonplayer.dk/DBF/HoldTurnering/Stilling/#5,2024,17650,2,1,8,,484115,1093,"
"2024","484746","2","17650","Gladsaxe Søborg 1","Kolding BK 1","away","Internal server error","https://www.badmintonplayer.dk/DBF/HoldTurnering/Stilling/#5,2024,17650,2,1,8,,484746,1093,"
"2024","471605","2","17156","Gladsaxe Søborg 1","Vanløse 1","home","Internal server error","https://www.badmintonplayer.dk/DBF/HoldTurnering/Stilling/#5,2024,17156,2,1,8,,471605,1093,"
"2024","471607","2","17156","Gladsaxe Søborg 1","Frederiksberg 1","away","Internal server error","https://www.badmintonplayer.dk/DBF/HoldTurnering/Stilling/#5,2024,17156,2,1,8,,471607,1093,"
"2024","471612","2","17156","Gladsaxe Søborg 1","KMB2010 2","away","Internal server error","https://www.badmintonplayer.dk/DBF/HoldTurnering/Stilling/#5,2024,17156,2,1,8,,471612,1093,"
"2024","471613","2","17156","Gladsaxe Søborg 1","Frederiksberg 1","home","Internal server error","https://www.badmintonplayer.dk/DBF/HoldTurnering/Stilling/#5,2024,17156,2,1,8,,471613,1093,"
"2024","471615","2","17156","Gladsaxe Søborg 1","KMB2010 2","home","Internal server error","https://www.badmintonplayer.dk/DBF/HoldTurnering/Stilling/#5,2024,17156,2,1,8,,471615,1093,"
"2024","471617","2","17156","Gladsaxe Søborg 1","BC37 Amager 1","away","Internal server error","https://www.badmintonplayer.dk/DBF/HoldTurnering/Stilling/#5,2024,17156,2,1,8,,471617,1093,"
"2024","471621","2","17156","Gladsaxe Søborg 1","Gentofte 1","home","Internal server error","https://www.badmintonplayer.dk/DBF/HoldTurnering/Stilling/#5,2024,17156,2,1,8,,471621,1093,"
"2024","471623","2","17156","Gladsaxe Søborg 1","Vanløse 1","away","Internal server error","https://www.badmintonplayer.dk/DBF/HoldTurnering/Stilling/#5,2024,17156,2,1,8,,471623,1093,"
"2024","471628","2","17156","Gladsaxe Søborg 1","Gentofte 1","away","Internal server error","https://www.badmintonplayer.dk/DBF/HoldTurnering/Stilling/#5,2024,17156,2,1,8,,471628,1093,"
"2024","471631","2","17156","Gladsaxe Søborg 1","BC37 Amager 1","home","Internal server error","https://www.badmintonplayer.dk/DBF/HoldTurnering/Stilling/#5,2024,17156,2,1,8,,471631,1093,"
"2024","471642","2","17157","Gladsaxe Søborg 2","Charlottenlund 1","away","Internal server error","https://www.badmintonplayer.dk/DBF/HoldTurnering/Stilling/#5,2024,17157,2,1,8,,471642,1093,"
"2024","471644","2","17157","Gladsaxe Søborg 2","Drive 1","home","Internal server error","https://www.badmintonplayer.dk/DBF/HoldTurnering/Stilling/#5,2024,17157,2,1,8,,471644,1093,"
"2024","471648","2","17157","Gladsaxe Søborg 2","Skovshoved 2","home","Internal server error","https://www.badmintonplayer.dk/DBF/HoldTurnering/Stilling/#5,2024,17157,2,1,8,,471648,1093,"
"2024","471683","2","17157","Gladsaxe Søborg 2","Hvidovre 1","home","Internal server error","https://www.badmintonplayer.dk/DBF/HoldTurnering/Stilling/#5,2024,17157,2,1,8,,471683,1093,"
"2024","471685","2","17157","Gladsaxe Søborg 2","Islands Brygge 1","away","Internal server error","https://www.badmintonplayer.dk/DBF/HoldTurnering/Stilling/#5,2024,17157,2,1,8,,471685,1093,"
"2024","471654","2","17157","Gladsaxe Søborg 2","Drive 1","away","Internal server error","https://www.badmintonplayer.dk/DBF/HoldTurnering/Stilling/#5,2024,17157,2,1,8,,471654,1093,"
"2024","471655","2","17157","Gladsaxe Søborg 2","Islands Brygge 1","home","Internal server error","https://www.badmintonplayer.dk/DBF/HoldTurnering/Stilling/#5,2024,17157,2,1,8,,471655,1093,"
"2024","471660","2","17157","Gladsaxe Søborg 2","Charlottenlund 1","home","Internal server error","https://www.badmintonplayer.dk/DBF/HoldTurnering/Stilling/#5,2024,17157,2,1,8,,471660,1093,"
"2024","471661","2","17157","Gladsaxe Søborg 2","Skovshoved 2","away","Internal server error","https://www.badmintonplayer.dk/DBF/HoldTurnering/Stilling/#5,2024,17157,2,1,8,,471661,1093,"
"2024","471669","2","17157","Gladsaxe Søborg 2","Hvidovre 1","away","Internal server error","https://www.badmintonplayer.dk/DBF/HoldTurnering/Stilling/#5,2024,17157,2,1,8,,471669,1093,"
"2024","484321","3","17813","Gladsaxe Søborg","Humlebæk","home","Internal server error","https://www.badmintonplayer.dk/DBF/HoldTurnering/Stilling/#5,2024,17813,3,1,8,,484321,1093,"
"2024","484776","3","17849","Gladsaxe Søborg","HOG Badminton, Hinnerup","away","Internal server error","https://www.badmintonplayer.dk/DBF/HoldTurnering/Stilling/#5,2024,17849,3,1,8,,484776,1093,"
"2024","484777","3","17849","Gladsaxe Søborg","","","Internal server error","https://www.badmintonplayer.dk/DBF/HoldTurnering/Stilling/#5,2024,17849,3,1,8,,484777,1093,"
"2024","484778","3","17849","Gladsaxe Søborg","Kolding BK","home","Internal server error","https://www.badmintonplayer.dk/DBF/HoldTurnering/Stilling/#5,2024,17849,3,1,8,,484778,1093,"
"2024","484313","3","17809","Gladsaxe Søborg 1","Badminton Esbjerg 1","home","Internal server error","https://www.badmintonplayer.dk/DBF/HoldTurnering/Stilling/#5,2024,17809,3,1,8,,484313,1093,"
"2024","484315","3","17809","Gladsaxe Søborg 1","Svenstrup 1","away","Internal server error","https://www.badmintonplayer.dk/DBF/HoldTurnering/Stilling/#5,2024,17809,3,1,8,,484315,1093,"
"2024","471481","3","17148","Gladsaxe Søborg 1","Hvidovre 2","away","Internal server error","https://www.badmintonplayer.dk/DBF/HoldTurnering/Stilling/#5,2024,17148,3,1,8,,471481,1093,"
"2024","471482","3","17148","Gladsaxe Søborg 1","Islands Brygge 1","home","Internal server error","https://www.badmintonplayer.dk/DBF/HoldTurnering/Stilling/#5,2024,17148,3,1,8,,471482,1093,"
"2024","471487","3","17148","Gladsaxe Søborg 1","Islands Brygge 1","away","Internal server error","https://www.badmintonplayer.dk/DBF/HoldTurnering/Stilling/#5,2024,17148,3,1,8,,471487,1093,"
"2024","471490","3","17148","Gladsaxe Søborg 1","KMB2010 1","home","Internal server error","https://www.badmintonplayer.dk/DBF/HoldTurnering/Stilling/#5,2024,17148,3,1,8,,471490,1093,"
"2024","471491","3","17148","Gladsaxe Søborg 1","KBK Kbh. 1","home","Internal server error","https://www.badmintonplayer.dk/DBF/HoldTurnering/Stilling/#5,2024,17148,3,1,8,,471491,1093,"
"2024","471492","3","17148","Gladsaxe Søborg 1","Skovshoved 1","away","Internal server error","https://www.badmintonplayer.dk/DBF/HoldTurnering/Stilling/#5,2024,17148,3,1,8,,471492,1093,"
"2024","471687","3","17148","Gladsaxe Søborg 1","KBK Kbh. 1","away","Internal server error","https://www.badmintonplayer.dk/DBF/HoldTurnering/Stilling/#5,2024,17148,3,1,8,,471687,1093,"
"2024","471688","3","17148","Gladsaxe Søborg 1","Hvidovre 2","home","Internal server error","https://www.badmintonplayer.dk/DBF/HoldTurnering/Stilling/#5,2024,17148,3,1,8,,471688,1093,"
"2024","471502","3","17148","Gladsaxe Søborg 1","Skovshoved 1","home","Internal server error","https://www.badmintonplayer.dk/DBF/HoldTurnering/Stilling/#5,2024,17148,3,1,8,,471502,1093,"
"2024","471504","3","17148","Gladsaxe Søborg 1","KMB2010 1","away","Internal server error","https://www.badmintonplayer.dk/DBF/HoldTurnering/Stilling/#5,2024,17148,3,1,8,,471504,1093,"
"2024","471721","3","17152","Gladsaxe Søborg 2","Charlottenlund 2","home","Internal server error","https://www.badmintonplayer.dk/DBF/HoldTurnering/Stilling/#5,2024,17152,3,1,8,,471721,1093,"
"2024","471724","3","17152","Gladsaxe Søborg 2","Valby BC 1","away","Internal server error","https://www.badmintonplayer.dk/DBF/HoldTurnering/Stilling/#5,2024,17152,3,1,8,,471724,1093,"
"2024","471727","3","17152","Gladsaxe Søborg 2","Hvidovre 3","home","Internal server error","https://www.badmintonplayer.dk/DBF/HoldTurnering/Stilling/#5,2024,17152,3,1,8,,471727,1093,"
"2024","471733","3","17152","Gladsaxe Søborg 2","KMB2010 3","home","Internal server error","https://www.badmintonplayer.dk/DBF/HoldTurnering/Stilling/#5,2024,17152,3,1,8,,471733,1093,"
"2024","471736","3","17152","Gladsaxe Søborg 2","Drive 3","home","Internal server error","https://www.badmintonplayer.dk/DBF/HoldTurnering/Stilling/#5,2024,17152,3,1,8,,471736,1093,"
"2024","471742","3","17152","Gladsaxe Søborg 2","BC37 Amager 3","away","Internal server error","https://www.badmintonplayer.dk/DBF/HoldTurnering/Stilling/#5,2024,17152,3,1,8,,471742,1093,"
"2024","471745","3","17152","Gladsaxe Søborg 2","Skovshoved 3","away","Internal server error","https://www.badmintonplayer.dk/DBF/HoldTurnering/Stilling/#5,2024,17152,3,1,8,,471745,1093,"
"2024","471750","3","17153","Gladsaxe Søborg 3","BC37 Amager 2","home","Internal server error","https://www.badmintonplayer.dk/DBF/HoldTurnering/Stilling/#5,2024,17153,3,1,8,,471750,1093,"
"2024","471756","3","17153","Gladsaxe Søborg 3","Charlottenlund 1","home","Internal server error","https://www.badmintonplayer.dk/DBF/HoldTurnering/Stilling/#5,2024,17153,3,1,8,,471756,1093,"
"2024","471762","3","17153","Gladsaxe Søborg 3","Skovshoved 2","away","Internal server error","https://www.badmintonplayer.dk/DBF/HoldTurnering/Stilling/#5,2024,17153,3,1,8,,471762,1093,"
"2024","471769","3","17153","Gladsaxe Søborg 3","Frederiksberg 2","away","Internal server error","https://www.badmintonplayer.dk/DBF/HoldTurnering/Stilling/#5,2024,17153,3,1,8,,471769,1093,"
"2024","471773","3","17153","Gladsaxe Søborg 3","Islands Brygge 3","home","Internal server error","https://www.badmintonplayer.dk/DBF/HoldTurnering/Stilling/#5,2024,17153,3,1,8,,471773,1093,"
"2024","474567","3","17154","Gladsaxe Søborg 4","Lyngby 3","home","Internal server error","https://www.badmintonplayer.dk/DBF/HoldTurnering/Stilling/#5,2024,17154,3,1,8,,474567,1093,"
"2024","471780","3","17154","Gladsaxe Søborg 4","Gentofte 3","away","Internal server error","https://www.badmintonplayer.dk/DBF/HoldTurnering/Stilling/#5,2024,17154,3,1,8,,471780,1093,"
"2024","471782","3","17154","Gladsaxe Søborg 4","Lyngby 2","home","Internal server error","https://www.badmintonplayer.dk/DBF/HoldTurnering/Stilling/#5,2024,17154,3,1,8,,471782,1093,"
"2024","471785","3","17154","Gladsaxe Søborg 4","Valby BC 2","home","Internal server error","https://www.badmintonplayer.dk/DBF/HoldTurnering/Stilling/#5,2024,17154,3,1,8,,471785,1093,"
"2024","471788","3","17154","Gladsaxe Søborg 4","Vanløse 1","home","Internal server error","https://www.badmintonplayer.dk/DBF/HoldTurnering/Stilling/#5,2024,17154,3,1,8,,471788,1093,"
"2024","471792","3","17154","Gladsaxe Søborg 4","Drive 2","away","Internal server error","https://www.badmintonplayer.dk/DBF/HoldTurnering/Stilling/#5,2024,17154,3,1,8,,471792,1093,"
"2024","471793","3","17154","Gladsaxe Søborg 4","Badminton i indre By 1","away","Could not find any players on match","https://www.badmintonplayer.dk/DBF/HoldTurnering/Stilling/#5,2024,17154,3,1,8,,471793,1093,"
"2024","471566","3","17151","Gladsaxe Søborg 5","Lyngby 5","home","Internal server error","https://www.badmintonplayer.dk/DBF/HoldTurnering/Stilling/#5,2024,17151,3,1,8,,471566,1093,"
"2024","471568","3","17151","Gladsaxe Søborg 5","Skovshoved 4","away","Internal server error","https://www.badmintonplayer.dk/DBF/HoldTurnering/Stilling/#5,2024,17151,3,1,8,,471568,1093,"
"2024","471711","3","17151","Gladsaxe Søborg 5","KBK Kbh. 3","away","Internal server error","https://www.badmintonplayer.dk/DBF/HoldTurnering/Stilling/#5,2024,17151,3,1,8,,471711,1093,"
"2024","471712","3","17151","Gladsaxe Søborg 5","Skovshoved 4","home","Internal server error","https://www.badmintonplayer.dk/DBF/HoldTurnering/Stilling/#5,2024,17151,3,1,8,,471712,1093,"
"2024","471576","3","17151","Gladsaxe Søborg 5","KBK Kbh. 3","home","Internal server error","https://www.badmintonplayer.dk/DBF/HoldTurnering/Stilling/#5,2024,17151,3,1,8,,471576,1093,"
"2024","471578","3","17151","Gladsaxe Søborg 5","Drive 4","away","Internal server error","https://www.badmintonplayer.dk/DBF/HoldTurnering/Stilling/#5,2024,17151,3,1,8,,471578,1093,"
"2024","471716","3","17151","Gladsaxe Søborg 5","Gentofte 4","home","Internal server error","https://www.badmintonplayer.dk/DBF/HoldTurnering/Stilling/#5,2024,17151,3,1,8,,471716,1093,"
"2024","471718","3","17151","Gladsaxe Søborg 5","Lyngby 5","away","Internal server error","https://www.badmintonplayer.dk/DBF/HoldTurnering/Stilling/#5,2024,17151,3,1,8,,471718,1093,"
"2024","471589","3","17151","Gladsaxe Søborg 5","Gentofte 4","away","Internal server error","https://www.badmintonplayer.dk/DBF/HoldTurnering/Stilling/#5,2024,17151,3,1,8,,471589,1093,"
"2024","471592","3","17151","Gladsaxe Søborg 5","Drive 4","home","Internal server error","https://www.badmintonplayer.dk/DBF/HoldTurnering/Stilling/#5,2024,17151,3,1,8,,471592,1093,"
"2024","483882","4","17632","Gladsaxe Søborg 1","Team Slagelse/Skælskør 1","home","Internal server error","https://www.badmintonplayer.dk/DBF/HoldTurnering/Stilling/#5,2024,17632,4,1,8,,483882,1093,"
"2024","483916","4","17635","Gladsaxe Søborg 2","Ølstykke 1","home","Internal server error","https://www.badmintonplayer.dk/DBF/HoldTurnering/Stilling/#5,2024,17635,4,1,8,,483916,1093,"
"2024","484152","4","17635","Gladsaxe Søborg 2","Herning 1","home","Internal server error","https://www.badmintonplayer.dk/DBF/HoldTurnering/Stilling/#5,2024,17635,4,1,8,,484152,1093,"
"2024","483913","4","17635","Gladsaxe Søborg 2","Badminton Esbjerg 1","home","Internal server error","https://www.badmintonplayer.dk/DBF/HoldTurnering/Stilling/#5,2024,17635,4,1,8,,483913,1093,"
"2024","483911","4","17635","Gladsaxe Søborg 2","Støvring 1","home","Internal server error","https://www.badmintonplayer.dk/DBF/HoldTurnering/Stilling/#5,2024,17635,4,1,8,,483911,1093,"
"2024","483921","4","17674","Gladsaxe Søborg 2","Team-Work Nordjylland Bje... 1","away","Internal server error","https://www.badmintonplayer.dk/DBF/HoldTurnering/Stilling/#5,2024,17674,4,1,8,,483921,1093,"
"2024","470021","4","17117","Gladsaxe Søborg 2","Frederiksberg 1","away","Internal server error","https://www.badmintonplayer.dk/DBF/HoldTurnering/Stilling/#5,2024,17117,4,1,8,,470021,1093,"
"2024","470022","4","17117","Gladsaxe Søborg 2","Hvidovre 1","home","Internal server error","https://www.badmintonplayer.dk/DBF/HoldTurnering/Stilling/#5,2024,17117,4,1,8,,470022,1093,"
"2024","482127","4","17117","Gladsaxe Søborg 2","Vindinge 1","away","Internal server error","https://www.badmintonplayer.dk/DBF/HoldTurnering/Stilling/#5,2024,17117,4,1,8,,482127,1093,"
"2024","482128","4","17117","Gladsaxe Søborg 2","Frederiksberg 1","home","Internal server error","https://www.badmintonplayer.dk/DBF/HoldTurnering/Stilling/#5,2024,17117,4,1,8,,482128,1093,"
"2024","470029","4","17117","Gladsaxe Søborg 2","Karlslunde 1","away","Internal server error","https://www.badmintonplayer.dk/DBF/HoldTurnering/Stilling/#5,2024,17117,4,1,8,,470029,1093,"
"2024","470030","4","17117","Gladsaxe Søborg 2","Vindinge 1","home","Internal server error","https://www.badmintonplayer.dk/DBF/HoldTurnering/Stilling/#5,2024,17117,4,1,8,,470030,1093,"
"2024","472200","4","17117","Gladsaxe Søborg 2","Karlslunde 1","home","Internal server error","https://www.badmintonplayer.dk/DBF/HoldTurnering/Stilling/#5,2024,17117,4,1,8,,472200,1093,"
"2024","472202","4","17117","Gladsaxe Søborg 2","Glostrup 1","away","Internal server error","https://www.badmintonplayer.dk/DBF/HoldTurnering/Stilling/#5,2024,17117,4,1,8,,472202,1093,"
"2024","470035","4","17117","Gladsaxe Søborg 2","Hvidovre 1","away","Internal server error","https://www.badmintonplayer.dk/DBF/HoldTurnering/Stilling/#5,2024,17117,4,1,8,,470035,1093,"
"2024","470037","4","17117","Gladsaxe Søborg 2","Glostrup 1","home","Internal server error","https://www.badmintonplayer.dk/DBF/HoldTurnering/Stilling/#5,2024,17117,4,1,8,,470037,1093,"
"2024","483924","4","17636","Gladsaxe Søborg 3","Badminton Roskilde 1","away","Internal server error","https://www.badmintonplayer.dk/DBF/HoldTurnering/Stilling/#5,2024,17636,4,1,8,,483924,1093,"
"2024","483927","4","17636","Gladsaxe Søborg 3","Solbjerg 1","away","Internal server error","https://www.badmintonplayer.dk/DBF/HoldTurnering/Stilling/#5,2024,17636,4,1,8,,483927,1093,"
"2024","483929","4","17636","Gladsaxe Søborg 3","Dybbøl 2","away","Internal server error","https://www.badmintonplayer.dk/DBF/HoldTurnering/Stilling/#5,2024,17636,4,1,8,,483929,1093,"
"2024","483948","4","17677","Gladsaxe Søborg 3","Grindsted BK 1","home","Internal server error","https://www.badmintonplayer.dk/DBF/HoldTurnering/Stilling/#5,2024,17677,4,1,8,,483948,1093,"
"2024","483951","4","17677","Gladsaxe Søborg 3","Dybbøl 1","home","Internal server error","https://www.badmintonplayer.dk/DBF/HoldTurnering/Stilling/#5,2024,17677,4,1,8,,483951,1093,"
"2024","469273","4","17094","Gladsaxe Søborg 3","Gentofte 2","away","Internal server error","https://www.badmintonplayer.dk/DBF/HoldTurnering/Stilling/#5,2024,17094,4,1,8,,469273,1093,"
"2024","469274","4","17094","Gladsaxe Søborg 3","BC37 Amager 1","home","Internal server error","https://www.badmintonplayer.dk/DBF/HoldTurnering/Stilling/#5,2024,17094,4,1,8,,469274,1093,"
"2024","471803","4","17094","Gladsaxe Søborg 3","Skovshoved 2","home","Internal server error","https://www.badmintonplayer.dk/DBF/HoldTurnering/Stilling/#5,2024,17094,4,1,8,,471803,1093,"
"2024","471810","4","17094","Gladsaxe Søborg 3","Holte 2","home","Internal server error","https://www.badmintonplayer.dk/DBF/HoldTurnering/Stilling/#5,2024,17094,4,1,8,,471810,1093,"
"2024","471811","4","17094","Gladsaxe Søborg 3","Badminton Roskilde 4","away","Internal server error","https://www.badmintonplayer.dk/DBF/HoldTurnering/Stilling/#5,2024,17094,4,1,8,,471811,1093,"
"2024","471818","4","17094","Gladsaxe Søborg 3","Humlebæk 2","away","Internal server error","https://www.badmintonplayer.dk/DBF/HoldTurnering/Stilling/#5,2024,17094,4,1,8,,471818,1093,"
"2024","471819","4","17094","Gladsaxe Søborg 3","Hørsholm 2","home","Internal server error","https://www.badmintonplayer.dk/DBF/HoldTurnering/Stilling/#5,2024,17094,4,1,8,,471819,1093,"
"2024","471406","4","17146","Gladsaxe Søborg 7","Gladsaxe Søborg 4","home","Internal server error","https://www.badmintonplayer.dk/DBF/HoldTurnering/Stilling/#5,2024,17146,4,1,8,,471406,1093,"
"2024","471408","4","17146","Gladsaxe Søborg 7","Valby BC 1","away","Internal server error","https://www.badmintonplayer.dk/DBF/HoldTurnering/Stilling/#5,2024,17146,4,1,8,,471408,1093,"
"2024","471412","4","17146","Gladsaxe Søborg 7","KBK Kbh. 4","away","Internal server error","https://www.badmintonplayer.dk/DBF/HoldTurnering/Stilling/#5,2024,17146,4,1,8,,471412,1093,"
"2024","471413","4","17146","Gladsaxe Søborg 7","Vanløse 1","home","Internal server error","https://www.badmintonplayer.dk/DBF/HoldTurnering/Stilling/#5,2024,17146,4,1,8,,471413,1093,"
"2024","471428","4","17146","Gladsaxe Søborg 7","Gentofte 3","away","Internal server error","https://www.badmintonplayer.dk/DBF/HoldTurnering/Stilling/#5,2024,17146,4,1,8,,471428,1093,"
"2024","471429","4","17146","Gladsaxe Søborg 7","Frederiksberg 2","home","Internal server error","https://www.badmintonplayer.dk/DBF/HoldTurnering/Stilling/#5,2024,17146,4,1,8,,471429,1093,"
"2024","471433","4","17146","Gladsaxe Søborg 7","Dragør 1","away","Internal server error","https://www.badmintonplayer.dk/DBF/HoldTurnering/Stilling/#5,2024,17146,4,1,8,,471433,1093,"
"2024","471435","4","17146","Gladsaxe Søborg 7","Islands Brygge 1","home","Internal server error","https://www.badmintonplayer.dk/DBF/HoldTurnering/Stilling/#5,2024,17146,4,1,8,,471435,1093,"
"2024","471444","4","17147","Gladsaxe Søborg 5","Lyngby 3","away","Internal server error","https://www.badmintonplayer.dk/DBF/HoldTurnering/Stilling/#5,2024,17147,4,1,8,,471444,1093,"
"2024","472058","4","17147","Gladsaxe Søborg 5","BC37 Amager 3","away","Internal server error","https://www.badmintonplayer.dk/DBF/HoldTurnering/Stilling/#5,2024,17147,4,1,8,,472058,1093,"
"2024","472059","4","17147","Gladsaxe Søborg 5","Rødovre 1","home","Internal server error","https://www.badmintonplayer.dk/DBF/HoldTurnering/Stilling/#5,2024,17147,4,1,8,,472059,1093,"
"2024","471464","4","17147","Gladsaxe Søborg 5","Drive 5","away","Internal server error","https://www.badmintonplayer.dk/DBF/HoldTurnering/Stilling/#5,2024,17147,4,1,8,,471464,1093,"
"2024","471465","4","17147","Gladsaxe Søborg 5","Valby BC 2","home","Internal server error","https://www.badmintonplayer.dk/DBF/HoldTurnering/Stilling/#5,2024,17147,4,1,8,,471465,1093,"
"2024","471469","4","17147","Gladsaxe Søborg 5","Charlottenlund 3","away","Internal server error","https://www.badmintonplayer.dk/DBF/HoldTurnering/Stilling/#5,2024,17147,4,1,8,,471469,1093,"
"2024","471370","4","17145","Gladsaxe Søborg 6","Hvidovre 3","home","Internal server error","https://www.badmintonplayer.dk/DBF/HoldTurnering/Stilling/#5,2024,17145,4,1,8,,471370,1093,"
"2024","471392","4","17145","Gladsaxe Søborg 6","Drive 4","away","Internal server error","https://www.badmintonplayer.dk/DBF/HoldTurnering/Stilling/#5,2024,17145,4,1,8,,471392,1093,"
"2024","471393","4","17145","Gladsaxe Søborg 6","Frederiksberg 3","home","Internal server error","https://www.badmintonplayer.dk/DBF/HoldTurnering/Stilling/#5,2024,17145,4,1,8,,471393,1093,"
"2024","471397","4","17145","Gladsaxe Søborg 6","BC37 Amager 2","away","Internal server error","https://www.badmintonplayer.dk/DBF/HoldTurnering/Stilling/#5,2024,17145,4,1,8,,471397,1093,"
"2024","471399","4","17145","Gladsaxe Søborg 6","Badminton i indre By 1","home","Internal server error","https://www.badmintonplayer.dk/DBF/HoldTurnering/Stilling/#5,2024,17145,4,1,8,,471399,1093,"
"2024","469202","4","17091","Gladsaxe Søborg 8","Slangerup 2","away","Internal server error","https://www.badmintonplayer.dk/DBF/HoldTurnering/Stilling/#5,2024,17091,4,1,8,,469202,1093,"
"2024","469224","4","17091","Gladsaxe Søborg 8","Herlev/Hjorten 5","home","Internal server error","https://www.badmintonplayer.dk/DBF/HoldTurnering/Stilling/#5,2024,17091,4,1,8,,469224,1093,"
"2024","467888","5","17006","Gladsaxe Søborg 1","BC37 Amager 3","away","Internal server error","https://www.badmintonplayer.dk/DBF/HoldTurnering/Stilling/#5,2024,17006,5,1,8,,467888,1093,"
"2024","467893","5","17006","Gladsaxe Søborg 1","Frem - Hellebæk 1","home","Internal server error","https://www.badmintonplayer.dk/DBF/HoldTurnering/Stilling/#5,2024,17006,5,1,8,,467893,1093,"
"2024","471214","5","17141","Gladsaxe Søborg 2","Charlottenlund 2","away","Internal server error","https://www.badmintonplayer.dk/DBF/HoldTurnering/Stilling/#5,2024,17141,5,1,8,,471214,1093,"
"2024","471218","5","17141","Gladsaxe Søborg 2","Dragør 2","home","Internal server error","https://www.badmintonplayer.dk/DBF/HoldTurnering/Stilling/#5,2024,17141,5,1,8,,471218,1093,"
"2024","471222","5","17141","Gladsaxe Søborg 2","Drive 3","away","Internal server error","https://www.badmintonplayer.dk/DBF/HoldTurnering/Stilling/#5,2024,17141,5,1,8,,471222,1093,"
"2024","471229","5","17141","Gladsaxe Søborg 2","KMB2010 4","away","Internal server error","https://www.badmintonplayer.dk/DBF/HoldTurnering/Stilling/#5,2024,17141,5,1,8,,471229,1093,"
"2024","471234","5","17141","Gladsaxe Søborg 2","Vanløse 1","home","Internal server error","https://www.badmintonplayer.dk/DBF/HoldTurnering/Stilling/#5,2024,17141,5,1,8,,471234,1093,"
"2024","471237","5","17141","Gladsaxe Søborg 2","Frederiksberg 1","home","Internal server error","https://www.badmintonplayer.dk/DBF/HoldTurnering/Stilling/#5,2024,17141,5,1,8,,471237,1093,"
"2024","471244","5","17141","Gladsaxe Søborg 2","NBK Amager 1","home","Internal server error","https://www.badmintonplayer.dk/DBF/HoldTurnering/Stilling/#5,2024,17141,5,1,8,,471244,1093,"
"2024","471249","5","17141","Gladsaxe Søborg 2","BC37 Amager 4","away","Internal server error","https://www.badmintonplayer.dk/DBF/HoldTurnering/Stilling/#5,2024,17141,5,1,8,,471249,1093,"
"2024","471255","5","17141","Gladsaxe Søborg 2","Charlottenlund 1","home","Internal server error","https://www.badmintonplayer.dk/DBF/HoldTurnering/Stilling/#5,2024,17141,5,1,8,,471255,1093,"
"2024","471298","5","17143","Gladsaxe Søborg 5","NBK Amager 3","away","Internal server error","https://www.badmintonplayer.dk/DBF/HoldTurnering/Stilling/#5,2024,17143,5,1,8,,471298,1093,"
"2024","471301","5","17143","Gladsaxe Søborg 5","Valby BC 2","home","Internal server error","https://www.badmintonplayer.dk/DBF/HoldTurnering/Stilling/#5,2024,17143,5,1,8,,471301,1093,"
"2024","471983","5","17143","Gladsaxe Søborg 5","KMB2010 5","away","Internal server error","https://www.badmintonplayer.dk/DBF/HoldTurnering/Stilling/#5,2024,17143,5,1,8,,471983,1093,"
"2024","471323","5","17143","Gladsaxe Søborg 5","Gladsaxe Søborg 3","away","Internal server error","https://www.badmintonplayer.dk/DBF/HoldTurnering/Stilling/#5,2024,17143,5,1,8,,471323,1093,"
"2024","471324","5","17143","Gladsaxe Søborg 5","Rødovre 2","home","Internal server error","https://www.badmintonplayer.dk/DBF/HoldTurnering/Stilling/#5,2024,17143,5,1,8,,471324,1093,"
"2024","472044","5","17143","Gladsaxe Søborg 5","Skovshoved 4","home","Internal server error","https://www.badmintonplayer.dk/DBF/HoldTurnering/Stilling/#5,2024,17143,5,1,8,,472044,1093,"
"2024","472046","5","17143","Gladsaxe Søborg 5","FKIF Frederiksberg 3","away","Internal server error","https://www.badmintonplayer.dk/DBF/HoldTurnering/Stilling/#5,2024,17143,5,1,8,,472046,1093,"
"2024","471343","5","17143","Gladsaxe Søborg 5","Gladsaxe Søborg 4","home","Internal server error","https://www.badmintonplayer.dk/DBF/HoldTurnering/Stilling/#5,2024,17143,5,1,8,,471343,1093,"
"2024","471345","5","17143","Gladsaxe Søborg 5","Vanløse 2","away","Internal server error","https://www.badmintonplayer.dk/DBF/HoldTurnering/Stilling/#5,2024,17143,5,1,8,,471345,1093,"
"2024","469693","18","17100","Gladsaxe Søborg 1","Gentofte 3","away","Internal server error","https://www.badmintonplayer.dk/DBF/HoldTurnering/Stilling/#5,2024,17100,18,1,8,,469693,1093,"
"2024","469694","18","17100","Gladsaxe Søborg 1","Hvidovre 3","home","Internal server error","https://www.badmintonplayer.dk/DBF/HoldTurnering/Stilling/#5,2024,17100,18,1,8,,469694,1093,"
"2024","469703","18","17100","Gladsaxe Søborg 1","Team Vejleå 3","home","Internal server error","https://www.badmintonplayer.dk/DBF/HoldTurnering/Stilling/#5,2024,17100,18,1,8,,469703,1093,"
"2024","469706","18","17100","Gladsaxe Søborg 1","Rødovre 1","away","Internal server error","https://www.badmintonplayer.dk/DBF/HoldTurnering/Stilling/#5,2024,17100,18,1,8,,469706,1093,"
"2024","469711","18","17100","Gladsaxe Søborg 1","Vallensbæk 1","home","Internal server error","https://www.badmintonplayer.dk/DBF/HoldTurnering/Stilling/#5,2024,17100,18,1,8,,469711,1093,"
"2024","469713","18","17100","Gladsaxe Søborg 1","Valby BC 2","away","Internal server error","https://www.badmintonplayer.dk/DBF/HoldTurnering/Stilling/#5,2024,17100,18,1,8,,469713,1093,"
"2024","469718","18","17100","Gladsaxe Søborg 1","Vallensbæk 1","away","Internal server error","https://www.badmintonplayer.dk/DBF/HoldTurnering/Stilling/#5,2024,17100,18,1,8,,469718,1093,"
"2024","469720","18","17100","Gladsaxe Søborg 1","Gentofte 3","home","Internal server error","https://www.badmintonplayer.dk/DBF/HoldTurnering/Stilling/#5,2024,17100,18,1,8,,469720,1093,"
"2024","469721","18","17100","Gladsaxe Søborg 1","Team Vejleå 3","away","Internal server error","https://www.badmintonplayer.dk/DBF/HoldTurnering/Stilling/#5,2024,17100,18,1,8,,469721,1093,"
"2024","469723","18","17100","Gladsaxe Søborg 1","Rødovre 1","home","Internal server error","https://www.badmintonplayer.dk/DBF/HoldTurnering/Stilling/#5,2024,17100,18,1,8,,469723,1093,"
"2024","469732","18","17100","Gladsaxe Søborg 1","Valby BC 2","home","Internal server error","https://www.badmintonplayer.dk/DBF/HoldTurnering/Stilling/#5,2024,17100,18,1,8,,469732,1093,"
"2024","469733","18","17100","Gladsaxe Søborg 1","Hvidovre 3","away","Internal server error","https://www.badmintonplayer.dk/DBF/HoldTurnering/Stilling/#5,2024,17100,18,1,8,,469733,1093,"
"2024","465529","13","16931","Gladsaxe Søborg 2","FKIF Frederiksberg 2","home","Internal server error","https://www.badmintonplayer.dk/DBF/HoldTurnering/Stilling/#5,2024,16931,13,1,8,,465529,1093,"
"2024","465532","13","16931","Gladsaxe Søborg 2","Lyngby 2","away","Internal server error","https://www.badmintonplayer.dk/DBF/HoldTurnering/Stilling/#5,2024,16931,13,1,8,,465532,1093,"
"2024","465537","13","16931","Gladsaxe Søborg 2","Vanløse","home","Internal server error","https://www.badmintonplayer.dk/DBF/HoldTurnering/Stilling/#5,2024,16931,13,1,8,,465537,1093,"
"2024","465541","13","16931","Gladsaxe Søborg 2","NBK Amager","home","Internal server error","https://www.badmintonplayer.dk/DBF/HoldTurnering/Stilling/#5,2024,16931,13,1,8,,465541,1093,"
"2024","465545","13","16931","Gladsaxe Søborg 2","Hvidovre HB2000","away","Internal server error","https://www.badmintonplayer.dk/DBF/HoldTurnering/Stilling/#5,2024,16931,13,1,8,,465545,1093,"
"2024","465549","13","16931","Gladsaxe Søborg 2","Frederiksberg","home","Internal server error","https://www.badmintonplayer.dk/DBF/HoldTurnering/Stilling/#5,2024,16931,13,1,8,,465549,1093,"
"2024","465553","13","16931","Gladsaxe Søborg 2","Posten Kbh.","away","Internal server error","https://www.badmintonplayer.dk/DBF/HoldTurnering/Stilling/#5,2024,16931,13,1,8,,465553,1093,"
"2024","465002","17","16929","Gladsaxe Søborg 1","BK36 Kbh. 1","home","Internal server error","https://www.badmintonplayer.dk/DBF/HoldTurnering/Stilling/#5,2024,16929,17,1,8,,465002,1093,"
"2024","465006","17","16929","Gladsaxe Søborg 1","Hvidovre 1","away","Internal server error","https://www.badmintonplayer.dk/DBF/HoldTurnering/Stilling/#5,2024,16929,17,1,8,,465006,1093,"
"2024","465010","17","16929","Gladsaxe Søborg 1","NBK Amager 1","home","Internal server error","https://www.badmintonplayer.dk/DBF/HoldTurnering/Stilling/#5,2024,16929,17,1,8,,465010,1093,"
"2024","465014","17","16929","Gladsaxe Søborg 1","Frederiksberg 2","away","Internal server error","https://www.badmintonplayer.dk/DBF/HoldTurnering/Stilling/#5,2024,16929,17,1,8,,465014,1093,"
"2024","465018","17","16929","Gladsaxe Søborg 1","Frederiksberg 1","home","Internal server error","https://www.badmintonplayer.dk/DBF/HoldTurnering/Stilling/#5,2024,16929,17,1,8,,465018,1093,"
"2024","465025","17","16929","Gladsaxe Søborg 1","KBK Kbh. 1","home","Internal server error","https://www.badmintonplayer.dk/DBF/HoldTurnering/Stilling/#5,2024,16929,17,1,8,,465025,1093,"
"2024","465026","17","16929","Gladsaxe Søborg 1","FKIF Frederiksberg 1","away","Internal server error","https://www.badmintonplayer.dk/DBF/HoldTurnering/Stilling/#5,2024,16929,17,1,8,,465026,1093,"
"2023","452822","2","16024","Gladsaxe Søborg 2","Lyngby 1","away","Internal server error","https://www.badmintonplayer.dk/DBF/HoldTurnering/Stilling/#5,2023,16024,2,1,8,,452822,1093,"
"2023","452823","2","16024","Gladsaxe Søborg 2","Badminton i indre By 1","home","Internal server error","https://www.badmintonplayer.dk/DBF/HoldTurnering/Stilling/#5,2023,16024,2,1,8,,452823,1093,"
"2023","452827","2","16024","Gladsaxe Søborg 2","Frederiksberg 1","away","Internal server error","https://www.badmintonplayer.dk/DBF/HoldTurnering/Stilling/#5,2023,16024,2,1,8,,452827,1093,"
"2023","452828","2","16024","Gladsaxe Søborg 2","Gladsaxe Søborg 1","home","Internal server error","https://www.badmintonplayer.dk/DBF/HoldTurnering/Stilling/#5,2023,16024,2,1,8,,452828,1093,"
"2023","452830","2","16024","Gladsaxe Søborg 2","Gentofte 2","home","Internal server error","https://www.badmintonplayer.dk/DBF/HoldTurnering/Stilling/#5,2023,16024,2,1,8,,452830,1093,"
"2023","452831","2","16024","Gladsaxe Søborg 2","Skovshoved 2","away","Internal server error","https://www.badmintonplayer.dk/DBF/HoldTurnering/Stilling/#5,2023,16024,2,1,8,,452831,1093,"
"2023","452835","2","16024","Gladsaxe Søborg 2","Skovshoved 3","home","Internal server error","https://www.badmintonplayer.dk/DBF/HoldTurnering/Stilling/#5,2023,16024,2,1,8,,452835,1093,"
"2023","452837","2","16024","Gladsaxe Søborg 2","Gentofte 1","away","Internal server error","https://www.badmintonplayer.dk/DBF/HoldTurnering/Stilling/#5,2023,16024,2,1,8,,452837,1093,"
"2023","462982","3","16527","Gladsaxe Søborg 1","Gentofte 1","away","Internal server error","https://www.badmintonplayer.dk/DBF/HoldTurnering/Stilling/#5,2023,16527,3,1,8,,462982,1093,"
"2023","447663","3","15949","Gladsaxe Søborg 1","Gentofte 1","home","Internal server error","https://www.badmintonplayer.dk/DBF/HoldTurnering/Stilling/#5,2023,15949,3,1,8,,447663,1093,"
"2023","447667","3","15949","Gladsaxe Søborg 1","KBK Kbh. 1","away","Internal server error","https://www.badmintonplayer.dk/DBF/HoldTurnering/Stilling/#5,2023,15949,3,1,8,,447667,1093,"
"2023","462995","3","16534","Gladsaxe Søborg 2","Gørlev 1","away","Internal server error","https://www.badmintonplayer.dk/DBF/HoldTurnering/Stilling/#5,2023,16534,3,1,8,,462995,1093,"
"2023","462996","3","16534","Gladsaxe Søborg 2","Randers BK 1","away","Internal server error","https://www.badmintonplayer.dk/DBF/HoldTurnering/Stilling/#5,2023,16534,3,1,8,,462996,1093,"
"2023","463015","3","16677","Gladsaxe Søborg 2","Lystrup/TMIF 1","away","Internal server error","https://www.badmintonplayer.dk/DBF/HoldTurnering/Stilling/#5,2023,16677,3,1,8,,463015,1093,"
"2023","463018","3","16680","Gladsaxe Søborg 2","Frederikssund 1","away","Internal server error","https://www.badmintonplayer.dk/DBF/HoldTurnering/Stilling/#5,2023,16680,3,1,8,,463018,1093,"
"2023","463021","3","16680","Gladsaxe Søborg 2","KMB2010 2","home","Internal server error","https://www.badmintonplayer.dk/DBF/HoldTurnering/Stilling/#5,2023,16680,3,1,8,,463021,1093,"
"2023","449752","3","16030","Gladsaxe Søborg 2","FKIF Frederiksberg 1","home","Internal server error","https://www.badmintonplayer.dk/DBF/HoldTurnering/Stilling/#5,2023,16030,3,1,8,,449752,1093,"
"2023","449754","3","16030","Gladsaxe Søborg 2","KBK Kbh. 4","away","Internal server error","https://www.badmintonplayer.dk/DBF/HoldTurnering/Stilling/#5,2023,16030,3,1,8,,449754,1093,"
"2023","449755","3","16030","Gladsaxe Søborg 2","Lyngby 3","home","Internal server error","https://www.badmintonplayer.dk/DBF/HoldTurnering/Stilling/#5,2023,16030,3,1,8,,449755,1093,"
"2023","449759","3","16030","Gladsaxe Søborg 2","Islands Brygge 1","away","Internal server error","https://www.badmintonplayer.dk/DBF/HoldTurnering/Stilling/#5,2023,16030,3,1,8,,449759,1093,"
"2023","449761","3","16030","Gladsaxe Søborg 2","Gentofte 2","home","Internal server error","https://www.badmintonplayer.dk/DBF/HoldTurnering/Stilling/#5,2023,16030,3,1,8,,449761,1093,"
"2023","452532","3","16030","Gladsaxe Søborg 2","Skovshoved 2","home","Internal server error","https://www.badmintonplayer.dk/DBF/HoldTurnering/Stilling/#5,2023,16030,3,1,8,,452532,1093,"
"2023","452534","3","16030","Gladsaxe Søborg 2","NBK Amager 1","away","Internal server error","https://www.badmintonplayer.dk/DBF/HoldTurnering/Stilling/#5,2023,16030,3,1,8,,452534,1093,"
"2023","462723","3","16544","Gladsaxe Søborg 3","Hammel 1","home","Internal server error","https://www.badmintonplayer.dk/DBF/HoldTurnering/Stilling/#5,2023,16544,3,1,8,,462723,1093,"
"2023","462728","3","16544","Gladsaxe Søborg 3","Viby J 3","away","Internal server error","https://www.badmintonplayer.dk/DBF/HoldTurnering/Stilling/#5,2023,16544,3,1,8,,462728,1093,"
"2023","452536","3","16031","Gladsaxe Søborg 3","Lyngby 2","home","Internal server error","https://www.badmintonplayer.dk/DBF/HoldTurnering/Stilling/#5,2023,16031,3,1,8,,452536,1093,"
"2023","452538","3","16031","Gladsaxe Søborg 3","KMB2010 2","home","Internal server error","https://www.badmintonplayer.dk/DBF/HoldTurnering/Stilling/#5,2023,16031,3,1,8,,452538,1093,"
"2023","452550","3","16031","Gladsaxe Søborg 3","BC37 Amager 1","home","Internal server error","https://www.badmintonplayer.dk/DBF/HoldTurnering/Stilling/#5,2023,16031,3,1,8,,452550,1093,"
"2023","452553","3","16031","Gladsaxe Søborg 3","Rødovre 1","home","Internal server error","https://www.badmintonplayer.dk/DBF/HoldTurnering/Stilling/#5,2023,16031,3,1,8,,452553,1093,"
"2023","452554","3","16031","Gladsaxe Søborg 3","Frederiksberg 1","home","Internal server error","https://www.badmintonplayer.dk/DBF/HoldTurnering/Stilling/#5,2023,16031,3,1,8,,452554,1093,"
"2023","452556","3","16031","Gladsaxe Søborg 3","Drive 2","home","Internal server error","https://www.badmintonplayer.dk/DBF/HoldTurnering/Stilling/#5,2023,16031,3,1,8,,452556,1093,"
"2023","452878","3","16026","Gladsaxe Søborg 4","Drive 3","home","Internal server error","https://www.badmintonplayer.dk/DBF/HoldTurnering/Stilling/#5,2023,16026,3,1,8,,452878,1093,"
"2023","452880","3","16026","Gladsaxe Søborg 4","Vanløse 2","away","Internal server error","https://www.badmintonplayer.dk/DBF/HoldTurnering/Stilling/#5,2023,16026,3,1,8,,452880,1093,"
"2023","452891","3","16026","Gladsaxe Søborg 4","Lyngby 4","away","Internal server error","https://www.badmintonplayer.dk/DBF/HoldTurnering/Stilling/#5,2023,16026,3,1,8,,452891,1093,"
"2023","452892","3","16026","Gladsaxe Søborg 4","Vanløse 2","home","Internal server error","https://www.badmintonplayer.dk/DBF/HoldTurnering/Stilling/#5,2023,16026,3,1,8,,452892,1093,"
"2023","452894","3","16026","Gladsaxe Søborg 4","Hvidovre 4","away","Internal server error","https://www.badmintonplayer.dk/DBF/HoldTurnering/Stilling/#5,2023,16026,3,1,8,,452894,1093,"
"2023","452896","3","16026","Gladsaxe Søborg 4","Frederiksberg 2","home","Internal server error","https://www.badmintonplayer.dk/DBF/HoldTurnering/Stilling/#5,2023,16026,3,1,8,,452896,1093,"
"2023","452898","3","16026","Gladsaxe Søborg 4","Lyngby 4","home","Could not find any players on match","https://www.badmintonplayer.dk/DBF/HoldTurnering/Stilling/#5,2023,16026,3,1,8,,452898,1093,"
"2023","452900","3","16026","Gladsaxe Søborg 4","Frederiksberg 2","away","Internal server error","https://www.badmintonplayer.dk/DBF/HoldTurnering/Stilling/#5,2023,16026,3,1,8,,452900,1093,"
"2023","452903","3","16026","Gladsaxe Søborg 4","Drive 3","away","Internal server error","https://www.badmintonplayer.dk/DBF/HoldTurnering/Stilling/#5,2023,16026,3,1,8,,452903,1093,"
"2023","452904","3","16026","Gladsaxe Søborg 4","Hvidovre 4","home","Internal server error","https://www.badmintonplayer.dk/DBF/HoldTurnering/Stilling/#5,2023,16026,3,1,8,,452904,1093,"
"2023","452860","3","16044","Gladsaxe Søborg 5","KMB2010 4","home","Internal server error","https://www.badmintonplayer.dk/DBF/HoldTurnering/Stilling/#5,2023,16044,3,1,8,,452860,1093,"
"2023","452988","4","16097","Gladsaxe Søborg 1","Valby BC 1","home","Internal server error","https://www.badmintonplayer.dk/DBF/HoldTurnering/Stilling/#5,2023,16097,4,1,8,,452988,1093,"
"2023","452990","4","16097","Gladsaxe Søborg 1","FKIF Frederiksberg 1","away","Internal server error","https://www.badmintonplayer.dk/DBF/HoldTurnering/Stilling/#5,2023,16097,4,1,8,,452990,1093,"
"2023","452992","4","16097","Gladsaxe Søborg 1","BC37 Amager 1","home","Internal server error","https://www.badmintonplayer.dk/DBF/HoldTurnering/Stilling/#5,2023,16097,4,1,8,,452992,1093,"
"2023","452998","4","16097","Gladsaxe Søborg 1","Drive 1","home","Internal server error","https://www.badmintonplayer.dk/DBF/HoldTurnering/Stilling/#5,2023,16097,4,1,8,,452998,1093,"
"2023","453000","4","16097","Gladsaxe Søborg 1","Valby BC 1","away","Internal server error","https://www.badmintonplayer.dk/DBF/HoldTurnering/Stilling/#5,2023,16097,4,1,8,,453000,1093,"
"2023","453005","4","16097","Gladsaxe Søborg 1","Drive 1","away","Internal server error","https://www.badmintonplayer.dk/DBF/HoldTurnering/Stilling/#5,2023,16097,4,1,8,,453005,1093,"
"2023","453008","4","16097","Gladsaxe Søborg 1","BC37 Amager 2","home","Internal server error","https://www.badmintonplayer.dk/DBF/HoldTurnering/Stilling/#5,2023,16097,4,1,8,,453008,1093,"
"2023","453497","4","16097","Gladsaxe Søborg 1","BC37 Amager 2","away","Internal server error","https://www.badmintonplayer.dk/DBF/HoldTurnering/Stilling/#5,2023,16097,4,1,8,,453497,1093,"
"2023","453013","4","16097","Gladsaxe Søborg 1","BC37 Amager 1","away","Internal server error","https://www.badmintonplayer.dk/DBF/HoldTurnering/Stilling/#5,2023,16097,4,1,8,,453013,1093,"
"2023","453014","4","16097","Gladsaxe Søborg 1","FKIF Frederiksberg 1","home","Internal server error","https://www.badmintonplayer.dk/DBF/HoldTurnering/Stilling/#5,2023,16097,4,1,8,,453014,1093,"
"2023","451167","4","15993","Gladsaxe Søborg 1","Glostrup 1","away","Internal server error","https://www.badmintonplayer.dk/DBF/HoldTurnering/Stilling/#5,2023,15993,4,1,8,,451167,1093,"
"2023","451168","4","15993","Gladsaxe Søborg 1","Vallensbæk 1","home","Internal server error","https://www.badmintonplayer.dk/DBF/HoldTurnering/Stilling/#5,2023,15993,4,1,8,,451168,1093,"
"2023","451172","4","15993","Gladsaxe Søborg 1","Islands Brygge 1","home","Internal server error","https://www.badmintonplayer.dk/DBF/HoldTurnering/Stilling/#5,2023,15993,4,1,8,,451172,1093,"
"2023","451174","4","15993","Gladsaxe Søborg 1","Vallensbæk 1","away","Internal server error","https://www.badmintonplayer.dk/DBF/HoldTurnering/Stilling/#5,2023,15993,4,1,8,,451174,1093,"
"2023","452034","4","15993","Gladsaxe Søborg 1","KBK Kbh. 1","away","Internal server error","https://www.badmintonplayer.dk/DBF/HoldTurnering/Stilling/#5,2023,15993,4,1,8,,452034,1093,"
"2023","452035","4","15993","Gladsaxe Søborg 1","Solrød Strand 3","home","Internal server error","https://www.badmintonplayer.dk/DBF/HoldTurnering/Stilling/#5,2023,15993,4,1,8,,452035,1093,"
"2023","451186","4","15993","Gladsaxe Søborg 1","Glostrup 1","home","Internal server error","https://www.badmintonplayer.dk/DBF/HoldTurnering/Stilling/#5,2023,15993,4,1,8,,451186,1093,"
"2023","451187","4","15993","Gladsaxe Søborg 1","Solrød Strand 3","away","Internal server error","https://www.badmintonplayer.dk/DBF/HoldTurnering/Stilling/#5,2023,15993,4,1,8,,451187,1093,"
"2023","454609","4","15993","Gladsaxe Søborg 1","Islands Brygge 1","away","Internal server error","https://www.badmintonplayer.dk/DBF/HoldTurnering/Stilling/#5,2023,15993,4,1,8,,454609,1093,"
"2023","454610","4","15993","Gladsaxe Søborg 1","KBK Kbh. 1","home","Internal server error","https://www.badmintonplayer.dk/DBF/HoldTurnering/Stilling/#5,2023,15993,4,1,8,,454610,1093,"
"2023","452385","4","16099","Gladsaxe Søborg 3","KMB2010 4","away","Internal server error","https://www.badmintonplayer.dk/DBF/HoldTurnering/Stilling/#5,2023,16099,4,1,8,,452385,1093,"
"2023","452386","4","16099","Gladsaxe Søborg 3","Vanløse 1","home","Internal server error","https://www.badmintonplayer.dk/DBF/HoldTurnering/Stilling/#5,2023,16099,4,1,8,,452386,1093,"
"2023","452397","4","16099","Gladsaxe Søborg 3","BC37 Amager 3","away","Internal server error","https://www.badmintonplayer.dk/DBF/HoldTurnering/Stilling/#5,2023,16099,4,1,8,,452397,1093,"
"2023","452399","4","16099","Gladsaxe Søborg 3","Skovshoved 4","home","Internal server error","https://www.badmintonplayer.dk/DBF/HoldTurnering/Stilling/#5,2023,16099,4,1,8,,452399,1093,"
"2023","452410","4","16099","Gladsaxe Søborg 3","Drive 2","away","Internal server error","https://www.badmintonplayer.dk/DBF/HoldTurnering/Stilling/#5,2023,16099,4,1,8,,452410,1093,"
"2023","452411","4","16099","Gladsaxe Søborg 3","Skovshoved 3","home","Internal server error","https://www.badmintonplayer.dk/DBF/HoldTurnering/Stilling/#5,2023,16099,4,1,8,,452411,1093,"
"2023","453021","4","16099","Gladsaxe Søborg 3","Hvidovre 2","home","Internal server error","https://www.badmintonplayer.dk/DBF/HoldTurnering/Stilling/#5,2023,16099,4,1,8,,453021,1093,"
"2023","453023","4","16099","Gladsaxe Søborg 3","Rødovre 1","away","Internal server error","https://www.badmintonplayer.dk/DBF/HoldTurnering/Stilling/#5,2023,16099,4,1,8,,453023,1093,"
"2023","452188","5","16091","Gladsaxe Søborg 2","Frederiksberg 2","home","Internal server error","https://www.badmintonplayer.dk/DBF/HoldTurnering/Stilling/#5,2023,16091,5,1,8,,452188,1093,"
"2023","452190","5","16091","Gladsaxe Søborg 2","Drive 2","away","Internal server error","https://www.badmintonplayer.dk/DBF/HoldTurnering/Stilling/#5,2023,16091,5,1,8,,452190,1093,"
"2023","452194","5","16091","Gladsaxe Søborg 2","Vanløse 3","home","Internal server error","https://www.badmintonplayer.dk/DBF/HoldTurnering/Stilling/#5,2023,16091,5,1,8,,452194,1093,"
"2023","452196","5","16091","Gladsaxe Søborg 2","BC37 Amager 4","away","Internal server error","https://www.badmintonplayer.dk/DBF/HoldTurnering/Stilling/#5,2023,16091,5,1,8,,452196,1093,"
"2023","452201","5","16091","Gladsaxe Søborg 2","Vanløse 3","away","Internal server error","https://www.badmintonplayer.dk/DBF/HoldTurnering/Stilling/#5,2023,16091,5,1,8,,452201,1093,"
"2023","452203","5","16091","Gladsaxe Søborg 2","Drive 2","home","Internal server error","https://www.badmintonplayer.dk/DBF/HoldTurnering/Stilling/#5,2023,16091,5,1,8,,452203,1093,"
"2023","452206","5","16091","Gladsaxe Søborg 2","KMB2010 4","away","Internal server error","https://www.badmintonplayer.dk/DBF/HoldTurnering/Stilling/#5,2023,16091,5,1,8,,452206,1093,"
"2023","452208","5","16091","Gladsaxe Søborg 2","FKIF Frederiksberg 4","home","Internal server error","https://www.badmintonplayer.dk/DBF/HoldTurnering/Stilling/#5,2023,16091,5,1,8,,452208,1093,"
"2023","452212","5","16091","Gladsaxe Søborg 2","KMB2010 4","home","Internal server error","https://www.badmintonplayer.dk/DBF/HoldTurnering/Stilling/#5,2023,16091,5,1,8,,452212,1093,"
"2023","452215","5","16091","Gladsaxe Søborg 2","Frederiksberg 2","away","Internal server error","https://www.badmintonplayer.dk/DBF/HoldTurnering/Stilling/#5,2023,16091,5,1,8,,452215,1093,"
"2023","452220","5","16091","Gladsaxe Søborg 2","BC37 Amager 4","home","Internal server error","https://www.badmintonplayer.dk/DBF/HoldTurnering/Stilling/#5,2023,16091,5,1,8,,452220,1093,"
"2023","452221","5","16091","Gladsaxe Søborg 2","FKIF Frederiksberg 4","away","Internal server error","https://www.badmintonplayer.dk/DBF/HoldTurnering/Stilling/#5,2023,16091,5,1,8,,452221,1093,"
"2023","452578","5","16093","Gladsaxe Søborg 3","Dragør 1","away","Internal server error","https://www.badmintonplayer.dk/DBF/HoldTurnering/Stilling/#5,2023,16093,5,1,8,,452578,1093,"
"2023","452581","5","16093","Gladsaxe Søborg 3","Valby BC 1","home","Internal server error","https://www.badmintonplayer.dk/DBF/HoldTurnering/Stilling/#5,2023,16093,5,1,8,,452581,1093,"
"2023","452261","5","16093","Gladsaxe Søborg 3","Islands Brygge 3","home","Internal server error","https://www.badmintonplayer.dk/DBF/HoldTurnering/Stilling/#5,2023,16093,5,1,8,,452261,1093,"
"2023","452588","5","16093","Gladsaxe Søborg 3","NBK Amager 2","home","Internal server error","https://www.badmintonplayer.dk/DBF/HoldTurnering/Stilling/#5,2023,16093,5,1,8,,452588,1093,"
"2023","452589","5","16093","Gladsaxe Søborg 3","Skovshoved 5","home","Internal server error","https://www.badmintonplayer.dk/DBF/HoldTurnering/Stilling/#5,2023,16093,5,1,8,,452589,1093,"
"2023","452591","5","16093","Gladsaxe Søborg 3","BK36 Kbh. 1","home","Could not find any players on match","https://www.badmintonplayer.dk/DBF/HoldTurnering/Stilling/#5,2023,16093,5,1,8,,452591,1093,"
"2023","452226","5","16094","Gladsaxe Søborg 4","Gentofte 7","home","Internal server error","https://www.badmintonplayer.dk/DBF/HoldTurnering/Stilling/#5,2023,16094,5,1,8,,452226,1093,"
"2023","452229","5","16094","Gladsaxe Søborg 4","Frederiksberg 3","home","Internal server error","https://www.badmintonplayer.dk/DBF/HoldTurnering/Stilling/#5,2023,16094,5,1,8,,452229,1093,"
"2023","452683","5","16094","Gladsaxe Søborg 4","Skovshoved 6","home","Internal server error","https://www.badmintonplayer.dk/DBF/HoldTurnering/Stilling/#5,2023,16094,5,1,8,,452683,1093,"
"2023","452685","5","16094","Gladsaxe Søborg 4","Vanløse 4","home","Internal server error","https://www.badmintonplayer.dk/DBF/HoldTurnering/Stilling/#5,2023,16094,5,1,8,,452685,1093,"
"2023","454456","5","16094","Gladsaxe Søborg 4","Hvidovre 4","home","Internal server error","https://www.badmintonplayer.dk/DBF/HoldTurnering/Stilling/#5,2023,16094,5,1,8,,454456,1093,"
"2023","454458","5","16094","Gladsaxe Søborg 4","Rødovre 2","home","Internal server error","https://www.badmintonplayer.dk/DBF/HoldTurnering/Stilling/#5,2023,16094,5,1,8,,454458,1093,"
"2023","453083","5","16095","Gladsaxe Søborg 5","Gentofte 8","home","Could not find any players on match","https://www.badmintonplayer.dk/DBF/HoldTurnering/Stilling/#5,2023,16095,5,1,8,,453083,1093,"
"2023","462821","18","16610","Gladsaxe Søborg 1","Horsens 1","home","Internal server error","https://www.badmintonplayer.dk/DBF/HoldTurnering/Stilling/#5,2023,16610,18,1,8,,462821,1093,"
"2023","462823","18","16610","Gladsaxe Søborg 1","Team Træf 1","home","Internal server error","https://www.badmintonplayer.dk/DBF/HoldTurnering/Stilling/#5,2023,16610,18,1,8,,462823,1093,"
"2023","462825","18","16610","Gladsaxe Søborg 1","Solbjerg 2","home","Internal server error","https://www.badmintonplayer.dk/DBF/HoldTurnering/Stilling/#5,2023,16610,18,1,8,,462825,1093,"
"2023","463488","18","16654","Gladsaxe Søborg 1","Stubbekøbing 1","home","Internal server error","https://www.badmintonplayer.dk/DBF/HoldTurnering/Stilling/#5,2023,16654,18,1,8,,463488,1093,"
"2023","452566","18","16087","Gladsaxe Søborg 1","NBK Amager 1","away","Internal server error","https://www.badmintonplayer.dk/DBF/HoldTurnering/Stilling/#5,2023,16087,18,1,8,,452566,1093,"
"2023","452567","18","16087","Gladsaxe Søborg 1","Vanløse 1","home","Internal server error","https://www.badmintonplayer.dk/DBF/HoldTurnering/Stilling/#5,2023,16087,18,1,8,,452567,1093,"
"2023","452570","18","16087","Gladsaxe Søborg 1","Valby BC 1","away","Internal server error","https://www.badmintonplayer.dk/DBF/HoldTurnering/Stilling/#5,2023,16087,18,1,8,,452570,1093,"
"2023","452571","18","16087","Gladsaxe Søborg 1","Lyngby 3","home","Internal server error","https://www.badmintonplayer.dk/DBF/HoldTurnering/Stilling/#5,2023,16087,18,1,8,,452571,1093,"
"2023","452572","18","16087","Gladsaxe Søborg 1","BC37 Amager 3","away","Internal server error","https://www.badmintonplayer.dk/DBF/HoldTurnering/Stilling/#5,2023,16087,18,1,8,,452572,1093,"
"2023","452573","18","16087","Gladsaxe Søborg 1","BC37 Amager 4","home","Internal server error","https://www.badmintonplayer.dk/DBF/HoldTurnering/Stilling/#5,2023,16087,18,1,8,,452573,1093,"
"2023","454632","18","16088","Gladsaxe Søborg 2","Lyngby 4","home","Internal server error","https://www.badmintonplayer.dk/DBF/HoldTurnering/Stilling/#5,2023,16088,18,1,8,,454632,1093,"
"2023","454634","18","16088","Gladsaxe Søborg 2","NBK Amager 2","home","Internal server error","https://www.badmintonplayer.dk/DBF/HoldTurnering/Stilling/#5,2023,16088,18,1,8,,454634,1093,"
"2023","452096","18","16088","Gladsaxe Søborg 2","KBK Kbh. 4","away","Internal server error","https://www.badmintonplayer.dk/DBF/HoldTurnering/Stilling/#5,2023,16088,18,1,8,,452096,1093,"
"2023","452099","18","16088","Gladsaxe Søborg 2","Vanløse 2","away","Internal server error","https://www.badmintonplayer.dk/DBF/HoldTurnering/Stilling/#5,2023,16088,18,1,8,,452099,1093,"
"2023","452105","18","16088","Gladsaxe Søborg 2","NBK Amager 2","away","Internal server error","https://www.badmintonplayer.dk/DBF/HoldTurnering/Stilling/#5,2023,16088,18,1,8,,452105,1093,"
"2023","452106","18","16088","Gladsaxe Søborg 2","KBK Kbh. 4","home","Internal server error","https://www.badmintonplayer.dk/DBF/HoldTurnering/Stilling/#5,2023,16088,18,1,8,,452106,1093,"
"2023","452109","18","16088","Gladsaxe Søborg 2","Lyngby 4","away","Internal server error","https://www.badmintonplayer.dk/DBF/HoldTurnering/Stilling/#5,2023,16088,18,1,8,,452109,1093,"
"2023","452111","18","16088","Gladsaxe Søborg 2","Vanløse 2","home","Internal server error","https://www.badmintonplayer.dk/DBF/HoldTurnering/Stilling/#5,2023,16088,18,1,8,,452111,1093,"
"2023","446325","9","15888","Gladsaxe Søborg 3","BKPOINT Kbh. 1","home","Internal server error","https://www.badmintonplayer.dk/DBF/HoldTurnering/Stilling/#5,2023,15888,9,1,8,,446325,1093,"
"2023","446328","9","15888","Gladsaxe Søborg 3","Frederiksberg 2","away","Internal server error","https://www.badmintonplayer.dk/DBF/HoldTurnering/Stilling/#5,2023,15888,9,1,8,,446328,1093,"
"2023","446330","9","15888","Gladsaxe Søborg 3","Hvidovre HB2000 3","home","Internal server error","https://www.badmintonplayer.dk/DBF/HoldTurnering/Stilling/#5,2023,15888,9,1,8,,446330,1093,"
"2023","446332","9","15888","Gladsaxe Søborg 3","Vanløse 3","home","Internal server error","https://www.badmintonplayer.dk/DBF/HoldTurnering/Stilling/#5,2023,15888,9,1,8,,446332,1093,"
"2023","446338","9","15888","Gladsaxe Søborg 3","Dragør 1","home","Internal server error","https://www.badmintonplayer.dk/DBF/HoldTurnering/Stilling/#5,2023,15888,9,1,8,,446338,1093,"
"2023","446341","9","15888","Gladsaxe Søborg 3","Pan Kbh. 1","away","Internal server error","https://www.badmintonplayer.dk/DBF/HoldTurnering/Stilling/#5,2023,15888,9,1,8,,446341,1093,"
"2023","445371","17","15897","Gladsaxe Søborg 1","NBK Amager 1","home","Internal server error","https://www.badmintonplayer.dk/DBF/HoldTurnering/Stilling/#5,2023,15897,17,1,8,,445371,1093,"
"2023","445376","17","15897","Gladsaxe Søborg 1","BK36 Kbh. 1","away","Internal server error","https://www.badmintonplayer.dk/DBF/HoldTurnering/Stilling/#5,2023,15897,17,1,8,,445376,1093,"
"2023","445385","17","15897","Gladsaxe Søborg 1","FKIF Frederiksberg 2","away","Internal server error","https://www.badmintonplayer.dk/DBF/HoldTurnering/Stilling/#5,2023,15897,17,1,8,,445385,1093,"
"2023","445388","17","15897","Gladsaxe Søborg 1","Frederiksberg 1","home","Internal server error","https://www.badmintonplayer.dk/DBF/HoldTurnering/Stilling/#5,2023,15897,17,1,8,,445388,1093,"
"2023","445394","17","15897","Gladsaxe Søborg 1","Frederiksberg 2","away","Internal server error","https://www.badmintonplayer.dk/DBF/HoldTurnering/Stilling/#5,2023,15897,17,1,8,,445394,1093,"
"2023","445396","17","15897","Gladsaxe Søborg 1","FKIF Frederiksberg 1","home","Internal server error","https://www.badmintonplayer.dk/DBF/HoldTurnering/Stilling/#5,2023,15897,17,1,8,,445396,1093,"
"2023","445400","17","15897","Gladsaxe Søborg 1","KBK Kbh. 1","home","Internal server error","https://www.badmintonplayer.dk/DBF/HoldTurnering/Stilling/#5,2023,15897,17,1,8,,445400,1093,"
"2023","445404","17","15897","Gladsaxe Søborg 1","Hvidovre 1","away","Internal server error","https://www.badmintonplayer.dk/DBF/HoldTurnering/Stilling/#5,2023,15897,17,1,8,,445404,1093,"
"2022","430281","2","14983","Gladsaxe Søborg 1","KMB2010 1","away","Internal server error","https://www.badmintonplayer.dk/DBF/HoldTurnering/Stilling/#5,2022,14983,2,1,8,,430281,1093,"
"2022","430283","2","14983","Gladsaxe Søborg 1","Islands Brygge 1","home","Internal server error","https://www.badmintonplayer.dk/DBF/HoldTurnering/Stilling/#5,2022,14983,2,1,8,,430283,1093,"
"2022","430291","2","14983","Gladsaxe Søborg 1","Skovshoved 1","home","Internal server error","https://www.badmintonplayer.dk/DBF/HoldTurnering/Stilling/#5,2022,14983,2,1,8,,430291,1093,"
"2022","430292","2","14983","Gladsaxe Søborg 1","Hvidovre 1","home","Internal server error","https://www.badmintonplayer.dk/DBF/HoldTurnering/Stilling/#5,2022,14983,2,1,8,,430292,1093,"
"2022","430295","2","14983","Gladsaxe Søborg 1","Frederiksberg 1","home","Internal server error","https://www.badmintonplayer.dk/DBF/HoldTurnering/Stilling/#5,2022,14983,2,1,8,,430295,1093,"
"2022","430296","2","14983","Gladsaxe Søborg 1","KBK Kbh. 1","away","Internal server error","https://www.badmintonplayer.dk/DBF/HoldTurnering/Stilling/#5,2022,14983,2,1,8,,430296,1093,"
"2022","442935","3","15528","Gladsaxe Søborg 1","Aarhus AB 1","home","Internal server error","https://www.badmintonplayer.dk/DBF/HoldTurnering/Stilling/#5,2022,15528,3,1,8,,442935,1093,"
"2022","442936","3","15528","Gladsaxe Søborg 1","Horsens 1","away","Internal server error","https://www.badmintonplayer.dk/DBF/HoldTurnering/Stilling/#5,2022,15528,3,1,8,,442936,1093,"
"2022","442940","3","15528","Gladsaxe Søborg 1","Hørsholm 1","away","Internal server error","https://www.badmintonplayer.dk/DBF/HoldTurnering/Stilling/#5,2022,15528,3,1,8,,442940,1093,"
"2022","442944","3","15528","Gladsaxe Søborg 1","Hjørring 2","away","Internal server error","https://www.badmintonplayer.dk/DBF/HoldTurnering/Stilling/#5,2022,15528,3,1,8,,442944,1093,"
"2022","442947","3","15528","Gladsaxe Søborg 1","Humlebæk 1","away","Internal server error","https://www.badmintonplayer.dk/DBF/HoldTurnering/Stilling/#5,2022,15528,3,1,8,,442947,1093,"
"2022","429629","3","14989","Gladsaxe Søborg 2","Drive 1","away","Internal server error","https://www.badmintonplayer.dk/DBF/HoldTurnering/Stilling/#5,2022,14989,3,1,8,,429629,1093,"
"2022","429630","3","14989","Gladsaxe Søborg 2","KBK Kbh. 1","home","Internal server error","https://www.badmintonplayer.dk/DBF/HoldTurnering/Stilling/#5,2022,14989,3,1,8,,429630,1093,"
"2022","429634","3","14989","Gladsaxe Søborg 2","Drive 1","home","Internal server error","https://www.badmintonplayer.dk/DBF/HoldTurnering/Stilling/#5,2022,14989,3,1,8,,429634,1093,"
"2022","429636","3","14989","Gladsaxe Søborg 2","Skovshoved 2","away","Internal server error","https://www.badmintonplayer.dk/DBF/HoldTurnering/Stilling/#5,2022,14989,3,1,8,,429636,1093,"
"2022","429647","3","14989","Gladsaxe Søborg 2","Lyngby 1","away","Internal server error","https://www.badmintonplayer.dk/DBF/HoldTurnering/Stilling/#5,2022,14989,3,1,8,,429647,1093,"
"2022","429648","3","14989","Gladsaxe Søborg 2","Skovshoved 2","home","Internal server error","https://www.badmintonplayer.dk/DBF/HoldTurnering/Stilling/#5,2022,14989,3,1,8,,429648,1093,"
"2022","433613","3","14989","Gladsaxe Søborg 2","KBK Kbh. 1","away","Internal server error","https://www.badmintonplayer.dk/DBF/HoldTurnering/Stilling/#5,2022,14989,3,1,8,,433613,1093,"
"2022","433615","3","14989","Gladsaxe Søborg 2","FKIF Frederiksberg 1","home","Internal server error","https://www.badmintonplayer.dk/DBF/HoldTurnering/Stilling/#5,2022,14989,3,1,8,,433615,1093,"
"2022","429654","3","14989","Gladsaxe Søborg 2","Lyngby 1","home","Internal server error","https://www.badmintonplayer.dk/DBF/HoldTurnering/Stilling/#5,2022,14989,3,1,8,,429654,1093,"
"2022","429656","3","14989","Gladsaxe Søborg 2","FKIF Frederiksberg 1","away","Internal server error","https://www.badmintonplayer.dk/DBF/HoldTurnering/Stilling/#5,2022,14989,3,1,8,,429656,1093,"
"2022","442966","3","15538","Gladsaxe Søborg 2","Børkop 1","away","Internal server error","https://www.badmintonplayer.dk/DBF/HoldTurnering/Stilling/#5,2022,15538,3,1,8,,442966,1093,"
"2022","442967","3","15538","Gladsaxe Søborg 2","Lillerød 1","away","Internal server error","https://www.badmintonplayer.dk/DBF/HoldTurnering/Stilling/#5,2022,15538,3,1,8,,442967,1093,"
"2022","442970","3","15538","Gladsaxe Søborg 2","Gudum Nissum IF 1","home","Internal server error","https://www.badmintonplayer.dk/DBF/HoldTurnering/Stilling/#5,2022,15538,3,1,8,,442970,1093,"
"2022","442997","3","15579","Gladsaxe Søborg 2","Vejlby Risskov 1","home","Internal server error","https://www.badmintonplayer.dk/DBF/HoldTurnering/Stilling/#5,2022,15579,3,1,8,,442997,1093,"
"2022","443000","3","15579","Gladsaxe Søborg 2","Slangerup 1","home","Internal server error","https://www.badmintonplayer.dk/DBF/HoldTurnering/Stilling/#5,2022,15579,3,1,8,,443000,1093,"
"2022","429559","3","14987","Gladsaxe Søborg 3","Gentofte 2","away","Internal server error","https://www.badmintonplayer.dk/DBF/HoldTurnering/Stilling/#5,2022,14987,3,1,8,,429559,1093,"
"2022","429560","3","14987","Gladsaxe Søborg 3","KMB2010 2","home","Internal server error","https://www.badmintonplayer.dk/DBF/HoldTurnering/Stilling/#5,2022,14987,3,1,8,,429560,1093,"
"2022","429571","3","14987","Gladsaxe Søborg 3","Dragør 1","home","Internal server error","https://www.badmintonplayer.dk/DBF/HoldTurnering/Stilling/#5,2022,14987,3,1,8,,429571,1093,"
"2022","429572","3","14987","Gladsaxe Søborg 3","Islands Brygge 1","away","Internal server error","https://www.badmintonplayer.dk/DBF/HoldTurnering/Stilling/#5,2022,14987,3,1,8,,429572,1093,"
"2022","429575","3","14987","Gladsaxe Søborg 3","Hvidovre 2","home","Internal server error","https://www.badmintonplayer.dk/DBF/HoldTurnering/Stilling/#5,2022,14987,3,1,8,,429575,1093,"
"2022","429583","3","14987","Gladsaxe Søborg 3","Vanløse 1","away","Internal server error","https://www.badmintonplayer.dk/DBF/HoldTurnering/Stilling/#5,2022,14987,3,1,8,,429583,1093,"
"2022","429584","3","14987","Gladsaxe Søborg 3","Skovshoved 3","home","Internal server error","https://www.badmintonplayer.dk/DBF/HoldTurnering/Stilling/#5,2022,14987,3,1,8,,429584,1093,"
"2022","429489","3","14985","Gladsaxe Søborg 4","BC37 Amager 2","home","Internal server error","https://www.badmintonplayer.dk/DBF/HoldTurnering/Stilling/#5,2022,14985,3,1,8,,429489,1093,"
"2022","429491","3","14985","Gladsaxe Søborg 4","NBK Amager 1","away","Internal server error","https://www.badmintonplayer.dk/DBF/HoldTurnering/Stilling/#5,2022,14985,3,1,8,,429491,1093,"
"2022","429496","3","14985","Gladsaxe Søborg 4","Valby BC 1","home","Internal server error","https://www.badmintonplayer.dk/DBF/HoldTurnering/Stilling/#5,2022,14985,3,1,8,,429496,1093,"
"2022","429498","3","14985","Gladsaxe Søborg 4","Hvidovre 3","away","Internal server error","https://www.badmintonplayer.dk/DBF/HoldTurnering/Stilling/#5,2022,14985,3,1,8,,429498,1093,"
"2022","429504","3","14985","Gladsaxe Søborg 4","Gentofte 4","away","Internal server error","https://www.badmintonplayer.dk/DBF/HoldTurnering/Stilling/#5,2022,14985,3,1,8,,429504,1093,"
"2022","429509","3","14985","Gladsaxe Søborg 4","Skovshoved 5","away","Could not find any players on match","https://www.badmintonplayer.dk/DBF/HoldTurnering/Stilling/#5,2022,14985,3,1,8,,429509,1093,"
"2022","429511","3","14985","Gladsaxe Søborg 4","FKIF Frederiksberg 2","home","Internal server error","https://www.badmintonplayer.dk/DBF/HoldTurnering/Stilling/#5,2022,14985,3,1,8,,429511,1093,"
"2022","430343","3","14986","Gladsaxe Søborg 5","Badminton i indre By 1","away","Internal server error","https://www.badmintonplayer.dk/DBF/HoldTurnering/Stilling/#5,2022,14986,3,1,8,,430343,1093,"
"2022","430345","3","14986","Gladsaxe Søborg 5","Islands Brygge 2","home","Internal server error","https://www.badmintonplayer.dk/DBF/HoldTurnering/Stilling/#5,2022,14986,3,1,8,,430345,1093,"
"2022","430353","3","14986","Gladsaxe Søborg 5","Lyngby 3","home","Internal server error","https://www.badmintonplayer.dk/DBF/HoldTurnering/Stilling/#5,2022,14986,3,1,8,,430353,1093,"
"2022","430354","3","14986","Gladsaxe Søborg 5","KBK Kbh. 2","home","Internal server error","https://www.badmintonplayer.dk/DBF/HoldTurnering/Stilling/#5,2022,14986,3,1,8,,430354,1093,"
"2022","430357","3","14986","Gladsaxe Søborg 5","Vanløse 2","home","Internal server error","https://www.badmintonplayer.dk/DBF/HoldTurnering/Stilling/#5,2022,14986,3,1,8,,430357,1093,"
"2022","430358","3","14986","Gladsaxe Søborg 5","Gentofte 3","away","Internal server error","https://www.badmintonplayer.dk/DBF/HoldTurnering/Stilling/#5,2022,14986,3,1,8,,430358,1093,"
"2022","429906","4","14996","Gladsaxe Søborg 1","Lyngby 3","home","Internal server error","https://www.badmintonplayer.dk/DBF/HoldTurnering/Stilling/#5,2022,14996,4,1,8,,429906,1093,"
"2022","429908","4","14996","Gladsaxe Søborg 1","Vanløse 1","away","Internal server error","https://www.badmintonplayer.dk/DBF/HoldTurnering/Stilling/#5,2022,14996,4,1,8,,429908,1093,"
"2022","435580","4","14996","Gladsaxe Søborg 1","KBK Kbh. 1","away","Internal server error","https://www.badmintonplayer.dk/DBF/HoldTurnering/Stilling/#5,2022,14996,4,1,8,,435580,1093,"
"2022","435581","4","14996","Gladsaxe Søborg 1","Vanløse 1","home","Internal server error","https://www.badmintonplayer.dk/DBF/HoldTurnering/Stilling/#5,2022,14996,4,1,8,,435581,1093,"
"2022","429916","4","14996","Gladsaxe Søborg 1","KBK Kbh. 1","home","Internal server error","https://www.badmintonplayer.dk/DBF/HoldTurnering/Stilling/#5,2022,14996,4,1,8,,429916,1093,"
"2022","429918","4","14996","Gladsaxe Søborg 1","BC37 Amager 2","away","Internal server error","https://www.badmintonplayer.dk/DBF/HoldTurnering/Stilling/#5,2022,14996,4,1,8,,429918,1093,"
"2022","429922","4","14996","Gladsaxe Søborg 1","Drive 1","home","Internal server error","https://www.badmintonplayer.dk/DBF/HoldTurnering/Stilling/#5,2022,14996,4,1,8,,429922,1093,"
"2022","429924","4","14996","Gladsaxe Søborg 1","Lyngby 3","away","Internal server error","https://www.badmintonplayer.dk/DBF/HoldTurnering/Stilling/#5,2022,14996,4,1,8,,429924,1093,"
"2022","429929","4","14996","Gladsaxe Søborg 1","Drive 1","away","Internal server error","https://www.badmintonplayer.dk/DBF/HoldTurnering/Stilling/#5,2022,14996,4,1,8,,429929,1093,"
"2022","429932","4","14996","Gladsaxe Søborg 1","BC37 Amager 2","home","Internal server error","https://www.badmintonplayer.dk/DBF/HoldTurnering/Stilling/#5,2022,14996,4,1,8,,429932,1093,"
"2022","429727","4","14992","Gladsaxe Søborg 2","Charlottenlund 2","away","Internal server error","https://www.badmintonplayer.dk/DBF/HoldTurnering/Stilling/#5,2022,14992,4,1,8,,429727,1093,"
"2022","429729","4","14992","Gladsaxe Søborg 2","Hvidovre 3","home","Internal server error","https://www.badmintonplayer.dk/DBF/HoldTurnering/Stilling/#5,2022,14992,4,1,8,,429729,1093,"
"2022","430407","4","14992","Gladsaxe Søborg 2","NBK Amager 2","away","Internal server error","https://www.badmintonplayer.dk/DBF/HoldTurnering/Stilling/#5,2022,14992,4,1,8,,430407,1093,"
"2022","430413","4","14992","Gladsaxe Søborg 2","BK36 Kbh. 3","away","Internal server error","https://www.badmintonplayer.dk/DBF/HoldTurnering/Stilling/#5,2022,14992,4,1,8,,430413,1093,"
"2022","430414","4","14992","Gladsaxe Søborg 2","KBK Kbh. 3","home","Internal server error","https://www.badmintonplayer.dk/DBF/HoldTurnering/Stilling/#5,2022,14992,4,1,8,,430414,1093,"
"2022","430426","4","14992","Gladsaxe Søborg 2","BC37 Amager 4","home","Internal server error","https://www.badmintonplayer.dk/DBF/HoldTurnering/Stilling/#5,2022,14992,4,1,8,,430426,1093,"
"2022","430428","4","14992","Gladsaxe Søborg 2","Vanløse 3","away","Internal server error","https://www.badmintonplayer.dk/DBF/HoldTurnering/Stilling/#5,2022,14992,4,1,8,,430428,1093,"
"2022","443604","4","15698","Gladsaxe Søborg 2","Korup 1","home","Internal server error","https://www.badmintonplayer.dk/DBF/HoldTurnering/Stilling/#5,2022,15698,4,1,8,,443604,1093,"
"2022","443605","4","15698","Gladsaxe Søborg 2","Jernløse 3","home","Internal server error","https://www.badmintonplayer.dk/DBF/HoldTurnering/Stilling/#5,2022,15698,4,1,8,,443605,1093,"
"2022","443637","4","15710","Gladsaxe Søborg 2","Viborg 2","home","Internal server error","https://www.badmintonplayer.dk/DBF/HoldTurnering/Stilling/#5,2022,15710,4,1,8,,443637,1093,"
"2022","443659","4","15721","Gladsaxe Søborg 2","KMB2010 3","home","Internal server error","https://www.badmintonplayer.dk/DBF/HoldTurnering/Stilling/#5,2022,15721,4,1,8,,443659,1093,"
"2022","443661","4","15721","Gladsaxe Søborg 2","Nykøbing F 1","home","Internal server error","https://www.badmintonplayer.dk/DBF/HoldTurnering/Stilling/#5,2022,15721,4,1,8,,443661,1093,"
"2022","429774","4","14991","Gladsaxe Søborg 3","NBK Amager 1","home","Internal server error","https://www.badmintonplayer.dk/DBF/HoldTurnering/Stilling/#5,2022,14991,4,1,8,,429774,1093,"
"2022","429790","4","14991","Gladsaxe Søborg 3","Dragør 1","home","Internal server error","https://www.badmintonplayer.dk/DBF/HoldTurnering/Stilling/#5,2022,14991,4,1,8,,429790,1093,"
"2022","429792","4","14991","Gladsaxe Søborg 3","BK36 Kbh. 2","away","Internal server error","https://www.badmintonplayer.dk/DBF/HoldTurnering/Stilling/#5,2022,14991,4,1,8,,429792,1093,"
"2022","433928","4","14991","Gladsaxe Søborg 3","KMB2010 4","away","Internal server error","https://www.badmintonplayer.dk/DBF/HoldTurnering/Stilling/#5,2022,14991,4,1,8,,433928,1093,"
"2022","433929","4","14991","Gladsaxe Søborg 3","Islands Brygge 2","home","Internal server error","https://www.badmintonplayer.dk/DBF/HoldTurnering/Stilling/#5,2022,14991,4,1,8,,433929,1093,"
"2022","429797","4","14991","Gladsaxe Søborg 3","Valby BC 2","away","Internal server error","https://www.badmintonplayer.dk/DBF/HoldTurnering/Stilling/#5,2022,14991,4,1,8,,429797,1093,"
"2022","429798","4","14991","Gladsaxe Søborg 3","Rødovre 1","home","Internal server error","https://www.badmintonplayer.dk/DBF/HoldTurnering/Stilling/#5,2022,14991,4,1,8,,429798,1093,"
"2022","443917","5","15620","Gladsaxe Søborg 1","Jernløse/Sorø 1","home","Internal server error","https://www.badmintonplayer.dk/DBF/HoldTurnering/Stilling/#5,2022,15620,5,1,8,,443917,1093,"
"2022","443918","5","15620","Gladsaxe Søborg 1","Horsens 1","home","Internal server error","https://www.badmintonplayer.dk/DBF/HoldTurnering/Stilling/#5,2022,15620,5,1,8,,443918,1093,"
"2022","443925","5","15791","Gladsaxe Søborg 1","abc Aalborg 1","home","Internal server error","https://www.badmintonplayer.dk/DBF/HoldTurnering/Stilling/#5,2022,15791,5,1,8,,443925,1093,"
"2022","443927","5","15791","Gladsaxe Søborg 1","Horsens 1","home","Internal server error","https://www.badmintonplayer.dk/DBF/HoldTurnering/Stilling/#5,2022,15791,5,1,8,,443927,1093,"
"2022","433935","5","15003","Gladsaxe Søborg 1","Vanløse 1","home","Internal server error","https://www.badmintonplayer.dk/DBF/HoldTurnering/Stilling/#5,2022,15003,5,1,8,,433935,1093,"
"2022","433937","5","15003","Gladsaxe Søborg 1","KMB2010 1","away","Internal server error","https://www.badmintonplayer.dk/DBF/HoldTurnering/Stilling/#5,2022,15003,5,1,8,,433937,1093,"
"2022","430835","5","15003","Gladsaxe Søborg 1","BC37 Amager 2","away","Internal server error","https://www.badmintonplayer.dk/DBF/HoldTurnering/Stilling/#5,2022,15003,5,1,8,,430835,1093,"
"2022","430837","5","15003","Gladsaxe Søborg 1","Drive 2","away","Internal server error","https://www.badmintonplayer.dk/DBF/HoldTurnering/Stilling/#5,2022,15003,5,1,8,,430837,1093,"
"2022","430838","5","15003","Gladsaxe Søborg 1","KBK Kbh. 3","away","Internal server error","https://www.badmintonplayer.dk/DBF/HoldTurnering/Stilling/#5,2022,15003,5,1,8,,430838,1093,"
"2022","430841","5","15003","Gladsaxe Søborg 1","Lyngby 2","home","Internal server error","https://www.badmintonplayer.dk/DBF/HoldTurnering/Stilling/#5,2022,15003,5,1,8,,430841,1093,"
"2022","430117","5","15002","Gladsaxe Søborg 2","Hvidovre 2","home","Internal server error","https://www.badmintonplayer.dk/DBF/HoldTurnering/Stilling/#5,2022,15002,5,1,8,,430117,1093,"
"2022","430119","5","15002","Gladsaxe Søborg 2","Valby BC 1","away","Internal server error","https://www.badmintonplayer.dk/DBF/HoldTurnering/Stilling/#5,2022,15002,5,1,8,,430119,1093,"
"2022","430123","5","15002","Gladsaxe Søborg 2","Dragør","away","Internal server error","https://www.badmintonplayer.dk/DBF/HoldTurnering/Stilling/#5,2022,15002,5,1,8,,430123,1093,"
"2022","430124","5","15002","Gladsaxe Søborg 2","Vanløse 2","home","Internal server error","https://www.badmintonplayer.dk/DBF/HoldTurnering/Stilling/#5,2022,15002,5,1,8,,430124,1093,"
"2022","430139","5","15002","Gladsaxe Søborg 2","KBK Kbh. 4","away","Internal server error","https://www.badmintonplayer.dk/DBF/HoldTurnering/Stilling/#5,2022,15002,5,1,8,,430139,1093,"
"2022","430140","5","15002","Gladsaxe Søborg 2","Skovshoved 3","home","Internal server error","https://www.badmintonplayer.dk/DBF/HoldTurnering/Stilling/#5,2022,15002,5,1,8,,430140,1093,"
"2022","430146","5","15002","Gladsaxe Søborg 2","FKIF Frederiksberg 3","home","Internal server error","https://www.badmintonplayer.dk/DBF/HoldTurnering/Stilling/#5,2022,15002,5,1,8,,430146,1093,"
"2022","430085","5","15001","Gladsaxe Søborg 3","Charlottenlund 2","away","Internal server error","https://www.badmintonplayer.dk/DBF/HoldTurnering/Stilling/#5,2022,15001,5,1,8,,430085,1093,"
"2022","430086","5","15001","Gladsaxe Søborg 3","BC37 Amager 3","home","Internal server error","https://www.badmintonplayer.dk/DBF/HoldTurnering/Stilling/#5,2022,15001,5,1,8,,430086,1093,"
"2022","430090","5","15001","Gladsaxe Søborg 3","Charlottenlund 2","home","Internal server error","https://www.badmintonplayer.dk/DBF/HoldTurnering/Stilling/#5,2022,15001,5,1,8,,430090,1093,"
"2022","430092","5","15001","Gladsaxe Søborg 3","Valby BC 2","away","Internal server error","https://www.badmintonplayer.dk/DBF/HoldTurnering/Stilling/#5,2022,15001,5,1,8,,430092,1093,"
"2022","430103","5","15001","Gladsaxe Søborg 3","Lyngby 3","away","Internal server error","https://www.badmintonplayer.dk/DBF/HoldTurnering/Stilling/#5,2022,15001,5,1,8,,430103,1093,"
"2022","430104","5","15001","Gladsaxe Søborg 3","Valby BC 2","home","Internal server error","https://www.badmintonplayer.dk/DBF/HoldTurnering/Stilling/#5,2022,15001,5,1,8,,430104,1093,"
"2022","430106","5","15001","Gladsaxe Søborg 3","BC37 Amager 3","away","Internal server error","https://www.badmintonplayer.dk/DBF/HoldTurnering/Stilling/#5,2022,15001,5,1,8,,430106,1093,"
"2022","430108","5","15001","Gladsaxe Søborg 3","Skovshoved 5","home","Internal server error","https://www.badmintonplayer.dk/DBF/HoldTurnering/Stilling/#5,2022,15001,5,1,8,,430108,1093,"
"2022","430110","5","15001","Gladsaxe Søborg 3","Lyngby 3","home","Internal server error","https://www.badmintonplayer.dk/DBF/HoldTurnering/Stilling/#5,2022,15001,5,1,8,,430110,1093,"
"2022","430112","5","15001","Gladsaxe Søborg 3","Skovshoved 5","away","Internal server error","https://www.badmintonplayer.dk/DBF/HoldTurnering/Stilling/#5,2022,15001,5,1,8,,430112,1093,"
"2022","430515","5","14999","Gladsaxe Søborg 4","Dragør 1","away","Internal server error","https://www.badmintonplayer.dk/DBF/HoldTurnering/Stilling/#5,2022,14999,5,1,8,,430515,1093,"
"2022","430524","5","14999","Gladsaxe Søborg 4","Vanløse 3","home","Internal server error","https://www.badmintonplayer.dk/DBF/HoldTurnering/Stilling/#5,2022,14999,5,1,8,,430524,1093,"
"2022","430266","5","14999","Gladsaxe Søborg 4","Rødovre 1","away","Internal server error","https://www.badmintonplayer.dk/DBF/HoldTurnering/Stilling/#5,2022,14999,5,1,8,,430266,1093,"
"2022","430267","5","14999","Gladsaxe Søborg 4","NBK Amager 2","home","Internal server error","https://www.badmintonplayer.dk/DBF/HoldTurnering/Stilling/#5,2022,14999,5,1,8,,430267,1093,"
"2022","431284","5","14997","Gladsaxe Søborg 5","Skovshoved 8","away","Internal server error","https://www.badmintonplayer.dk/DBF/HoldTurnering/Stilling/#5,2022,14997,5,1,8,,431284,1093,"
"2022","431285","5","14997","Gladsaxe Søborg 5","Skovshoved 9","home","Internal server error","https://www.badmintonplayer.dk/DBF/HoldTurnering/Stilling/#5,2022,14997,5,1,8,,431285,1093,"
"2022","431289","5","14997","Gladsaxe Søborg 5","Skovshoved 8","home","Internal server error","https://www.badmintonplayer.dk/DBF/HoldTurnering/Stilling/#5,2022,14997,5,1,8,,431289,1093,"
"2022","431291","5","14997","Gladsaxe Søborg 5","Gentofte 5","away","Internal server error","https://www.badmintonplayer.dk/DBF/HoldTurnering/Stilling/#5,2022,14997,5,1,8,,431291,1093,"
"2022","431301","5","14997","Gladsaxe Søborg 5","NBK Amager 3","away","Internal server error","https://www.badmintonplayer.dk/DBF/HoldTurnering/Stilling/#5,2022,14997,5,1,8,,431301,1093,"
"2022","431302","5","14997","Gladsaxe Søborg 5","Gentofte 5","home","Internal server error","https://www.badmintonplayer.dk/DBF/HoldTurnering/Stilling/#5,2022,14997,5,1,8,,431302,1093,"
"2022","431304","5","14997","Gladsaxe Søborg 5","Skovshoved 9","away","Internal server error","https://www.badmintonplayer.dk/DBF/HoldTurnering/Stilling/#5,2022,14997,5,1,8,,431304,1093,"
"2022","431306","5","14997","Gladsaxe Søborg 5","Islands Brygge 3","home","Internal server error","https://www.badmintonplayer.dk/DBF/HoldTurnering/Stilling/#5,2022,14997,5,1,8,,431306,1093,"
"2022","431308","5","14997","Gladsaxe Søborg 5","NBK Amager 3","home","Internal server error","https://www.badmintonplayer.dk/DBF/HoldTurnering/Stilling/#5,2022,14997,5,1,8,,431308,1093,"
"2022","431310","5","14997","Gladsaxe Søborg 5","Islands Brygge 3","away","Internal server error","https://www.badmintonplayer.dk/DBF/HoldTurnering/Stilling/#5,2022,14997,5,1,8,,431310,1093,"
"2022","443460","18","15662","Gladsaxe Søborg 1","Lystrup 1","home","Internal server error","https://www.badmintonplayer.dk/DBF/HoldTurnering/Stilling/#5,2022,15662,18,1,8,,443460,1093,"
"2022","443461","18","15662","Gladsaxe Søborg 1","Dalum Hjallese BK 3","home","Internal server error","https://www.badmintonplayer.dk/DBF/HoldTurnering/Stilling/#5,2022,15662,18,1,8,,443461,1093,"
"2022","443482","18","15670","Gladsaxe Søborg 1","Rødovre 1","home","Internal server error","https://www.badmintonplayer.dk/DBF/HoldTurnering/Stilling/#5,2022,15670,18,1,8,,443482,1093,"
"2022","443484","18","15670","Gladsaxe Søborg 1","Humlebæk 1","home","Internal server error","https://www.badmintonplayer.dk/DBF/HoldTurnering/Stilling/#5,2022,15670,18,1,8,,443484,1093,"
"2022","440820","18","15334","Gladsaxe Søborg 1","Drive 2","away","Internal server error","https://www.badmintonplayer.dk/DBF/HoldTurnering/Stilling/#5,2022,15334,18,1,8,,440820,1093,"
"2022","440830","18","15334","Gladsaxe Søborg 1","SAIF Kbh. 1","away","Internal server error","https://www.badmintonplayer.dk/DBF/HoldTurnering/Stilling/#5,2022,15334,18,1,8,,440830,1093,"
"2022","440845","18","15334","Gladsaxe Søborg 1","BK36 Kbh. 1","home","Internal server error","https://www.badmintonplayer.dk/DBF/HoldTurnering/Stilling/#5,2022,15334,18,1,8,,440845,1093,"
"2022","440875","18","15334","Gladsaxe Søborg 1","Islands Brygge 1","away","Internal server error","https://www.badmintonplayer.dk/DBF/HoldTurnering/Stilling/#5,2022,15334,18,1,8,,440875,1093,"
"2022","440871","18","15334","Gladsaxe Søborg 1","Gentofte 2","home","Internal server error","https://www.badmintonplayer.dk/DBF/HoldTurnering/Stilling/#5,2022,15334,18,1,8,,440871,1093,"
"2022","440873","18","15334","Gladsaxe Søborg 1","Rødovre 1","away","Internal server error","https://www.badmintonplayer.dk/DBF/HoldTurnering/Stilling/#5,2022,15334,18,1,8,,440873,1093,"
"2022","427006","17","14882","Gladsaxe Søborg 1","BK36 Kbh. 1","home","Internal server error","https://www.badmintonplayer.dk/DBF/HoldTurnering/Stilling/#5,2022,14882,17,1,8,,427006,1093,"
"2022","427011","17","14882","Gladsaxe Søborg 1","KBK Kbh. 1","away","Internal server error","https://www.badmintonplayer.dk/DBF/HoldTurnering/Stilling/#5,2022,14882,17,1,8,,427011,1093,"
"2022","427014","17","14882","Gladsaxe Søborg 1","Hvidovre 1","away","Internal server error","https://www.badmintonplayer.dk/DBF/HoldTurnering/Stilling/#5,2022,14882,17,1,8,,427014,1093,"
"2022","427018","17","14882","Gladsaxe Søborg 1","Frederiksberg 1","home","Internal server error","https://www.badmintonplayer.dk/DBF/HoldTurnering/Stilling/#5,2022,14882,17,1,8,,427018,1093,"
"2022","427021","17","14882","Gladsaxe Søborg 1","Posten Kbh. 1","away","Internal server error","https://www.badmintonplayer.dk/DBF/HoldTurnering/Stilling/#5,2022,14882,17,1,8,,427021,1093,"
"2022","427025","17","14882","Gladsaxe Søborg 1","Frederiksberg 2","home","Internal server error","https://www.badmintonplayer.dk/DBF/HoldTurnering/Stilling/#5,2022,14882,17,1,8,,427025,1093,"
"2021","423618","2","14556","Gladsaxe Søborg 1","Hjørring 1","home","Internal server error","https://www.badmintonplayer.dk/DBF/HoldTurnering/Stilling/#5,2021,14556,2,1,8,,423618,1093,"
"2021","423621","2","14556","Gladsaxe Søborg 1","Viby J 1","home","Internal server error","https://www.badmintonplayer.dk/DBF/HoldTurnering/Stilling/#5,2021,14556,2,1,8,,423621,1093,"
"2021","423622","2","14556","Gladsaxe Søborg 1","Solrød Strand 1","away","Internal server error","https://www.badmintonplayer.dk/DBF/HoldTurnering/Stilling/#5,2021,14556,2,1,8,,423622,1093,"
"2021","424388","2","14556","Gladsaxe Søborg 1","Badminton Esbjerg 1","away","Internal server error","https://www.badmintonplayer.dk/DBF/HoldTurnering/Stilling/#5,2021,14556,2,1,8,,424388,1093,"
"2021","423643","2","14558","Gladsaxe Søborg 1","Dragør 1","home","Internal server error","https://www.badmintonplayer.dk/DBF/HoldTurnering/Stilling/#5,2021,14558,2,1,8,,423643,1093,"
"2021","413782","2","14136","Gladsaxe Søborg 1","Rødovre 1","away","Internal server error","https://www.badmintonplayer.dk/DBF/HoldTurnering/Stilling/#5,2021,14136,2,1,8,,413782,1093,"
"2021","413791","2","14136","Gladsaxe Søborg 1","Islands Brygge 1","home","Internal server error","https://www.badmintonplayer.dk/DBF/HoldTurnering/Stilling/#5,2021,14136,2,1,8,,413791,1093,"
"2021","413793","2","14136","Gladsaxe Søborg 1","Hvidovre 1","away","Internal server error","https://www.badmintonplayer.dk/DBF/HoldTurnering/Stilling/#5,2021,14136,2,1,8,,413793,1093,"
"2021","413798","2","14136","Gladsaxe Søborg 1","Hvidovre 2","away","Internal server error","https://www.badmintonplayer.dk/DBF/HoldTurnering/Stilling/#5,2021,14136,2,1,8,,413798,1093,"
"2021","413799","2","14136","Gladsaxe Søborg 1","Dragør 1","home","Internal server error","https://www.badmintonplayer.dk/DBF/HoldTurnering/Stilling/#5,2021,14136,2,1,8,,413799,1093,"
"2021","413803","2","14136","Gladsaxe Søborg 1","BC37 Amager 1","away","Internal server error","https://www.badmintonplayer.dk/DBF/HoldTurnering/Stilling/#5,2021,14136,2,1,8,,413803,1093,"
"2021","413804","2","14136","Gladsaxe Søborg 1","KBK Kbh. 1","home","Internal server error","https://www.badmintonplayer.dk/DBF/HoldTurnering/Stilling/#5,2021,14136,2,1,8,,413804,1093,"
"2021","413842","3","14138","Gladsaxe Søborg 1","Vanløse 2","home","Internal server error","https://www.badmintonplayer.dk/DBF/HoldTurnering/Stilling/#5,2021,14138,3,1,8,,413842,1093,"
"2021","413844","3","14138","Gladsaxe Søborg 1","KMB2010 2","away","Internal server error","https://www.badmintonplayer.dk/DBF/HoldTurnering/Stilling/#5,2021,14138,3,1,8,,413844,1093,"
"2021","413852","3","14138","Gladsaxe Søborg 1","Gentofte 1","away","Internal server error","https://www.badmintonplayer.dk/DBF/HoldTurnering/Stilling/#5,2021,14138,3,1,8,,413852,1093,"
"2021","413853","3","14138","Gladsaxe Søborg 1","Lyngby 3","home","Internal server error","https://www.badmintonplayer.dk/DBF/HoldTurnering/Stilling/#5,2021,14138,3,1,8,,413853,1093,"
"2021","413864","3","14138","Gladsaxe Søborg 1","Hvidovre 3","away","Internal server error","https://www.badmintonplayer.dk/DBF/HoldTurnering/Stilling/#5,2021,14138,3,1,8,,413864,1093,"
"2021","413873","3","14138","Gladsaxe Søborg 1","Dragør 2","away","Internal server error","https://www.badmintonplayer.dk/DBF/HoldTurnering/Stilling/#5,2021,14138,3,1,8,,413873,1093,"
"2021","413877","3","14138","Gladsaxe Søborg 1","Islands Brygge 2","home","Internal server error","https://www.badmintonplayer.dk/DBF/HoldTurnering/Stilling/#5,2021,14138,3,1,8,,413877,1093,"
"2021","413879","3","14138","Gladsaxe Søborg 1","Skovshoved 3","away","Internal server error","https://www.badmintonplayer.dk/DBF/HoldTurnering/Stilling/#5,2021,14138,3,1,8,,413879,1093,"
"2021","413894","3","14139","Gladsaxe Søborg 2","Valby BC 3","home","Internal server error","https://www.badmintonplayer.dk/DBF/HoldTurnering/Stilling/#5,2021,14139,3,1,8,,413894,1093,"
"2021","413895","3","14139","Gladsaxe Søborg 2","BC37 Amager 2","away","Internal server error","https://www.badmintonplayer.dk/DBF/HoldTurnering/Stilling/#5,2021,14139,3,1,8,,413895,1093,"
"2021","413899","3","14139","Gladsaxe Søborg 2","FKIF Frederiksberg 2","home","Internal server error","https://www.badmintonplayer.dk/DBF/HoldTurnering/Stilling/#5,2021,14139,3,1,8,,413899,1093,"
"2021","413911","3","14139","Gladsaxe Søborg 2","Charlottenlund 1","home","Internal server error","https://www.badmintonplayer.dk/DBF/HoldTurnering/Stilling/#5,2021,14139,3,1,8,,413911,1093,"
"2021","413915","3","14139","Gladsaxe Søborg 2","Skovshoved 4","home","Internal server error","https://www.badmintonplayer.dk/DBF/HoldTurnering/Stilling/#5,2021,14139,3,1,8,,413915,1093,"
"2021","413917","3","14139","Gladsaxe Søborg 2","Rødovre 1","away","Internal server error","https://www.badmintonplayer.dk/DBF/HoldTurnering/Stilling/#5,2021,14139,3,1,8,,413917,1093,"
"2021","413923","3","14139","Gladsaxe Søborg 2","Lyngby 4","away","Could not find any players on match","https://www.badmintonplayer.dk/DBF/HoldTurnering/Stilling/#5,2021,14139,3,1,8,,413923,1093,"
"2021","413924","3","14139","Gladsaxe Søborg 2","KBK Kbh. 2","home","Internal server error","https://www.badmintonplayer.dk/DBF/HoldTurnering/Stilling/#5,2021,14139,3,1,8,,413924,1093,"
"2021","413935","3","14140","Gladsaxe Søborg 3","Frederiksberg 1","away","Internal server error","https://www.badmintonplayer.dk/DBF/HoldTurnering/Stilling/#5,2021,14140,3,1,8,,413935,1093,"
"2021","413936","3","14140","Gladsaxe Søborg 3","BK36 Kbh. 1","home","Internal server error","https://www.badmintonplayer.dk/DBF/HoldTurnering/Stilling/#5,2021,14140,3,1,8,,413936,1093,"
"2021","413941","3","14140","Gladsaxe Søborg 3","Valby BC 2","away","Internal server error","https://www.badmintonplayer.dk/DBF/HoldTurnering/Stilling/#5,2021,14140,3,1,8,,413941,1093,"
"2021","413942","3","14140","Gladsaxe Søborg 3","BC37 Amager 1","home","Internal server error","https://www.badmintonplayer.dk/DBF/HoldTurnering/Stilling/#5,2021,14140,3,1,8,,413942,1093,"
"2021","413956","3","14140","Gladsaxe Søborg 3","KMB2010 3","home","Internal server error","https://www.badmintonplayer.dk/DBF/HoldTurnering/Stilling/#5,2021,14140,3,1,8,,413956,1093,"
"2021","413958","3","14140","Gladsaxe Søborg 3","Islands Brygge 1","away","Internal server error","https://www.badmintonplayer.dk/DBF/HoldTurnering/Stilling/#5,2021,14140,3,1,8,,413958,1093,"
"2021","413962","3","14140","Gladsaxe Søborg 3","NBK Amager 1","away","Internal server error","https://www.badmintonplayer.dk/DBF/HoldTurnering/Stilling/#5,2021,14140,3,1,8,,413962,1093,"
"2021","413963","3","14140","Gladsaxe Søborg 3","Lyngby 2","home","Internal server error","https://www.badmintonplayer.dk/DBF/HoldTurnering/Stilling/#5,2021,14140,3,1,8,,413963,1093,"
"2021","424538","4","14731","Gladsaxe Søborg 1","Jernløse 1","home","Internal server error","https://www.badmintonplayer.dk/DBF/HoldTurnering/Stilling/#5,2021,14731,4,1,8,,424538,1093,"
"2021","424540","4","14731","Gladsaxe Søborg 1","Vejle 2","away","Internal server error","https://www.badmintonplayer.dk/DBF/HoldTurnering/Stilling/#5,2021,14731,4,1,8,,424540,1093,"
"2021","424549","4","14735","Gladsaxe Søborg 1","Badminton Esbjerg 1","away","Internal server error","https://www.badmintonplayer.dk/DBF/HoldTurnering/Stilling/#5,2021,14735,4,1,8,,424549,1093,"
"2021","424552","4","14737","Gladsaxe Søborg 1","Nykøbing F 1","home","Internal server error","https://www.badmintonplayer.dk/DBF/HoldTurnering/Stilling/#5,2021,14737,4,1,8,,424552,1093,"
"2021","424554","4","14737","Gladsaxe Søborg 1","Jernløse 1","away","Internal server error","https://www.badmintonplayer.dk/DBF/HoldTurnering/Stilling/#5,2021,14737,4,1,8,,424554,1093,"
"2021","414809","4","14147","Gladsaxe Søborg 1","Hvidovre 1","away","Internal server error","https://www.badmintonplayer.dk/DBF/HoldTurnering/Stilling/#5,2021,14147,4,1,8,,414809,1093,"
"2021","414810","4","14147","Gladsaxe Søborg 1","Skovshoved 2","home","Internal server error","https://www.badmintonplayer.dk/DBF/HoldTurnering/Stilling/#5,2021,14147,4,1,8,,414810,1093,"
"2021","414263","4","14147","Gladsaxe Søborg 1","Drive 1","home","Internal server error","https://www.badmintonplayer.dk/DBF/HoldTurnering/Stilling/#5,2021,14147,4,1,8,,414263,1093,"
"2021","414265","4","14147","Gladsaxe Søborg 1","FKIF Frederiksberg 1","home","Internal server error","https://www.badmintonplayer.dk/DBF/HoldTurnering/Stilling/#5,2021,14147,4,1,8,,414265,1093,"
"2021","414266","4","14147","Gladsaxe Søborg 1","BC37 Amager 2","away","Internal server error","https://www.badmintonplayer.dk/DBF/HoldTurnering/Stilling/#5,2021,14147,4,1,8,,414266,1093,"
"2021","414276","4","14147","Gladsaxe Søborg 1","Skovshoved 3","away","Internal server error","https://www.badmintonplayer.dk/DBF/HoldTurnering/Stilling/#5,2021,14147,4,1,8,,414276,1093,"
"2021","414278","4","14147","Gladsaxe Søborg 1","KBK Kbh. 1","home","Internal server error","https://www.badmintonplayer.dk/DBF/HoldTurnering/Stilling/#5,2021,14147,4,1,8,,414278,1093,"
"2021","414083","4","14143","Gladsaxe Søborg 2","FKIF Frederiksberg 2","home","Internal server error","https://www.badmintonplayer.dk/DBF/HoldTurnering/Stilling/#5,2021,14143,4,1,8,,414083,1093,"
"2021","414085","4","14143","Gladsaxe Søborg 2","Vanløse 2","away","Internal server error","https://www.badmintonplayer.dk/DBF/HoldTurnering/Stilling/#5,2021,14143,4,1,8,,414085,1093,"
"2021","421909","4","14143","Gladsaxe Søborg 2","Dragør 2","away","Internal server error","https://www.badmintonplayer.dk/DBF/HoldTurnering/Stilling/#5,2021,14143,4,1,8,,421909,1093,"
"2021","421912","4","14143","Gladsaxe Søborg 2","Rødovre 1","home","Internal server error","https://www.badmintonplayer.dk/DBF/HoldTurnering/Stilling/#5,2021,14143,4,1,8,,421912,1093,"
"2021","421913","4","14143","Gladsaxe Søborg 2","Lejre 1","away","Internal server error","https://www.badmintonplayer.dk/DBF/HoldTurnering/Stilling/#5,2021,14143,4,1,8,,421913,1093,"
"2021","421915","4","14143","Gladsaxe Søborg 2","KMB2010 4","away","Could not find any players on match","https://www.badmintonplayer.dk/DBF/HoldTurnering/Stilling/#5,2021,14143,4,1,8,,421915,1093,"
"2021","421927","4","14143","Gladsaxe Søborg 2","Hvidovre HB2000 1","home","Internal server error","https://www.badmintonplayer.dk/DBF/HoldTurnering/Stilling/#5,2021,14143,4,1,8,,421927,1093,"
"2021","421933","4","14143","Gladsaxe Søborg 2","Hvidovre 4","away","Internal server error","https://www.badmintonplayer.dk/DBF/HoldTurnering/Stilling/#5,2021,14143,4,1,8,,421933,1093,"
"2021","421934","4","14143","Gladsaxe Søborg 2","KFUM Badminton Kbh. 1","home","Internal server error","https://www.badmintonplayer.dk/DBF/HoldTurnering/Stilling/#5,2021,14143,4,1,8,,421934,1093,"
"2021","414044","4","14142","Gladsaxe Søborg 3","Gentofte 4","away","Internal server error","https://www.badmintonplayer.dk/DBF/HoldTurnering/Stilling/#5,2021,14142,4,1,8,,414044,1093,"
"2021","414045","4","14142","Gladsaxe Søborg 3","Skovshoved 6","home","Internal server error","https://www.badmintonplayer.dk/DBF/HoldTurnering/Stilling/#5,2021,14142,4,1,8,,414045,1093,"
"2021","414053","4","14142","Gladsaxe Søborg 3","NBK Amager 2","away","Internal server error","https://www.badmintonplayer.dk/DBF/HoldTurnering/Stilling/#5,2021,14142,4,1,8,,414053,1093,"
"2021","414054","4","14142","Gladsaxe Søborg 3","KBK Kbh. 3","home","Internal server error","https://www.badmintonplayer.dk/DBF/HoldTurnering/Stilling/#5,2021,14142,4,1,8,,414054,1093,"
"2021","414059","4","14142","Gladsaxe Søborg 3","Charlottenlund 2","away","Internal server error","https://www.badmintonplayer.dk/DBF/HoldTurnering/Stilling/#5,2021,14142,4,1,8,,414059,1093,"
"2021","414060","4","14142","Gladsaxe Søborg 3","Frederiksberg 2","home","Internal server error","https://www.badmintonplayer.dk/DBF/HoldTurnering/Stilling/#5,2021,14142,4,1,8,,414060,1093,"
"2021","414074","4","14142","Gladsaxe Søborg 3","BC37 Amager 3","home","Internal server error","https://www.badmintonplayer.dk/DBF/HoldTurnering/Stilling/#5,2021,14142,4,1,8,,414074,1093,"
"2021","414076","4","14142","Gladsaxe Søborg 3","Hvidovre 3","away","Internal server error","https://www.badmintonplayer.dk/DBF/HoldTurnering/Stilling/#5,2021,14142,4,1,8,,414076,1093,"
"2021","413603","5","14081","Gladsaxe Søborg 1","FKIF/VBC 1","away","Internal server error","https://www.badmintonplayer.dk/DBF/HoldTurnering/Stilling/#5,2021,14081,5,1,8,,413603,1093,"
"2021","413606","5","14081","Gladsaxe Søborg 1","Næstved/Herlufsholm 1","home","Internal server error","https://www.badmintonplayer.dk/DBF/HoldTurnering/Stilling/#5,2021,14081,5,1,8,,413606,1093,"
"2021","413614","5","14081","Gladsaxe Søborg 1","Hillerød 2","home","Internal server error","https://www.badmintonplayer.dk/DBF/HoldTurnering/Stilling/#5,2021,14081,5,1,8,,413614,1093,"
"2021","413616","5","14081","Gladsaxe Søborg 1","Skælskør 1","home","Internal server error","https://www.badmintonplayer.dk/DBF/HoldTurnering/Stilling/#5,2021,14081,5,1,8,,413616,1093,"
"2021","413617","5","14081","Gladsaxe Søborg 1","Ringsted 1","home","Internal server error","https://www.badmintonplayer.dk/DBF/HoldTurnering/Stilling/#5,2021,14081,5,1,8,,413617,1093,"
"2021","413619","5","14081","Gladsaxe Søborg 1","Vanløse 1","home","Internal server error","https://www.badmintonplayer.dk/DBF/HoldTurnering/Stilling/#5,2021,14081,5,1,8,,413619,1093,"
"2021","414660","5","14157","Gladsaxe Søborg 2","KBK Kbh. 3","away","Internal server error","https://www.badmintonplayer.dk/DBF/HoldTurnering/Stilling/#5,2021,14157,5,1,8,,414660,1093,"
"2021","414661","5","14157","Gladsaxe Søborg 2","Valby BC 2","home","Internal server error","https://www.badmintonplayer.dk/DBF/HoldTurnering/Stilling/#5,2021,14157,5,1,8,,414661,1093,"
"2021","414665","5","14157","Gladsaxe Søborg 2","BC37 Amager 4","home","Internal server error","https://www.badmintonplayer.dk/DBF/HoldTurnering/Stilling/#5,2021,14157,5,1,8,,414665,1093,"
"2021","414670","5","14157","Gladsaxe Søborg 2","Lyngby 5","away","Internal server error","https://www.badmintonplayer.dk/DBF/HoldTurnering/Stilling/#5,2021,14157,5,1,8,,414670,1093,"
"2021","414675","5","14157","Gladsaxe Søborg 2","FKIF Frederiksberg 1","home","Internal server error","https://www.badmintonplayer.dk/DBF/HoldTurnering/Stilling/#5,2021,14157,5,1,8,,414675,1093,"
"2021","414676","5","14157","Gladsaxe Søborg 2","Dragør 2","away","Internal server error","https://www.badmintonplayer.dk/DBF/HoldTurnering/Stilling/#5,2021,14157,5,1,8,,414676,1093,"
"2021","414556","5","14155","Gladsaxe Søborg 3","SAIF Kbh. 2","home","Internal server error","https://www.badmintonplayer.dk/DBF/HoldTurnering/Stilling/#5,2021,14155,5,1,8,,414556,1093,"
"2021","414557","5","14155","Gladsaxe Søborg 3","Vanløse 3","away","Internal server error","https://www.badmintonplayer.dk/DBF/HoldTurnering/Stilling/#5,2021,14155,5,1,8,,414557,1093,"
"2021","414560","5","14155","Gladsaxe Søborg 3","NBK Amager 2","home","Internal server error","https://www.badmintonplayer.dk/DBF/HoldTurnering/Stilling/#5,2021,14155,5,1,8,,414560,1093,"
"2021","414564","5","14155","Gladsaxe Søborg 3","Drive 2","away","Internal server error","https://www.badmintonplayer.dk/DBF/HoldTurnering/Stilling/#5,2021,14155,5,1,8,,414564,1093,"
"2021","414565","5","14155","Gladsaxe Søborg 3","Charlottenlund 2","home","Internal server error","https://www.badmintonplayer.dk/DBF/HoldTurnering/Stilling/#5,2021,14155,5,1,8,,414565,1093,"
"2021","414577","5","14155","Gladsaxe Søborg 3","Hvidovre 3","home","Internal server error","https://www.badmintonplayer.dk/DBF/HoldTurnering/Stilling/#5,2021,14155,5,1,8,,414577,1093,"
"2021","422424","1","13790","Gladsaxe Søborg","Nordbyens Badmintonklub","home","Internal server error","https://www.badmintonplayer.dk/DBF/HoldTurnering/Stilling/#5,2021,13790,1,1,8,,422424,1093,"
"2021","407422","9","13959","Gladsaxe Søborg 3","Gentofte 3","home","Could not find any players on match","https://www.badmintonplayer.dk/DBF/HoldTurnering/Stilling/#5,2021,13959,9,1,8,,407422,1093,"
"2021","407478","9","13961","Gladsaxe Søborg 4","Hvidovre HB2000 3","home","Internal server error","https://www.badmintonplayer.dk/DBF/HoldTurnering/Stilling/#5,2021,13961,9,1,8,,407478,1093,"
"2021","407483","9","13961","Gladsaxe Søborg 4","Frederiksberg 2","away","Internal server error","https://www.badmintonplayer.dk/DBF/HoldTurnering/Stilling/#5,2021,13961,9,1,8,,407483,1093,"
"2021","407486","9","13961","Gladsaxe Søborg 4","Ryparken 2","away","Internal server error","https://www.badmintonplayer.dk/DBF/HoldTurnering/Stilling/#5,2021,13961,9,1,8,,407486,1093,"
"2021","407490","9","13961","Gladsaxe Søborg 4","Vanløse 3","home","Internal server error","https://www.badmintonplayer.dk/DBF/HoldTurnering/Stilling/#5,2021,13961,9,1,8,,407490,1093,"
"2021","407493","9","13961","Gladsaxe Søborg 4","PI København 1","away","Could not find any players on match","https://www.badmintonplayer.dk/DBF/HoldTurnering/Stilling/#5,2021,13961,9,1,8,,407493,1093,"
"2021","427781","13","13966","Gladsaxe Søborg 1","Hvidovre HB2000 1","home","Internal server error","https://www.badmintonplayer.dk/DBF/HoldTurnering/Stilling/#5,2021,13966,13,1,8,,427781,1093,"
"2021","427785","13","13966","Gladsaxe Søborg 1","Dragør 1","away","Internal server error","https://www.badmintonplayer.dk/DBF/HoldTurnering/Stilling/#5,2021,13966,13,1,8,,427785,1093,"
"2021","427793","13","13966","Gladsaxe Søborg 1","FKIF Frederiksberg 1","away","Internal server error","https://www.badmintonplayer.dk/DBF/HoldTurnering/Stilling/#5,2021,13966,13,1,8,,427793,1093,"
"2021","427797","13","13966","Gladsaxe Søborg 1","Lyngby 1","home","Internal server error","https://www.badmintonplayer.dk/DBF/HoldTurnering/Stilling/#5,2021,13966,13,1,8,,427797,1093,"
"2021","427804","13","13966","Gladsaxe Søborg 1","Hvidovre 1","home","Internal server error","https://www.badmintonplayer.dk/DBF/HoldTurnering/Stilling/#5,2021,13966,13,1,8,,427804,1093,"
"2021","427805","13","13966","Gladsaxe Søborg 1","KBK Kbh. 1","away","Internal server error","https://www.badmintonplayer.dk/DBF/HoldTurnering/Stilling/#5,2021,13966,13,1,8,,427805,1093,"
"2021","407565","17","13965","Gladsaxe Søborg 1","Frederiksberg 2","home","Internal server error","https://www.badmintonplayer.dk/DBF/HoldTurnering/Stilling/#5,2021,13965,17,1,8,,407565,1093,"
"2021","407556","17","13965","Gladsaxe Søborg 1","Hvidovre 1","home","Internal server error","https://www.badmintonplayer.dk/DBF/HoldTurnering/Stilling/#5,2021,13965,17,1,8,,407556,1093,"
"2021","407568","17","13965","Gladsaxe Søborg 1","Frederiksberg 1","away","Internal server error","https://www.badmintonplayer.dk/DBF/HoldTurnering/Stilling/#5,2021,13965,17,1,8,,407568,1093,"
"2021","407572","17","13965","Gladsaxe Søborg 1","KBK Kbh. 1","away","Internal server error","https://www.badmintonplayer.dk/DBF/HoldTurnering/Stilling/#5,2021,13965,17,1,8,,407572,1093,"
"2020","395199","2","13487","Gladsaxe Søborg 2","Dragør 1","away","Internal server error","https://www.badmintonplayer.dk/DBF/HoldTurnering/Stilling/#5,2020,13487,2,1,8,,395199,1093,"
"2020","395200","2","13487","Gladsaxe Søborg 2","Gladsaxe Søborg 1","away","Internal server error","https://www.badmintonplayer.dk/DBF/HoldTurnering/Stilling/#5,2020,13487,2,1,8,,395200,1093,"
"2020","395213","2","13487","Gladsaxe Søborg 2","BC37 Amager 1","away","Could not find any players on match","https://www.badmintonplayer.dk/DBF/HoldTurnering/Stilling/#5,2020,13487,2,1,8,,395213,1093,"
"2020","395215","2","13487","Gladsaxe Søborg 2","Hvidovre 1","away","Could not find any players on match","https://www.badmintonplayer.dk/DBF/HoldTurnering/Stilling/#5,2020,13487,2,1,8,,395215,1093,"
"2020","405418","2","13487","Gladsaxe Søborg 2","FKIF Frederiksberg 1","away","Internal server error","https://www.badmintonplayer.dk/DBF/HoldTurnering/Stilling/#5,2020,13487,2,1,8,,405418,1093,"
"2020","405419","2","13487","Gladsaxe Søborg 2","Skovshoved 1","away","Internal server error","https://www.badmintonplayer.dk/DBF/HoldTurnering/Stilling/#5,2020,13487,2,1,8,,405419,1093,"
"2020","394806","3","13484","Gladsaxe Søborg 1","Dragør 3","away","Internal server error","https://www.badmintonplayer.dk/DBF/HoldTurnering/Stilling/#5,2020,13484,3,1,8,,394806,1093,"
"2020","394807","3","13484","Gladsaxe Søborg 1","Islands Brygge 2","home","Internal server error","https://www.badmintonplayer.dk/DBF/HoldTurnering/Stilling/#5,2020,13484,3,1,8,,394807,1093,"
"2020","395108","3","13484","Gladsaxe Søborg 1","KFUM Badminton Kbh. 1","away","Internal server error","https://www.badmintonplayer.dk/DBF/HoldTurnering/Stilling/#5,2020,13484,3,1,8,,395108,1093,"
"2020","395109","3","13484","Gladsaxe Søborg 1","Lyngby 3","home","Could not find any players on match","https://www.badmintonplayer.dk/DBF/HoldTurnering/Stilling/#5,2020,13484,3,1,8,,395109,1093,"
"2020","395132","3","13484","Gladsaxe Søborg 1","BC37 Amager 1","home","Could not find any players on match","https://www.badmintonplayer.dk/DBF/HoldTurnering/Stilling/#5,2020,13484,3,1,8,,395132,1093,"
"2020","395134","3","13484","Gladsaxe Søborg 1","KMB2010 3","away","Could not find any players on match","https://www.badmintonplayer.dk/DBF/HoldTurnering/Stilling/#5,2020,13484,3,1,8,,395134,1093,"
"2020","405423","3","13484","Gladsaxe Søborg 1","Vanløse 2","away","Internal server error","https://www.badmintonplayer.dk/DBF/HoldTurnering/Stilling/#5,2020,13484,3,1,8,,405423,1093,"
"2020","405424","3","13484","Gladsaxe Søborg 1","Hvidovre 3","home","Internal server error","https://www.badmintonplayer.dk/DBF/HoldTurnering/Stilling/#5,2020,13484,3,1,8,,405424,1093,"
"2020","402365","3","13328","Gladsaxe Søborg 1","","","Could not find any players on match","https://www.badmintonplayer.dk/DBF/HoldTurnering/Stilling/#5,2020,13328,3,1,8,,402365,1093,"
"2020","388870","3","13328","Gladsaxe Søborg 1","","","Could not find any players on match","https://www.badmintonplayer.dk/DBF/HoldTurnering/Stilling/#5,2020,13328,3,1,8,,388870,1093,"
"2020","388873","3","13328","Gladsaxe Søborg 1","","","Could not find any players on match","https://www.badmintonplayer.dk/DBF/HoldTurnering/Stilling/#5,2020,13328,3,1,8,,388873,1093,"
"2020","394845","3","13485","Gladsaxe Søborg 2","Gentofte 1","away","Internal server error","https://www.badmintonplayer.dk/DBF/HoldTurnering/Stilling/#5,2020,13485,3,1,8,,394845,1093,"
"2020","394846","3","13485","Gladsaxe Søborg 2","Islands Brygge 1","home","Internal server error","https://www.badmintonplayer.dk/DBF/HoldTurnering/Stilling/#5,2020,13485,3,1,8,,394846,1093,"
"2020","395139","3","13485","Gladsaxe Søborg 2","Badminton i indre By 1","away","Could not find any players on match","https://www.badmintonplayer.dk/DBF/HoldTurnering/Stilling/#5,2020,13485,3,1,8,,395139,1093,"
"2020","395140","3","13485","Gladsaxe Søborg 2","Rødovre 1","home","Could not find any players on match","https://www.badmintonplayer.dk/DBF/HoldTurnering/Stilling/#5,2020,13485,3,1,8,,395140,1093,"
"2020","395153","3","13485","Gladsaxe Søborg 2","Lyngby 4","away","Could not find any players on match","https://www.badmintonplayer.dk/DBF/HoldTurnering/Stilling/#5,2020,13485,3,1,8,,395153,1093,"
"2020","395154","3","13485","Gladsaxe Søborg 2","Frederiksberg 2","home","Could not find any players on match","https://www.badmintonplayer.dk/DBF/HoldTurnering/Stilling/#5,2020,13485,3,1,8,,395154,1093,"
"2020","405435","3","13485","Gladsaxe Søborg 2","Skovshoved 3","home","Internal server error","https://www.badmintonplayer.dk/DBF/HoldTurnering/Stilling/#5,2020,13485,3,1,8,,405435,1093,"
"2020","405437","3","13485","Gladsaxe Søborg 2","BC37 Amager 2","away","Internal server error","https://www.badmintonplayer.dk/DBF/HoldTurnering/Stilling/#5,2020,13485,3,1,8,,405437,1093,"
"2020","394616","4","13477","Gladsaxe Søborg 1","Rødovre 1","home","Internal server error","https://www.badmintonplayer.dk/DBF/HoldTurnering/Stilling/#5,2020,13477,4,1,8,,394616,1093,"
"2020","394617","4","13477","Gladsaxe Søborg 1","Valby BC 2","away","Internal server error","https://www.badmintonplayer.dk/DBF/HoldTurnering/Stilling/#5,2020,13477,4,1,8,,394617,1093,"
"2020","394622","4","13477","Gladsaxe Søborg 1","KMB2010 2","home","Internal server error","https://www.badmintonplayer.dk/DBF/HoldTurnering/Stilling/#5,2020,13477,4,1,8,,394622,1093,"
"2020","394624","4","13477","Gladsaxe Søborg 1","Charlottenlund 1","away","Internal server error","https://www.badmintonplayer.dk/DBF/HoldTurnering/Stilling/#5,2020,13477,4,1,8,,394624,1093,"
"2020","394647","4","13477","Gladsaxe Søborg 1","Hvidovre 2","away","Could not find any players on match","https://www.badmintonplayer.dk/DBF/HoldTurnering/Stilling/#5,2020,13477,4,1,8,,394647,1093,"
"2020","394648","4","13477","Gladsaxe Søborg 1","Drive 2","home","Could not find any players on match","https://www.badmintonplayer.dk/DBF/HoldTurnering/Stilling/#5,2020,13477,4,1,8,,394648,1093,"
"2020","405378","4","13477","Gladsaxe Søborg 1","Lyngby 3","away","Internal server error","https://www.badmintonplayer.dk/DBF/HoldTurnering/Stilling/#5,2020,13477,4,1,8,,405378,1093,"
"2020","405496","4","13477","Gladsaxe Søborg 1","Dragør 2","home","Internal server error","https://www.badmintonplayer.dk/DBF/HoldTurnering/Stilling/#5,2020,13477,4,1,8,,405496,1093,"
"2020","405497","4","13477","Gladsaxe Søborg 1","Gentofte 3","away","Internal server error","https://www.badmintonplayer.dk/DBF/HoldTurnering/Stilling/#5,2020,13477,4,1,8,,405497,1093,"
"2020","395011","4","13480","Gladsaxe Søborg 2","Dragør 3","away","Internal server error","https://www.badmintonplayer.dk/DBF/HoldTurnering/Stilling/#5,2020,13480,4,1,8,,395011,1093,"
"2020","395013","4","13480","Gladsaxe Søborg 2","Skovshoved 5","home","Internal server error","https://www.badmintonplayer.dk/DBF/HoldTurnering/Stilling/#5,2020,13480,4,1,8,,395013,1093,"
"2020","405371","4","13480","Gladsaxe Søborg 2","SAIF Kbh. 2","home","Could not find any players on match","https://www.badmintonplayer.dk/DBF/HoldTurnering/Stilling/#5,2020,13480,4,1,8,,405371,1093,"
"2020","405372","4","13480","Gladsaxe Søborg 2","KBK Kbh. 5","away","Could not find any players on match","https://www.badmintonplayer.dk/DBF/HoldTurnering/Stilling/#5,2020,13480,4,1,8,,405372,1093,"
"2020","395024","4","13480","Gladsaxe Søborg 2","Gentofte 4","away","Could not find any players on match","https://www.badmintonplayer.dk/DBF/HoldTurnering/Stilling/#5,2020,13480,4,1,8,,395024,1093,"
"2020","395025","4","13480","Gladsaxe Søborg 2","FKIF Frederiksberg 4","home","Could not find any players on match","https://www.badmintonplayer.dk/DBF/HoldTurnering/Stilling/#5,2020,13480,4,1,8,,395025,1093,"
"2020","405474","4","13480","Gladsaxe Søborg 2","Hvidovre HB2000 1","home","Internal server error","https://www.badmintonplayer.dk/DBF/HoldTurnering/Stilling/#5,2020,13480,4,1,8,,405474,1093,"
"2020","394386","5","13470","Gladsaxe Søborg 1","KBK Kbh. 2","home","Internal server error","https://www.badmintonplayer.dk/DBF/HoldTurnering/Stilling/#5,2020,13470,5,1,8,,394386,1093,"
"2020","394387","5","13470","Gladsaxe Søborg 1","KBK Kbh. 1","home","Internal server error","https://www.badmintonplayer.dk/DBF/HoldTurnering/Stilling/#5,2020,13470,5,1,8,,394387,1093,"
"2020","394411","5","13470","Gladsaxe Søborg 1","NBK Amager 1","home","Could not find any players on match","https://www.badmintonplayer.dk/DBF/HoldTurnering/Stilling/#5,2020,13470,5,1,8,,394411,1093,"
"2020","394412","5","13470","Gladsaxe Søborg 1","FKIF/VBC 1","away","Could not find any players on match","https://www.badmintonplayer.dk/DBF/HoldTurnering/Stilling/#5,2020,13470,5,1,8,,394412,1093,"
"2020","405548","5","13470","Gladsaxe Søborg 1","Dragør 1","away","Internal server error","https://www.badmintonplayer.dk/DBF/HoldTurnering/Stilling/#5,2020,13470,5,1,8,,405548,1093,"
"2020","405550","5","13470","Gladsaxe Søborg 1","Skovshoved 1","home","Internal server error","https://www.badmintonplayer.dk/DBF/HoldTurnering/Stilling/#5,2020,13470,5,1,8,,405550,1093,"
"2020","394513","5","13473","Gladsaxe Søborg 2","SAIF Kbh. 3","home","Internal server error","https://www.badmintonplayer.dk/DBF/HoldTurnering/Stilling/#5,2020,13473,5,1,8,,394513,1093,"
"2020","394514","5","13473","Gladsaxe Søborg 2","Valby BC 1","away","Internal server error","https://www.badmintonplayer.dk/DBF/HoldTurnering/Stilling/#5,2020,13473,5,1,8,,394514,1093,"
"2020","394517","5","13473","Gladsaxe Søborg 2","FKIF Frederiksberg 2","away","Internal server error","https://www.badmintonplayer.dk/DBF/HoldTurnering/Stilling/#5,2020,13473,5,1,8,,394517,1093,"
"2020","394518","5","13473","Gladsaxe Søborg 2","BK36 Kbh. 3","home","Internal server error","https://www.badmintonplayer.dk/DBF/HoldTurnering/Stilling/#5,2020,13473,5,1,8,,394518,1093,"
"2020","394533","5","13473","Gladsaxe Søborg 2","KBK Kbh. 3","away","Could not find any players on match","https://www.badmintonplayer.dk/DBF/HoldTurnering/Stilling/#5,2020,13473,5,1,8,,394533,1093,"
"2020","394534","5","13473","Gladsaxe Søborg 2","Rødovre 1","home","Could not find any players on match","https://www.badmintonplayer.dk/DBF/HoldTurnering/Stilling/#5,2020,13473,5,1,8,,394534,1093,"
"2020","405527","5","13473","Gladsaxe Søborg 2","Islands Brygge 1","home","Internal server error","https://www.badmintonplayer.dk/DBF/HoldTurnering/Stilling/#5,2020,13473,5,1,8,,405527,1093,"
"2020","394553","5","13474","Gladsaxe Søborg 3","Gentofte 3","away","Could not find any players on match","https://www.badmintonplayer.dk/DBF/HoldTurnering/Stilling/#5,2020,13474,5,1,8,,394553,1093,"
"2020","394554","5","13474","Gladsaxe Søborg 3","BC37 Amager 4","home","Could not find any players on match","https://www.badmintonplayer.dk/DBF/HoldTurnering/Stilling/#5,2020,13474,5,1,8,,394554,1093,"
"2020","405615","1","13228","Gladsaxe Søborg","Hvidovre HB2000","home","Could not find any players on match","https://www.badmintonplayer.dk/DBF/HoldTurnering/Stilling/#5,2020,13228,1,1,8,,405615,1093,"
"2020","405622","1","13228","Gladsaxe Søborg","Team GSG","away","Could not find any players on match","https://www.badmintonplayer.dk/DBF/HoldTurnering/Stilling/#5,2020,13228,1,1,8,,405622,1093,"
"2020","405625","1","13228","Gladsaxe Søborg","Humlebæk","home","Could not find any players on match","https://www.badmintonplayer.dk/DBF/HoldTurnering/Stilling/#5,2020,13228,1,1,8,,405625,1093,"
"2020","405591","1","13230","Gladsaxe Søborg 2","Drive 2","home","Could not find any players on match","https://www.badmintonplayer.dk/DBF/HoldTurnering/Stilling/#5,2020,13230,1,1,8,,405591,1093,"
"2020","405598","1","13230","Gladsaxe Søborg 2","SAIF Kbh. 2","away","Internal server error","https://www.badmintonplayer.dk/DBF/HoldTurnering/Stilling/#5,2020,13230,1,1,8,,405598,1093,"
"2020","405601","1","13230","Gladsaxe Søborg 2","Holte 3","home","Could not find any players on match","https://www.badmintonplayer.dk/DBF/HoldTurnering/Stilling/#5,2020,13230,1,1,8,,405601,1093,"
"2020","387380","1","13285","Gladsaxe Søborg 3","Tingbjerg 1","home","Could not find any players on match","https://www.badmintonplayer.dk/DBF/HoldTurnering/Stilling/#5,2020,13285,1,1,8,,387380,1093,"
"2020","387385","1","13285","Gladsaxe Søborg 3","FKIF Frederiksberg 3","home","Could not find any players on match","https://www.badmintonplayer.dk/DBF/HoldTurnering/Stilling/#5,2020,13285,1,1,8,,387385,1093,"
"2020","387390","1","13285","Gladsaxe Søborg 3","Frederiksberg 4","away","Could not find any players on match","https://www.badmintonplayer.dk/DBF/HoldTurnering/Stilling/#5,2020,13285,1,1,8,,387390,1093,"
"2020","387399","1","13285","Gladsaxe Søborg 3","CBS Sport Badminton 1","away","Could not find any players on match","https://www.badmintonplayer.dk/DBF/HoldTurnering/Stilling/#5,2020,13285,1,1,8,,387399,1093,"
"2020","404111","1","13285","Gladsaxe Søborg 3","BC37 Amager 6","home","Could not find any players on match","https://www.badmintonplayer.dk/DBF/HoldTurnering/Stilling/#5,2020,13285,1,1,8,,404111,1093,"
"2020","387628","9","13297","Gladsaxe Søborg 1","Frederiksberg 1","home","Could not find any players on match","https://www.badmintonplayer.dk/DBF/HoldTurnering/Stilling/#5,2020,13297,9,1,8,,387628,1093,"
"2020","387633","9","13297","Gladsaxe Søborg 1","FKIF Frederiksberg 1","away","Could not find any players on match","https://www.badmintonplayer.dk/DBF/HoldTurnering/Stilling/#5,2020,13297,9,1,8,,387633,1093,"
"2020","387634","9","13297","Gladsaxe Søborg 1","Hvidovre 2","home","Could not find any players on match","https://www.badmintonplayer.dk/DBF/HoldTurnering/Stilling/#5,2020,13297,9,1,8,,387634,1093,"
"2020","387638","9","13297","Gladsaxe Søborg 1","Dragør 1","away","Could not find any players on match","https://www.badmintonplayer.dk/DBF/HoldTurnering/Stilling/#5,2020,13297,9,1,8,,387638,1093,"
"2020","404165","9","13297","Gladsaxe Søborg 1","Charlottenlund 2","home","Could not find any players on match","https://www.badmintonplayer.dk/DBF/HoldTurnering/Stilling/#5,2020,13297,9,1,8,,404165,1093,"
"2020","404171","9","13297","Gladsaxe Søborg 1","Lyngby 2","away","Could not find any players on match","https://www.badmintonplayer.dk/DBF/HoldTurnering/Stilling/#5,2020,13297,9,1,8,,404171,1093,"
"2020","387689","9","13299","Gladsaxe Søborg 2","Charlottenlund 3","away","Could not find any players on match","https://www.badmintonplayer.dk/DBF/HoldTurnering/Stilling/#5,2020,13299,9,1,8,,387689,1093,"
"2020","387692","9","13299","Gladsaxe Søborg 2","Rødovre/KFUM KBH 1","away","Could not find any players on match","https://www.badmintonplayer.dk/DBF/HoldTurnering/Stilling/#5,2020,13299,9,1,8,,387692,1093,"
"2020","387694","9","13299","Gladsaxe Søborg 2","Drive 2","home","Could not find any players on match","https://www.badmintonplayer.dk/DBF/HoldTurnering/Stilling/#5,2020,13299,9,1,8,,387694,1093,"
"2020","387697","9","13299","Gladsaxe Søborg 2","KMB2010 2","home","Could not find any players on match","https://www.badmintonplayer.dk/DBF/HoldTurnering/Stilling/#5,2020,13299,9,1,8,,387697,1093,"
"2020","404174","9","13299","Gladsaxe Søborg 2","Hvidovre HB2000 2","away","Internal server error","https://www.badmintonplayer.dk/DBF/HoldTurnering/Stilling/#5,2020,13299,9,1,8,,404174,1093,"
"2020","404176","9","13299","Gladsaxe Søborg 2","Tingbjerg 1","home","Could not find any players on match","https://www.badmintonplayer.dk/DBF/HoldTurnering/Stilling/#5,2020,13299,9,1,8,,404176,1093,"
"2020","387712","9","13300","Gladsaxe Søborg 3","Drive 3","home","Could not find any players on match","https://www.badmintonplayer.dk/DBF/HoldTurnering/Stilling/#5,2020,13300,9,1,8,,387712,1093,"
"2020","387717","9","13300","Gladsaxe Søborg 3","Gentofte 3","away","Could not find any players on match","https://www.badmintonplayer.dk/DBF/HoldTurnering/Stilling/#5,2020,13300,9,1,8,,387717,1093,"
"2020","387719","9","13300","Gladsaxe Søborg 3","FKIF Frederiksberg 2","home","Could not find any players on match","https://www.badmintonplayer.dk/DBF/HoldTurnering/Stilling/#5,2020,13300,9,1,8,,387719,1093,"
"2020","387725","9","13300","Gladsaxe Søborg 3","Lyngby 4","away","Could not find any players on match","https://www.badmintonplayer.dk/DBF/HoldTurnering/Stilling/#5,2020,13300,9,1,8,,387725,1093,"
"2020","404185","9","13300","Gladsaxe Søborg 3","Skovshoved 2","away","Internal server error","https://www.badmintonplayer.dk/DBF/HoldTurnering/Stilling/#5,2020,13300,9,1,8,,404185,1093,"
"2020","404189","9","13300","Gladsaxe Søborg 3","Vanløse 2","away","Internal server error","https://www.badmintonplayer.dk/DBF/HoldTurnering/Stilling/#5,2020,13300,9,1,8,,404189,1093,"
"2020","387568","9","13293","Gladsaxe Søborg 4","Frederiksberg 2","away","Could not find any players on match","https://www.badmintonplayer.dk/DBF/HoldTurnering/Stilling/#5,2020,13293,9,1,8,,387568,1093,"
"2020","404201","9","13293","Gladsaxe Søborg 4","Hvidovre HB2000 3","away","Internal server error","https://www.badmintonplayer.dk/DBF/HoldTurnering/Stilling/#5,2020,13293,9,1,8,,404201,1093,"
"2020","404203","9","13293","Gladsaxe Søborg 4","Vanløse 3","home","Could not find any players on match","https://www.badmintonplayer.dk/DBF/HoldTurnering/Stilling/#5,2020,13293,9,1,8,,404203,1093,"
"2020","404761","9","13293","Gladsaxe Søborg 4","PI København 1","away","Internal server error","https://www.badmintonplayer.dk/DBF/HoldTurnering/Stilling/#5,2020,13293,9,1,8,,404761,1093,"
"2020","404764","9","13293","Gladsaxe Søborg 4","Ryparken 2","home","Internal server error","https://www.badmintonplayer.dk/DBF/HoldTurnering/Stilling/#5,2020,13293,9,1,8,,404764,1093,"
"2020","387814","11","13304","Gladsaxe Søborg 1","Drive 1","home","Could not find any players on match","https://www.badmintonplayer.dk/DBF/HoldTurnering/Stilling/#5,2020,13304,11,1,8,,387814,1093,"
"2020","387815","11","13304","Gladsaxe Søborg 1","Hvidovre 1","away","Could not find any players on match","https://www.badmintonplayer.dk/DBF/HoldTurnering/Stilling/#5,2020,13304,11,1,8,,387815,1093,"
"2020","387821","11","13304","Gladsaxe Søborg 1","Lyngby 1","home","Could not find any players on match","https://www.badmintonplayer.dk/DBF/HoldTurnering/Stilling/#5,2020,13304,11,1,8,,387821,1093,"
"2020","387825","11","13304","Gladsaxe Søborg 1","Charlottenlund 1","home","Could not find any players on match","https://www.badmintonplayer.dk/DBF/HoldTurnering/Stilling/#5,2020,13304,11,1,8,,387825,1093,"
"2020","387829","11","13304","Gladsaxe Søborg 1","Rødovre/KFUM KBH 1","away","Could not find any players on match","https://www.badmintonplayer.dk/DBF/HoldTurnering/Stilling/#5,2020,13304,11,1,8,,387829,1093,"
"2020","404137","11","13304","Gladsaxe Søborg 1","ØBK/BK Kbh. 1","away","Internal server error","https://www.badmintonplayer.dk/DBF/HoldTurnering/Stilling/#5,2020,13304,11,1,8,,404137,1093,"
"2020","404138","11","13304","Gladsaxe Søborg 1","Gentofte 1","home","Could not find any players on match","https://www.badmintonplayer.dk/DBF/HoldTurnering/Stilling/#5,2020,13304,11,1,8,,404138,1093,"
"2020","387849","11","13305","Gladsaxe Søborg 2","Skovshoved 1","away","Internal server error","https://www.badmintonplayer.dk/DBF/HoldTurnering/Stilling/#5,2020,13305,11,1,8,,387849,1093,"
"2020","387854","11","13305","Gladsaxe Søborg 2","Tingbjerg 1","away","Could not find any players on match","https://www.badmintonplayer.dk/DBF/HoldTurnering/Stilling/#5,2020,13305,11,1,8,,387854,1093,"
"2020","387858","11","13305","Gladsaxe Søborg 2","Gentofte 2","home","Could not find any players on match","https://www.badmintonplayer.dk/DBF/HoldTurnering/Stilling/#5,2020,13305,11,1,8,,387858,1093,"
"2020","387862","11","13305","Gladsaxe Søborg 2","Hvidovre HB2000 1","home","Could not find any players on match","https://www.badmintonplayer.dk/DBF/HoldTurnering/Stilling/#5,2020,13305,11,1,8,,387862,1093,"
"2020","387864","11","13305","Gladsaxe Søborg 2","Lyngby 2","away","Could not find any players on match","https://www.badmintonplayer.dk/DBF/HoldTurnering/Stilling/#5,2020,13305,11,1,8,,387864,1093,"
"2020","404142","11","13305","Gladsaxe Søborg 2","BC37 Amager 1","home","Could not find any players on match","https://www.badmintonplayer.dk/DBF/HoldTurnering/Stilling/#5,2020,13305,11,1,8,,404142,1093,"
"2020","404710","11","13305","Gladsaxe Søborg 2","Charlottenlund 2","away","Could not find any players on match","https://www.badmintonplayer.dk/DBF/HoldTurnering/Stilling/#5,2020,13305,11,1,8,,404710,1093,"
"2020","387878","11","13306","Gladsaxe Søborg 3","KMB2010 2","home","Could not find any players on match","https://www.badmintonplayer.dk/DBF/HoldTurnering/Stilling/#5,2020,13306,11,1,8,,387878,1093,"
"2020","387879","11","13306","Gladsaxe Søborg 3","Gentofte 3","home","Could not find any players on match","https://www.badmintonplayer.dk/DBF/HoldTurnering/Stilling/#5,2020,13306,11,1,8,,387879,1093,"
"2020","387884","11","13306","Gladsaxe Søborg 3","KBK Kbh. 1","away","Could not find any players on match","https://www.badmintonplayer.dk/DBF/HoldTurnering/Stilling/#5,2020,13306,11,1,8,,387884,1093,"
"2020","387887","11","13306","Gladsaxe Søborg 3","Drive 2","away","Could not find any players on match","https://www.badmintonplayer.dk/DBF/HoldTurnering/Stilling/#5,2020,13306,11,1,8,,387887,1093,"
"2020","404143","11","13306","Gladsaxe Søborg 3","Lyngby 3","home","Could not find any players on match","https://www.badmintonplayer.dk/DBF/HoldTurnering/Stilling/#5,2020,13306,11,1,8,,404143,1093,"
"2020","387902","11","13307","Gladsaxe Søborg 4","Rødovre/KFUM KBH 2","home","Could not find any players on match","https://www.badmintonplayer.dk/DBF/HoldTurnering/Stilling/#5,2020,13307,11,1,8,,387902,1093,"
"2020","387907","11","13307","Gladsaxe Søborg 4","Valby BC 1","home","Could not find any players on match","https://www.badmintonplayer.dk/DBF/HoldTurnering/Stilling/#5,2020,13307,11,1,8,,387907,1093,"
"2020","387909","11","13307","Gladsaxe Søborg 4","Tingbjerg 2","away","Could not find any players on match","https://www.badmintonplayer.dk/DBF/HoldTurnering/Stilling/#5,2020,13307,11,1,8,,387909,1093,"
"2020","387915","11","13307","Gladsaxe Søborg 4","Gentofte 4","away","Internal server error","https://www.badmintonplayer.dk/DBF/HoldTurnering/Stilling/#5,2020,13307,11,1,8,,387915,1093,"
"2020","404147","11","13307","Gladsaxe Søborg 4","Vanløse 1","home","Could not find any players on match","https://www.badmintonplayer.dk/DBF/HoldTurnering/Stilling/#5,2020,13307,11,1,8,,404147,1093,"
"2020","404714","11","13307","Gladsaxe Søborg 4","Lyngby 4","away","Could not find any players on match","https://www.badmintonplayer.dk/DBF/HoldTurnering/Stilling/#5,2020,13307,11,1,8,,404714,1093,"
"2020","388014","13","13311","Gladsaxe Søborg 1","Hvidovre HB2000 1","home","Could not find any players on match","https://www.badmintonplayer.dk/DBF/HoldTurnering/Stilling/#5,2020,13311,13,1,8,,388014,1093,"
"2020","388019","13","13311","Gladsaxe Søborg 1","Vanløse 1","away","Could not find any players on match","https://www.badmintonplayer.dk/DBF/HoldTurnering/Stilling/#5,2020,13311,13,1,8,,388019,1093,"
"2020","388020","13","13311","Gladsaxe Søborg 1","Drive 1","home","Could not find any players on match","https://www.badmintonplayer.dk/DBF/HoldTurnering/Stilling/#5,2020,13311,13,1,8,,388020,1093,"
"2020","388024","13","13311","Gladsaxe Søborg 1","Lyngby 1","away","Internal server error","https://www.badmintonplayer.dk/DBF/HoldTurnering/Stilling/#5,2020,13311,13,1,8,,388024,1093,"
"2020","403990","13","13311","Gladsaxe Søborg 1","FKIF Frederiksberg 1","home","Could not find any players on match","https://www.badmintonplayer.dk/DBF/HoldTurnering/Stilling/#5,2020,13311,13,1,8,,403990,1093,"
"2020","403996","13","13311","Gladsaxe Søborg 1","Hvidovre 1","away","Could not find any players on match","https://www.badmintonplayer.dk/DBF/HoldTurnering/Stilling/#5,2020,13311,13,1,8,,403996,1093,"
"2020","388044","13","13312","Gladsaxe Søborg 2","Frederiksberg 1","home","Could not find any players on match","https://www.badmintonplayer.dk/DBF/HoldTurnering/Stilling/#5,2020,13312,13,1,8,,388044,1093,"
"2020","388049","13","13312","Gladsaxe Søborg 2","KBK Kbh. 2","home","Could not find any players on match","https://www.badmintonplayer.dk/DBF/HoldTurnering/Stilling/#5,2020,13312,13,1,8,,388049,1093,"
"2020","388054","13","13312","Gladsaxe Søborg 2","Søvang 1","away","Could not find any players on match","https://www.badmintonplayer.dk/DBF/HoldTurnering/Stilling/#5,2020,13312,13,1,8,,388054,1093,"
"2020","388063","13","13312","Gladsaxe Søborg 2","Posten Kbh. 1","away","Could not find any players on match","https://www.badmintonplayer.dk/DBF/HoldTurnering/Stilling/#5,2020,13312,13,1,8,,388063,1093,"
"2020","403998","13","13312","Gladsaxe Søborg 2","Lyngby 2","away","Could not find any players on match","https://www.badmintonplayer.dk/DBF/HoldTurnering/Stilling/#5,2020,13312,13,1,8,,403998,1093,"
"2020","404003","13","13312","Gladsaxe Søborg 2","Sct. Jørgen Kbh. 1","home","Could not find any players on match","https://www.badmintonplayer.dk/DBF/HoldTurnering/Stilling/#5,2020,13312,13,1,8,,404003,1093,"
"2020","387755","17","13302","Gladsaxe Søborg 1","Frederiksberg 1","away","Internal server error","https://www.badmintonplayer.dk/DBF/HoldTurnering/Stilling/#5,2020,13302,17,1,8,,387755,1093,"
"2020","387757","17","13302","Gladsaxe Søborg 1","KBK Kbh. 1","home","Internal server error","https://www.badmintonplayer.dk/DBF/HoldTurnering/Stilling/#5,2020,13302,17,1,8,,387757,1093,"
"2020","404672","17","13302","Gladsaxe Søborg 1","Hvidovre 1","away","Could not find any players on match","https://www.badmintonplayer.dk/DBF/HoldTurnering/Stilling/#5,2020,13302,17,1,8,,404672,1093,"
"2020","403986","17","13302","Gladsaxe Søborg 1","BK36 Kbh. 1","home","Could not find any players on match","https://www.badmintonplayer.dk/DBF/HoldTurnering/Stilling/#5,2020,13302,17,1,8,,403986,1093,"
"2019","373813","3","12798","Gladsaxe Søborg 1","Valby BC 1","home","Could not find any players on match","https://www.badmintonplayer.dk/DBF/HoldTurnering/Stilling/#5,2019,12798,3,1,8,,373813,1093,"
"2019","373816","3","12798","Gladsaxe Søborg 1","Islands Brygge 1","home","Internal server error","https://www.badmintonplayer.dk/DBF/HoldTurnering/Stilling/#5,2019,12798,3,1,8,,373816,1093,"
"2019","373818","3","12798","Gladsaxe Søborg 1","Rødovre 1","away","Internal server error","https://www.badmintonplayer.dk/DBF/HoldTurnering/Stilling/#5,2019,12798,3,1,8,,373818,1093,"
"2019","373820","3","12798","Gladsaxe Søborg 1","Hvidovre 3","away","Internal server error","https://www.badmintonplayer.dk/DBF/HoldTurnering/Stilling/#5,2019,12798,3,1,8,,373820,1093,"
"2019","373823","3","12798","Gladsaxe Søborg 1","Hvidovre 4","away","Internal server error","https://www.badmintonplayer.dk/DBF/HoldTurnering/Stilling/#5,2019,12798,3,1,8,,373823,1093,"
"2019","373641","4","12792","Gladsaxe Søborg 1","Hvidovre 3","away","Internal server error","https://www.badmintonplayer.dk/DBF/HoldTurnering/Stilling/#5,2019,12792,4,1,8,,373641,1093,"
"2019","373646","4","12792","Gladsaxe Søborg 1","Islands Brygge 1","away","Internal server error","https://www.badmintonplayer.dk/DBF/HoldTurnering/Stilling/#5,2019,12792,4,1,8,,373646,1093,"
"2019","373648","4","12792","Gladsaxe Søborg 1","KMB2010 2","away","Internal server error","https://www.badmintonplayer.dk/DBF/HoldTurnering/Stilling/#5,2019,12792,4,1,8,,373648,1093,"
"2019","373650","4","12792","Gladsaxe Søborg 1","Valby BC 3","home","Internal server error","https://www.badmintonplayer.dk/DBF/HoldTurnering/Stilling/#5,2019,12792,4,1,8,,373650,1093,"
"2019","373653","4","12792","Gladsaxe Søborg 1","Dragør 2","home","Internal server error","https://www.badmintonplayer.dk/DBF/HoldTurnering/Stilling/#5,2019,12792,4,1,8,,373653,1093,"
"2019","373480","5","12784","Gladsaxe Søborg 1","Vanløse 1","away","Internal server error","https://www.badmintonplayer.dk/DBF/HoldTurnering/Stilling/#5,2019,12784,5,1,8,,373480,1093,"
"2019","373481","5","12784","Gladsaxe Søborg 1","Islands Brygge 1","home","Internal server error","https://www.badmintonplayer.dk/DBF/HoldTurnering/Stilling/#5,2019,12784,5,1,8,,373481,1093,"
"2019","373488","5","12784","Gladsaxe Søborg 1","Drive 1","away","Internal server error","https://www.badmintonplayer.dk/DBF/HoldTurnering/Stilling/#5,2019,12784,5,1,8,,373488,1093,"
"2019","373489","5","12784","Gladsaxe Søborg 1","KMB2010 1","home","Internal server error","https://www.badmintonplayer.dk/DBF/HoldTurnering/Stilling/#5,2019,12784,5,1,8,,373489,1093,"
"2019","373499","5","12784","Gladsaxe Søborg 1","Allinge-S.G. Badminton 1","home","Internal server error","https://www.badmintonplayer.dk/DBF/HoldTurnering/Stilling/#5,2019,12784,5,1,8,,373499,1093,"
"2019","373500","5","12784","Gladsaxe Søborg 1","FKIF Frederiksberg 1","away","Internal server error","https://www.badmintonplayer.dk/DBF/HoldTurnering/Stilling/#5,2019,12784,5,1,8,,373500,1093,"
"2019","373519","5","12784","Gladsaxe Søborg 1","Charlottenlund 2","away","Internal server error","https://www.badmintonplayer.dk/DBF/HoldTurnering/Stilling/#5,2019,12784,5,1,8,,373519,1093,"
"2019","373520","5","12784","Gladsaxe Søborg 1","Frederiksberg 1","home","Internal server error","https://www.badmintonplayer.dk/DBF/HoldTurnering/Stilling/#5,2019,12784,5,1,8,,373520,1093,"
"2019","374025","5","12784","Gladsaxe Søborg 1","Valby BC 2","away","Internal server error","https://www.badmintonplayer.dk/DBF/HoldTurnering/Stilling/#5,2019,12784,5,1,8,,374025,1093,"
"2019","374026","5","12784","Gladsaxe Søborg 1","KBK Kbh. 1","home","Internal server error","https://www.badmintonplayer.dk/DBF/HoldTurnering/Stilling/#5,2019,12784,5,1,8,,374026,1093,"
"2019","384292","1","13102","Gladsaxe Søborg","Vordingborg","home","Could not find any players on match","https://www.badmintonplayer.dk/DBF/HoldTurnering/Stilling/#5,2019,13102,1,1,8,,384292,1093,"
"2019","385098","1","13144","Gladsaxe Søborg 2","KSI Badmintonklub Kbh. 1","away","Could not find any players on match","https://www.badmintonplayer.dk/DBF/HoldTurnering/Stilling/#5,2019,13144,1,1,8,,385098,1093,"
"2019","365220","1","12570","Gladsaxe Søborg 3","KSI Badmintonklub Kbh. 3","away","Could not find any players on match","https://www.badmintonplayer.dk/DBF/HoldTurnering/Stilling/#5,2019,12570,1,1,8,,365220,1093,"
"2019","365224","1","12570","Gladsaxe Søborg 3","SAIF Kbh. 8","away","Could not find any players on match","https://www.badmintonplayer.dk/DBF/HoldTurnering/Stilling/#5,2019,12570,1,1,8,,365224,1093,"
"2019","365416","9","12580","Gladsaxe Søborg 1","Lyngby 2","home","Could not find any players on match","https://www.badmintonplayer.dk/DBF/HoldTurnering/Stilling/#5,2019,12580,9,1,8,,365416,1093,"
"2019","365483","9","12583","Gladsaxe Søborg 2","BC KVIK Kbh. 1","away","Could not find any players on match","https://www.badmintonplayer.dk/DBF/HoldTurnering/Stilling/#5,2019,12583,9,1,8,,365483,1093,"
"2019","365545","9","12585","Gladsaxe Søborg 3","FKIF Frederiksberg 3","away","Could not find any players on match","https://www.badmintonplayer.dk/DBF/HoldTurnering/Stilling/#5,2019,12585,9,1,8,,365545,1093,"
"2019","365548","9","12585","Gladsaxe Søborg 3","Tingbjerg 2","home","Could not find any players on match","https://www.badmintonplayer.dk/DBF/HoldTurnering/Stilling/#5,2019,12585,9,1,8,,365548,1093,"
"2019","365512","9","12584","Gladsaxe Søborg 4","Posten Kbh. 2","home","Could not find any players on match","https://www.badmintonplayer.dk/DBF/HoldTurnering/Stilling/#5,2019,12584,9,1,8,,365512,1093,"
"2019","365718","11","12588","Gladsaxe Søborg 1","Tingbjerg 1","away","Could not find any players on match","https://www.badmintonplayer.dk/DBF/HoldTurnering/Stilling/#5,2019,12588,11,1,8,,365718,1093,"
"2019","365749","11","12589","Gladsaxe Søborg 2","Gentofte 3","home","Could not find any players on match","https://www.badmintonplayer.dk/DBF/HoldTurnering/Stilling/#5,2019,12589,11,1,8,,365749,1093,"
"2019","365774","11","12590","Gladsaxe Søborg 3","KMB2010 2","home","Could not find any players on match","https://www.badmintonplayer.dk/DBF/HoldTurnering/Stilling/#5,2019,12590,11,1,8,,365774,1093,"
"2019","365803","11","12591","Gladsaxe Søborg 4","Frederiksberg 1","away","Could not find any players on match","https://www.badmintonplayer.dk/DBF/HoldTurnering/Stilling/#5,2019,12591,11,1,8,,365803,1093,"
"2019","366979","13","12594","Gladsaxe Søborg 1","Hvidovre HB2000 1","home","Could not find any players on match","https://www.badmintonplayer.dk/DBF/HoldTurnering/Stilling/#5,2019,12594,13,1,8,,366979,1093,"
"2019","366986","13","12594","Gladsaxe Søborg 1","BK36 Kbh. 1","away","Could not find any players on match","https://www.badmintonplayer.dk/DBF/HoldTurnering/Stilling/#5,2019,12594,13,1,8,,366986,1093,"
"2019","366944","13","12595","Gladsaxe Søborg 2","KBK Kbh. 2","home","Could not find any players on match","https://www.badmintonplayer.dk/DBF/HoldTurnering/Stilling/#5,2019,12595,13,1,8,,366944,1093,"
"2019","366948","13","12595","Gladsaxe Søborg 2","KMB2010 1","away","Could not find any players on match","https://www.badmintonplayer.dk/DBF/HoldTurnering/Stilling/#5,2019,12595,13,1,8,,366948,1093,"
"2019","366883","17","12597","Gladsaxe Søborg 1","Gentofte Motionist BK 1","home","Internal server error","https://www.badmintonplayer.dk/DBF/HoldTurnering/Stilling/#5,2019,12597,17,1,8,,366883,1093,"
"2019","366885","17","12597","Gladsaxe Søborg 1","KBK Kbh. 1","away","Internal server error","https://www.badmintonplayer.dk/DBF/HoldTurnering/Stilling/#5,2019,12597,17,1,8,,366885,1093,"
"2019","366887","17","12597","Gladsaxe Søborg 1","Hvidovre 1","home","Internal server error","https://www.badmintonplayer.dk/DBF/HoldTurnering/Stilling/#5,2019,12597,17,1,8,,366887,1093,"
"2019","366889","17","12597","Gladsaxe Søborg 1","Gentofte Motionist BK 1","away","Internal server error","https://www.badmintonplayer.dk/DBF/HoldTurnering/Stilling/#5,2019,12597,17,1,8,,366889,1093,"
"2019","366891","17","12597","Gladsaxe Søborg 1","KBK Kbh. 1","home","Internal server error","https://www.badmintonplayer.dk/DBF/HoldTurnering/Stilling/#5,2019,12597,17,1,8,,366891,1093,"
"2019","366893","17","12597","Gladsaxe Søborg 1","Hvidovre 1","away","Could not find any players on match","https://www.badmintonplayer.dk/DBF/HoldTurnering/Stilling/#5,2019,12597,17,1,8,,366893,1093,"
"2018","340290","3","11279","Gladsaxe Søborg 1","Dragør 1","away","Internal server error","https://www.badmintonplayer.dk/DBF/HoldTurnering/Stilling/#5,2018,11279,3,1,8,,340290,1093,"
"2018","340291","3","11279","Gladsaxe Søborg 1","Hvidovre 1","home","Internal server error","https://www.badmintonplayer.dk/DBF/HoldTurnering/Stilling/#5,2018,11279,3,1,8,,340291,1093,"
"2018","340296","3","11279","Gladsaxe Søborg 1","Hvidovre 1","away","Internal server error","https://www.badmintonplayer.dk/DBF/HoldTurnering/Stilling/#5,2018,11279,3,1,8,,340296,1093,"
"2018","340297","3","11279","Gladsaxe Søborg 1","Skovshoved 3","home","Internal server error","https://www.badmintonplayer.dk/DBF/HoldTurnering/Stilling/#5,2018,11279,3,1,8,,340297,1093,"
"2018","340302","3","11279","Gladsaxe Søborg 1","Skovshoved 3","away","Internal server error","https://www.badmintonplayer.dk/DBF/HoldTurnering/Stilling/#5,2018,11279,3,1,8,,340302,1093,"
"2018","340305","3","11279","Gladsaxe Søborg 1","KMB2010 1","home","Internal server error","https://www.badmintonplayer.dk/DBF/HoldTurnering/Stilling/#5,2018,11279,3,1,8,,340305,1093,"
"2018","340306","3","11279","Gladsaxe Søborg 1","Dragør 1","home","Internal server error","https://www.badmintonplayer.dk/DBF/HoldTurnering/Stilling/#5,2018,11279,3,1,8,,340306,1093,"
"2018","340307","3","11279","Gladsaxe Søborg 1","Lyngby 3","away","Internal server error","https://www.badmintonplayer.dk/DBF/HoldTurnering/Stilling/#5,2018,11279,3,1,8,,340307,1093,"
"2018","340317","3","11279","Gladsaxe Søborg 1","Lyngby 3","home","Internal server error","https://www.badmintonplayer.dk/DBF/HoldTurnering/Stilling/#5,2018,11279,3,1,8,,340317,1093,"
"2018","340319","3","11279","Gladsaxe Søborg 1","KMB2010 1","away","Internal server error","https://www.badmintonplayer.dk/DBF/HoldTurnering/Stilling/#5,2018,11279,3,1,8,,340319,1093,"
"2018","339129","3","11401","Gladsaxe Søborg 2","Valby BC 3","away","Internal server error","https://www.badmintonplayer.dk/DBF/HoldTurnering/Stilling/#5,2018,11401,3,1,8,,339129,1093,"
"2018","339130","3","11401","Gladsaxe Søborg 2","Islands Brygge 2","home","Internal server error","https://www.badmintonplayer.dk/DBF/HoldTurnering/Stilling/#5,2018,11401,3,1,8,,339130,1093,"
"2018","339140","3","11401","Gladsaxe Søborg 2","Charlottenlund 1","away","Internal server error","https://www.badmintonplayer.dk/DBF/HoldTurnering/Stilling/#5,2018,11401,3,1,8,,339140,1093,"
"2018","339142","3","11401","Gladsaxe Søborg 2","Lyngby 4","home","Internal server error","https://www.badmintonplayer.dk/DBF/HoldTurnering/Stilling/#5,2018,11401,3,1,8,,339142,1093,"
"2018","339146","3","11401","Gladsaxe Søborg 2","Skovshoved 6","away","Could not find any players on match","https://www.badmintonplayer.dk/DBF/HoldTurnering/Stilling/#5,2018,11401,3,1,8,,339146,1093,"
"2018","339148","3","11401","Gladsaxe Søborg 2","FKIF Frederiksberg 2","home","Could not find any players on match","https://www.badmintonplayer.dk/DBF/HoldTurnering/Stilling/#5,2018,11401,3,1,8,,339148,1093,"
"2018","340488","4","11418","Gladsaxe Søborg 1","KBK Kbh. 3","home","Internal server error","https://www.badmintonplayer.dk/DBF/HoldTurnering/Stilling/#5,2018,11418,4,1,8,,340488,1093,"
"2018","340490","4","11418","Gladsaxe Søborg 1","Skovshoved 3","away","Internal server error","https://www.badmintonplayer.dk/DBF/HoldTurnering/Stilling/#5,2018,11418,4,1,8,,340490,1093,"
"2018","340495","4","11418","Gladsaxe Søborg 1","Charlottenlund 1","away","Internal server error","https://www.badmintonplayer.dk/DBF/HoldTurnering/Stilling/#5,2018,11418,4,1,8,,340495,1093,"
"2018","340496","4","11418","Gladsaxe Søborg 1","Skovshoved 3","home","Internal server error","https://www.badmintonplayer.dk/DBF/HoldTurnering/Stilling/#5,2018,11418,4,1,8,,340496,1093,"
"2018","340498","4","11418","Gladsaxe Søborg 1","Charlottenlund 1","home","Internal server error","https://www.badmintonplayer.dk/DBF/HoldTurnering/Stilling/#5,2018,11418,4,1,8,,340498,1093,"
"2018","340500","4","11418","Gladsaxe Søborg 1","Drive 1","away","Could not find any players on match","https://www.badmintonplayer.dk/DBF/HoldTurnering/Stilling/#5,2018,11418,4,1,8,,340500,1093,"
"2018","340504","4","11418","Gladsaxe Søborg 1","FKIF Frederiksberg 2","home","Internal server error","https://www.badmintonplayer.dk/DBF/HoldTurnering/Stilling/#5,2018,11418,4,1,8,,340504,1093,"
"2018","340506","4","11418","Gladsaxe Søborg 1","KBK Kbh. 3","away","Internal server error","https://www.badmintonplayer.dk/DBF/HoldTurnering/Stilling/#5,2018,11418,4,1,8,,340506,1093,"
"2018","340511","4","11418","Gladsaxe Søborg 1","FKIF Frederiksberg 2","away","Internal server error","https://www.badmintonplayer.dk/DBF/HoldTurnering/Stilling/#5,2018,11418,4,1,8,,340511,1093,"
"2018","340514","4","11418","Gladsaxe Søborg 1","Drive 1","home","Internal server error","https://www.badmintonplayer.dk/DBF/HoldTurnering/Stilling/#5,2018,11418,4,1,8,,340514,1093,"
"2018","337416","18","11355","Gladsaxe Søborg 1","Team Storstrøm 1","away","Internal server error","https://www.badmintonplayer.dk/DBF/HoldTurnering/Stilling/#5,2018,11355,18,1,8,,337416,1093,"
"2018","337417","18","11355","Gladsaxe Søborg 1","Herlufsholm 1","home","Internal server error","https://www.badmintonplayer.dk/DBF/HoldTurnering/Stilling/#5,2018,11355,18,1,8,,337417,1093,"
"2018","337423","18","11355","Gladsaxe Søborg 1","Herlev/Hjorten 1","away","Internal server error","https://www.badmintonplayer.dk/DBF/HoldTurnering/Stilling/#5,2018,11355,18,1,8,,337423,1093,"
"2018","337425","18","11355","Gladsaxe Søborg 1","Skælskør 1","home","Internal server error","https://www.badmintonplayer.dk/DBF/HoldTurnering/Stilling/#5,2018,11355,18,1,8,,337425,1093,"
"2018","337430","18","11355","Gladsaxe Søborg 1","KBK Kbh. 1","home","Internal server error","https://www.badmintonplayer.dk/DBF/HoldTurnering/Stilling/#5,2018,11355,18,1,8,,337430,1093,"
"2018","337432","18","11355","Gladsaxe Søborg 1","Holbæk 1","home","Internal server error","https://www.badmintonplayer.dk/DBF/HoldTurnering/Stilling/#5,2018,11355,18,1,8,,337432,1093,"
"2018","337433","18","11355","Gladsaxe Søborg 1","Lillerød 1","away","Internal server error","https://www.badmintonplayer.dk/DBF/HoldTurnering/Stilling/#5,2018,11355,18,1,8,,337433,1093,"
"2018","353930","18","11771","Gladsaxe Søborg 2","Gentofte 1","away","Internal server error","https://www.badmintonplayer.dk/DBF/HoldTurnering/Stilling/#5,2018,11771,18,1,8,,353930,1093,"
"2018","353932","18","11771","Gladsaxe Søborg 2","Valby BC 1","away","Internal server error","https://www.badmintonplayer.dk/DBF/HoldTurnering/Stilling/#5,2018,11771,18,1,8,,353932,1093,"
"2018","353934","18","11771","Gladsaxe Søborg 2","Valby BC 1","home","Internal server error","https://www.badmintonplayer.dk/DBF/HoldTurnering/Stilling/#5,2018,11771,18,1,8,,353934,1093,"
"2018","353935","18","11771","Gladsaxe Søborg 2","Charlottenlund 1","away","Internal server error","https://www.badmintonplayer.dk/DBF/HoldTurnering/Stilling/#5,2018,11771,18,1,8,,353935,1093,"
"2018","353938","18","11771","Gladsaxe Søborg 2","Charlottenlund 1","home","Internal server error","https://www.badmintonplayer.dk/DBF/HoldTurnering/Stilling/#5,2018,11771,18,1,8,,353938,1093,"
"2018","353941","18","11771","Gladsaxe Søborg 2","Gentofte 1","home","Internal server error","https://www.badmintonplayer.dk/DBF/HoldTurnering/Stilling/#5,2018,11771,18,1,8,,353941,1093,"
"2017","283053","3","9302","Gladsaxe Søborg","FKIF Frederiksberg","away","Internal server error","https://www.badmintonplayer.dk/DBF/HoldTurnering/Stilling/#5,2017,9302,3,1,8,,283053,1093,"
"2017","283057","3","9302","Gladsaxe Søborg","Charlottenlund","home","Internal server error","https://www.badmintonplayer.dk/DBF/HoldTurnering/Stilling/#5,2017,9302,3,1,8,,283057,1093,"
"2017","283060","3","9302","Gladsaxe Søborg","Valby BC","away","Internal server error","https://www.badmintonplayer.dk/DBF/HoldTurnering/Stilling/#5,2017,9302,3,1,8,,283060,1093,"
"2017","283065","3","9302","Gladsaxe Søborg","Skovshoved 4","away","Internal server error","https://www.badmintonplayer.dk/DBF/HoldTurnering/Stilling/#5,2017,9302,3,1,8,,283065,1093,"
"2017","283067","3","9302","Gladsaxe Søborg","Islands Brygge","home","Internal server error","https://www.badmintonplayer.dk/DBF/HoldTurnering/Stilling/#5,2017,9302,3,1,8,,283067,1093,"
"2017","283073","3","9302","Gladsaxe Søborg","Tono Kbh.","away","Internal server error","https://www.badmintonplayer.dk/DBF/HoldTurnering/Stilling/#5,2017,9302,3,1,8,,283073,1093,"
"2017","296228","3","9302","Gladsaxe Søborg","Charlottenlund 3","home","Internal server error","https://www.badmintonplayer.dk/DBF/HoldTurnering/Stilling/#5,2017,9302,3,1,8,,296228,1093,"
"2017","282787","4","9291","Gladsaxe Søborg","Valby BC","away","Internal server error","https://www.badmintonplayer.dk/DBF/HoldTurnering/Stilling/#5,2017,9291,4,1,8,,282787,1093,"
"2017","282789","4","9291","Gladsaxe Søborg","Frederiksberg","home","Internal server error","https://www.badmintonplayer.dk/DBF/HoldTurnering/Stilling/#5,2017,9291,4,1,8,,282789,1093,"
"2017","282793","4","9291","Gladsaxe Søborg","Lyngby 2","home","Internal server error","https://www.badmintonplayer.dk/DBF/HoldTurnering/Stilling/#5,2017,9291,4,1,8,,282793,1093,"
"2017","282797","4","9291","Gladsaxe Søborg","Vanløse","away","Internal server error","https://www.badmintonplayer.dk/DBF/HoldTurnering/Stilling/#5,2017,9291,4,1,8,,282797,1093,"
"2017","282799","4","9291","Gladsaxe Søborg","Drive 2","home","Internal server error","https://www.badmintonplayer.dk/DBF/HoldTurnering/Stilling/#5,2017,9291,4,1,8,,282799,1093,"
"2017","282887","4","9296","Gladsaxe Søborg 2","FKIF Frederiksberg","away","Internal server error","https://www.badmintonplayer.dk/DBF/HoldTurnering/Stilling/#5,2017,9296,4,1,8,,282887,1093,"
"2017","282890","4","9296","Gladsaxe Søborg 2","Charlottenlund","home","Internal server error","https://www.badmintonplayer.dk/DBF/HoldTurnering/Stilling/#5,2017,9296,4,1,8,,282890,1093,"
"2017","282897","4","9296","Gladsaxe Søborg 2","Dragør 2","away","Internal server error","https://www.badmintonplayer.dk/DBF/HoldTurnering/Stilling/#5,2017,9296,4,1,8,,282897,1093,"
"2017","282901","4","9296","Gladsaxe Søborg 2","Vanløse 2","home","Internal server error","https://www.badmintonplayer.dk/DBF/HoldTurnering/Stilling/#5,2017,9296,4,1,8,,282901,1093,"
"2017","282905","4","9296","Gladsaxe Søborg 2","NBK Amager","home","Internal server error","https://www.badmintonplayer.dk/DBF/HoldTurnering/Stilling/#5,2017,9296,4,1,8,,282905,1093,"
"2017","282908","4","9296","Gladsaxe Søborg 2","Valby BC 2","away","Internal server error","https://www.badmintonplayer.dk/DBF/HoldTurnering/Stilling/#5,2017,9296,4,1,8,,282908,1093,"
"2017","282912","4","9296","Gladsaxe Søborg 2","Islands Brygge","home","Internal server error","https://www.badmintonplayer.dk/DBF/HoldTurnering/Stilling/#5,2017,9296,4,1,8,,282912,1093,"
"2017","319531","5","10543","Gladsaxe Søborg 1","Viby J 3","away","Internal server error","https://www.badmintonplayer.dk/DBF/HoldTurnering/Stilling/#5,2017,10543,5,1,8,,319531,1093,"
"2017","319532","5","10543","Gladsaxe Søborg 1","Greve 1","away","Internal server error","https://www.badmintonplayer.dk/DBF/HoldTurnering/Stilling/#5,2017,10543,5,1,8,,319532,1093,"
"2017","319560","5","10543","Gladsaxe Søborg 1","Odense OBK 2","home","Internal server error","https://www.badmintonplayer.dk/DBF/HoldTurnering/Stilling/#5,2017,10543,5,1,8,,319560,1093,"
"2017","319545","5","10548","Gladsaxe Søborg 1","Holstebro 1","home","Internal server error","https://www.badmintonplayer.dk/DBF/HoldTurnering/Stilling/#5,2017,10548,5,1,8,,319545,1093,"
"2017","302434","5","9595","Gladsaxe Søborg 1","Greve 2","away","Internal server error","https://www.badmintonplayer.dk/DBF/HoldTurnering/Stilling/#5,2017,9595,5,1,8,,302434,1093,"
"2017","302435","5","9595","Gladsaxe Søborg 1","Lillerød 2","home","Internal server error","https://www.badmintonplayer.dk/DBF/HoldTurnering/Stilling/#5,2017,9595,5,1,8,,302435,1093,"
"2017","302443","5","9595","Gladsaxe Søborg 1","Hillerød 4","home","Internal server error","https://www.badmintonplayer.dk/DBF/HoldTurnering/Stilling/#5,2017,9595,5,1,8,,302443,1093,"
"2017","302452","5","9595","Gladsaxe Søborg 1","Solrød Strand 2","away","Internal server error","https://www.badmintonplayer.dk/DBF/HoldTurnering/Stilling/#5,2017,9595,5,1,8,,302452,1093,"
"2017","302453","5","9595","Gladsaxe Søborg 1","Slagelse/Gørlev Badminton 1","home","Internal server error","https://www.badmintonplayer.dk/DBF/HoldTurnering/Stilling/#5,2017,9595,5,1,8,,302453,1093,"
"2017","302464","5","9595","Gladsaxe Søborg 1","Badminton Roskilde 1","home","Internal server error","https://www.badmintonplayer.dk/DBF/HoldTurnering/Stilling/#5,2017,9595,5,1,8,,302464,1093,"
"2017","302467","5","9595","Gladsaxe Søborg 1","Herlev/Hjorten 1","away","Internal server error","https://www.badmintonplayer.dk/DBF/HoldTurnering/Stilling/#5,2017,9595,5,1,8,,302467,1093,"
"2017","299069","5","9595","Gladsaxe Søborg 1","Team Storstrøm 1","away","Internal server error","https://www.badmintonplayer.dk/DBF/HoldTurnering/Stilling/#5,2017,9595,5,1,8,,299069,1093,"
"2017","299070","5","9595","Gladsaxe Søborg 1","Holte 1","home","Internal server error","https://www.badmintonplayer.dk/DBF/HoldTurnering/Stilling/#5,2017,9595,5,1,8,,299070,1093,"
"2017","290417","5","9290","Gladsaxe Søborg 2","Gentofte","home","Internal server error","https://www.badmintonplayer.dk/DBF/HoldTurnering/Stilling/#5,2017,9290,5,1,8,,290417,1093,"
"2017","290420","5","9290","Gladsaxe Søborg 2","Hvidovre HB2000","away","Internal server error","https://www.badmintonplayer.dk/DBF/HoldTurnering/Stilling/#5,2017,9290,5,1,8,,290420,1093,"
"2017","290425","5","9290","Gladsaxe Søborg 2","Vanløse 2","away","Internal server error","https://www.badmintonplayer.dk/DBF/HoldTurnering/Stilling/#5,2017,9290,5,1,8,,290425,1093,"
"2017","290427","5","9290","Gladsaxe Søborg 2","KBK Kbh. 4","away","Internal server error","https://www.badmintonplayer.dk/DBF/HoldTurnering/Stilling/#5,2017,9290,5,1,8,,290427,1093,"
"2017","290429","5","9290","Gladsaxe Søborg 2","Amager ABC","home","Internal server error","https://www.badmintonplayer.dk/DBF/HoldTurnering/Stilling/#5,2017,9290,5,1,8,,290429,1093,"
"2017","296177","18","9592","Gladsaxe Søborg 1","Drive 2","home","Internal server error","https://www.badmintonplayer.dk/DBF/HoldTurnering/Stilling/#5,2017,9592,18,1,8,,296177,1093,"
"2017","296181","18","9592","Gladsaxe Søborg 1","Charlottenlund 1","away","Internal server error","https://www.badmintonplayer.dk/DBF/HoldTurnering/Stilling/#5,2017,9592,18,1,8,,296181,1093,"
"2017","282735","18","9288","Gladsaxe Søborg 2","Drive 3","away","Could not find any players on match","https://www.badmintonplayer.dk/DBF/HoldTurnering/Stilling/#5,2017,9288,18,1,8,,282735,1093,"
"2017","282737","18","9288","Gladsaxe Søborg 2","Valby BC 2","home","Could not find any players on match","https://www.badmintonplayer.dk/DBF/HoldTurnering/Stilling/#5,2017,9288,18,1,8,,282737,1093,"
"2017","282743","18","9288","Gladsaxe Søborg 2","Amager ABC","home","Could not find any players on match","https://www.badmintonplayer.dk/DBF/HoldTurnering/Stilling/#5,2017,9288,18,1,8,,282743,1093,"
"2017","282746","18","9288","Gladsaxe Søborg 2","Charlottenlund 2","home","Could not find any players on match","https://www.badmintonplayer.dk/DBF/HoldTurnering/Stilling/#5,2017,9288,18,1,8,,282746,1093,"
"2017","282750","18","9288","Gladsaxe Søborg 2","Hvidovre HB2000","away","Could not find any players on match","https://www.badmintonplayer.dk/DBF/HoldTurnering/Stilling/#5,2017,9288,18,1,8,,282750,1093,"
"2017","282751","18","9288","Gladsaxe Søborg 2","Hvidovre 2","away","Could not find any players on match","https://www.badmintonplayer.dk/DBF/HoldTurnering/Stilling/#5,2017,9288,18,1,8,,282751,1093,"
"2016","279829","3","9137","Gladsaxe Søborg","Islands Brygge","home","Internal server error","https://www.badmintonplayer.dk/DBF/HoldTurnering/Stilling/#5,2016,9137,3,1,8,,279829,1093,"
"2016","239565","3","7668","Gladsaxe Søborg","Skovshoved 4","home","Internal server error","https://www.badmintonplayer.dk/DBF/HoldTurnering/Stilling/#5,2016,7668,3,1,8,,239565,1093,"
"2016","239567","3","7668","Gladsaxe Søborg","KFUM Badminton Kbh.","away","Internal server error","https://www.badmintonplayer.dk/DBF/HoldTurnering/Stilling/#5,2016,7668,3,1,8,,239567,1093,"
"2016","239573","3","7668","Gladsaxe Søborg","Dragør 2","away","Internal server error","https://www.badmintonplayer.dk/DBF/HoldTurnering/Stilling/#5,2016,7668,3,1,8,,239573,1093,"
"2016","239576","3","7668","Gladsaxe Søborg","Valby BC","away","Internal server error","https://www.badmintonplayer.dk/DBF/HoldTurnering/Stilling/#5,2016,7668,3,1,8,,239576,1093,"
"2016","239580","3","7668","Gladsaxe Søborg","Rødovre","home","Internal server error","https://www.badmintonplayer.dk/DBF/HoldTurnering/Stilling/#5,2016,7668,3,1,8,,239580,1093,"
"2016","239581","3","7668","Gladsaxe Søborg","Amager ABC 3","home","Internal server error","https://www.badmintonplayer.dk/DBF/HoldTurnering/Stilling/#5,2016,7668,3,1,8,,239581,1093,"
"2016","278413","3","8987","Gladsaxe Søborg 1","Ørslevkloster 1","away","Internal server error","https://www.badmintonplayer.dk/DBF/HoldTurnering/Stilling/#5,2016,8987,3,1,8,,278413,1093,"
"2016","278414","3","8987","Gladsaxe Søborg 1","Dalum Hjallese BK 1","away","Internal server error","https://www.badmintonplayer.dk/DBF/HoldTurnering/Stilling/#5,2016,8987,3,1,8,,278414,1093,"
"2016","278417","3","8987","Gladsaxe Søborg 1","Team 7000 Fredericia 1","home","Internal server error","https://www.badmintonplayer.dk/DBF/HoldTurnering/Stilling/#5,2016,8987,3,1,8,,278417,1093,"
"2016","278462","3","8997","Gladsaxe Søborg 1","Køge 1","home","Internal server error","https://www.badmintonplayer.dk/DBF/HoldTurnering/Stilling/#5,2016,8997,3,1,8,,278462,1093,"
"2016","278460","3","8997","Gladsaxe Søborg 1","Hadsund 1","home","Internal server error","https://www.badmintonplayer.dk/DBF/HoldTurnering/Stilling/#5,2016,8997,3,1,8,,278460,1093,"
"2016","239692","4","7692","Gladsaxe Søborg","Charlottenlund 2","away","Internal server error","https://www.badmintonplayer.dk/DBF/HoldTurnering/Stilling/#5,2016,7692,4,1,8,,239692,1093,"
"2016","240065","4","7692","Gladsaxe Søborg","Valby BC 3","away","Internal server error","https://www.badmintonplayer.dk/DBF/HoldTurnering/Stilling/#5,2016,7692,4,1,8,,240065,1093,"
"2016","239700","4","7692","Gladsaxe Søborg","Tono Kbh.","home","Internal server error","https://www.badmintonplayer.dk/DBF/HoldTurnering/Stilling/#5,2016,7692,4,1,8,,239700,1093,"
"2016","240068","4","7692","Gladsaxe Søborg","Hvidovre 2","away","Could not find any players on match","https://www.badmintonplayer.dk/DBF/HoldTurnering/Stilling/#5,2016,7692,4,1,8,,240068,1093,"
"2016","239705","4","7692","Gladsaxe Søborg","Valby BC 2","home","Internal server error","https://www.badmintonplayer.dk/DBF/HoldTurnering/Stilling/#5,2016,7692,4,1,8,,239705,1093,"
"2016","239710","4","7692","Gladsaxe Søborg","Hvidovre HB2000","away","Internal server error","https://www.badmintonplayer.dk/DBF/HoldTurnering/Stilling/#5,2016,7692,4,1,8,,239710,1093,"
"2016","273686","4","7692","Gladsaxe Søborg","KBK Kbh. 4","home","Internal server error","https://www.badmintonplayer.dk/DBF/HoldTurnering/Stilling/#5,2016,7692,4,1,8,,273686,1093,"
"2016","239245","5","7677","Gladsaxe Søborg","KMB2010","away","Internal server error","https://www.badmintonplayer.dk/DBF/HoldTurnering/Stilling/#5,2016,7677,5,1,8,,239245,1093,"
"2016","278220","5","8905","Gladsaxe Søborg 1","Drive 1","home","Internal server error","https://www.badmintonplayer.dk/DBF/HoldTurnering/Stilling/#5,2016,8905,5,1,8,,278220,1093,"
"2016","278222","5","8905","Gladsaxe Søborg 1","Højbjerg 2","home","Internal server error","https://www.badmintonplayer.dk/DBF/HoldTurnering/Stilling/#5,2016,8905,5,1,8,,278222,1093,"
"2016","278226","5","8905","Gladsaxe Søborg 1","Middelfart 1","home","Internal server error","https://www.badmintonplayer.dk/DBF/HoldTurnering/Stilling/#5,2016,8905,5,1,8,,278226,1093,"
"2016","239763","5","7679","Gladsaxe Søborg 2","NBK Amager","home","Internal server error","https://www.badmintonplayer.dk/DBF/HoldTurnering/Stilling/#5,2016,7679,5,1,8,,239763,1093,"
"2016","239767","5","7679","Gladsaxe Søborg 2","Charlottenlund 2","away","Internal server error","https://www.badmintonplayer.dk/DBF/HoldTurnering/Stilling/#5,2016,7679,5,1,8,,239767,1093,"
"2016","239770","5","7679","Gladsaxe Søborg 2","Frederiksberg","home","Could not find any players on match","https://www.badmintonplayer.dk/DBF/HoldTurnering/Stilling/#5,2016,7679,5,1,8,,239770,1093,"
"2016","239774","5","7679","Gladsaxe Søborg 2","Dragør","home","Internal server error","https://www.badmintonplayer.dk/DBF/HoldTurnering/Stilling/#5,2016,7679,5,1,8,,239774,1093,"
"2016","239778","5","7679","Gladsaxe Søborg 2","Valby BC 2","away","Internal server error","https://www.badmintonplayer.dk/DBF/HoldTurnering/Stilling/#5,2016,7679,5,1,8,,239778,1093,"
"2016","239780","5","7679","Gladsaxe Søborg 2","Amager ABC 2","away","Internal server error","https://www.badmintonplayer.dk/DBF/HoldTurnering/Stilling/#5,2016,7679,5,1,8,,239780,1093,"
"2016","239114","6","7685","Gladsaxe Søborg","Charlottenlund","away","Internal server error","https://www.badmintonplayer.dk/DBF/HoldTurnering/Stilling/#5,2016,7685,6,1,8,,239114,1093,"
"2016","239116","6","7685","Gladsaxe Søborg","Amager ABC 2","home","Internal server error","https://www.badmintonplayer.dk/DBF/HoldTurnering/Stilling/#5,2016,7685,6,1,8,,239116,1093,"
"2016","239119","6","7685","Gladsaxe Søborg","Vanløse","home","Internal server error","https://www.badmintonplayer.dk/DBF/HoldTurnering/Stilling/#5,2016,7685,6,1,8,,239119,1093,"
"2016","239123","6","7685","Gladsaxe Søborg","Drive 3","away","Internal server error","https://www.badmintonplayer.dk/DBF/HoldTurnering/Stilling/#5,2016,7685,6,1,8,,239123,1093,"
"2016","278702","18","8918","Gladsaxe Søborg 1","Dybbøl 1","home","Internal server error","https://www.badmintonplayer.dk/DBF/HoldTurnering/Stilling/#5,2016,8918,18,1,8,,278702,1093,"
"2016","278703","18","8918","Gladsaxe Søborg 1","Vorup FB 1","home","Internal server error","https://www.badmintonplayer.dk/DBF/HoldTurnering/Stilling/#5,2016,8918,18,1,8,,278703,1093,"
"2016","278705","18","9019","Gladsaxe Søborg 1","Viborg 2","away","Internal server error","https://www.badmintonplayer.dk/DBF/HoldTurnering/Stilling/#5,2016,9019,18,1,8,,278705,1093,"
"2016","278706","18","9019","Gladsaxe Søborg 1","Solrød Strand 2","away","Internal server error","https://www.badmintonplayer.dk/DBF/HoldTurnering/Stilling/#5,2016,9019,18,1,8,,278706,1093,"
"2016","238585","1","7640","Gladsaxe Søborg 3","Charlottenlund 5","home","Could not find any players on match","https://www.badmintonplayer.dk/DBF/HoldTurnering/Stilling/#5,2016,7640,1,1,8,,238585,1093,"
"2016","238657","1","7643","Gladsaxe Søborg 4","Tingbjerg 2","away","Could not find any players on match","https://www.badmintonplayer.dk/DBF/HoldTurnering/Stilling/#5,2016,7643,1,1,8,,238657,1093,"
"2016","238662","1","7643","Gladsaxe Søborg 4","KSI Badmintonklub Kbh. 4","home","Could not find any players on match","https://www.badmintonplayer.dk/DBF/HoldTurnering/Stilling/#5,2016,7643,1,1,8,,238662,1093,"
"2016","238671","1","7643","Gladsaxe Søborg 4","Dragør 3","home","Could not find any players on match","https://www.badmintonplayer.dk/DBF/HoldTurnering/Stilling/#5,2016,7643,1,1,8,,238671,1093,"
"2016","238674","1","7643","Gladsaxe Søborg 4","BKPOINT Kbh.","away","Could not find any players on match","https://www.badmintonplayer.dk/DBF/HoldTurnering/Stilling/#5,2016,7643,1,1,8,,238674,1093,"
"2016","238680","1","7643","Gladsaxe Søborg 4","SAIF Kbh. 10","home","Could not find any players on match","https://www.badmintonplayer.dk/DBF/HoldTurnering/Stilling/#5,2016,7643,1,1,8,,238680,1093,"
"2016","238682","1","7643","Gladsaxe Søborg 4","Rødovre/KFUM KBH 2","away","Could not find any players on match","https://www.badmintonplayer.dk/DBF/HoldTurnering/Stilling/#5,2016,7643,1,1,8,,238682,1093,"
"2016","238686","1","7643","Gladsaxe Søborg 4","BC37 Amager 4","away","Could not find any players on match","https://www.badmintonplayer.dk/DBF/HoldTurnering/Stilling/#5,2016,7643,1,1,8,,238686,1093,"
"2016","238690","1","7643","Gladsaxe Søborg 4","CBS Sport Badminton","home","Could not find any players on match","https://www.badmintonplayer.dk/DBF/HoldTurnering/Stilling/#5,2016,7643,1,1,8,,238690,1093,"
"2016","238725","1","7644","Gladsaxe Søborg 4","SAIF Kbh. 11","home","Could not find any players on match","https://www.badmintonplayer.dk/DBF/HoldTurnering/Stilling/#5,2016,7644,1,1,8,,238725,1093,"
"2016","238731","1","7644","Gladsaxe Søborg 4","KBK Kbh. 6","home","Could not find any players on match","https://www.badmintonplayer.dk/DBF/HoldTurnering/Stilling/#5,2016,7644,1,1,8,,238731,1093,"
"2016","238737","1","7644","Gladsaxe Søborg 4","Vanløse 5","away","Could not find any players on match","https://www.badmintonplayer.dk/DBF/HoldTurnering/Stilling/#5,2016,7644,1,1,8,,238737,1093,"
"2016","238777","9","7631","Gladsaxe Søborg","KBK Kbh.","home","Could not find any players on match","https://www.badmintonplayer.dk/DBF/HoldTurnering/Stilling/#5,2016,7631,9,1,8,,238777,1093,"
"2016","238869","9","7647","Gladsaxe Søborg 3","NBK Amager","home","Could not find any players on match","https://www.badmintonplayer.dk/DBF/HoldTurnering/Stilling/#5,2016,7647,9,1,8,,238869,1093,"
"2016","239810","11","7652","Gladsaxe Søborg","KBK Kbh.","away","Could not find any players on match","https://www.badmintonplayer.dk/DBF/HoldTurnering/Stilling/#5,2016,7652,11,1,8,,239810,1093,"
"2016","240054","11","7654","Gladsaxe Søborg 3","Rødovre 2","away","Could not find any players on match","https://www.badmintonplayer.dk/DBF/HoldTurnering/Stilling/#5,2016,7654,11,1,8,,240054,1093,"
"2016","238985","13","7660","Gladsaxe Søborg","Gentofte","away","Could not find any players on match","https://www.badmintonplayer.dk/DBF/HoldTurnering/Stilling/#5,2016,7660,13,1,8,,238985,1093,"
"2015","196137","3","6083","Gladsaxe Søborg","Lyngby 2","away","Could not find any players on match","https://www.badmintonplayer.dk/DBF/HoldTurnering/Stilling/#5,2015,6083,3,1,8,,196137,1093,"
"2015","196146","3","6083","Gladsaxe Søborg","KMB2010","home","Internal server error","https://www.badmintonplayer.dk/DBF/HoldTurnering/Stilling/#5,2015,6083,3,1,8,,196146,1093,"
"2015","196147","3","6083","Gladsaxe Søborg","Charlottenlund","home","Internal server error","https://www.badmintonplayer.dk/DBF/HoldTurnering/Stilling/#5,2015,6083,3,1,8,,196147,1093,"
"2015","196152","3","6083","Gladsaxe Søborg","Dragør 2","away","Could not find any players on match","https://www.badmintonplayer.dk/DBF/HoldTurnering/Stilling/#5,2015,6083,3,1,8,,196152,1093,"
"2015","196157","3","6083","Gladsaxe Søborg","Valby BC","home","Internal server error","https://www.badmintonplayer.dk/DBF/HoldTurnering/Stilling/#5,2015,6083,3,1,8,,196157,1093,"
"2015","196165","3","6083","Gladsaxe Søborg","Gentofte","away","Could not find any players on match","https://www.badmintonplayer.dk/DBF/HoldTurnering/Stilling/#5,2015,6083,3,1,8,,196165,1093,"
"2015","196168","3","6083","Gladsaxe Søborg","KBK Kbh. 3","home","Internal server error","https://www.badmintonplayer.dk/DBF/HoldTurnering/Stilling/#5,2015,6083,3,1,8,,196168,1093,"
"2015","196171","3","6083","Gladsaxe Søborg","Vanløse","away","Could not find any players on match","https://www.badmintonplayer.dk/DBF/HoldTurnering/Stilling/#5,2015,6083,3,1,8,,196171,1093,"
"2015","196177","3","6083","Gladsaxe Søborg","Skovshoved 2","away","Could not find any players on match","https://www.badmintonplayer.dk/DBF/HoldTurnering/Stilling/#5,2015,6083,3,1,8,,196177,1093,"
"2015","196549","3","6085","Gladsaxe Søborg","Valby BC 3","home","Internal server error","https://www.badmintonplayer.dk/DBF/HoldTurnering/Stilling/#5,2015,6085,3,1,8,,196549,1093,"
"2015","196553","3","6085","Gladsaxe Søborg","BC37 Amager","home","Could not find any players on match","https://www.badmintonplayer.dk/DBF/HoldTurnering/Stilling/#5,2015,6085,3,1,8,,196553,1093,"
"2015","196556","3","6085","Gladsaxe Søborg","Islands Brygge","away","Internal server error","https://www.badmintonplayer.dk/DBF/HoldTurnering/Stilling/#5,2015,6085,3,1,8,,196556,1093,"
"2015","196558","3","6085","Gladsaxe Søborg","Skovshoved 3","away","Internal server error","https://www.badmintonplayer.dk/DBF/HoldTurnering/Stilling/#5,2015,6085,3,1,8,,196558,1093,"
"2015","196564","3","6085","Gladsaxe Søborg","Drive 2","away","Internal server error","https://www.badmintonplayer.dk/DBF/HoldTurnering/Stilling/#5,2015,6085,3,1,8,,196564,1093,"
"2015","196569","3","6085","Gladsaxe Søborg","Amager ABC","home","Internal server error","https://www.badmintonplayer.dk/DBF/HoldTurnering/Stilling/#5,2015,6085,3,1,8,,196569,1093,"
"2015","196573","3","6085","Gladsaxe Søborg","FKIF Frederiksberg 2","home","Internal server error","https://www.badmintonplayer.dk/DBF/HoldTurnering/Stilling/#5,2015,6085,3,1,8,,196573,1093,"
"2015","196574","3","6085","Gladsaxe Søborg","Hvidovre 2","away","Internal server error","https://www.badmintonplayer.dk/DBF/HoldTurnering/Stilling/#5,2015,6085,3,1,8,,196574,1093,"
"2015","196621","4","6089","Gladsaxe Søborg","Amager ABC","home","Internal server error","https://www.badmintonplayer.dk/DBF/HoldTurnering/Stilling/#5,2015,6089,4,1,8,,196621,1093,"
"2015","196625","4","6089","Gladsaxe Søborg","Gentofte","home","Internal server error","https://www.badmintonplayer.dk/DBF/HoldTurnering/Stilling/#5,2015,6089,4,1,8,,196625,1093,"
"2015","196628","4","6089","Gladsaxe Søborg","Hvidovre HB2000","away","Could not find any players on match","https://www.badmintonplayer.dk/DBF/HoldTurnering/Stilling/#5,2015,6089,4,1,8,,196628,1093,"
"2015","211342","4","6089","Gladsaxe Søborg","BC37 Amager","away","Internal server error","https://www.badmintonplayer.dk/DBF/HoldTurnering/Stilling/#5,2015,6089,4,1,8,,211342,1093,"
"2015","196636","4","6089","Gladsaxe Søborg","Dragør 2","away","Internal server error","https://www.badmintonplayer.dk/DBF/HoldTurnering/Stilling/#5,2015,6089,4,1,8,,196636,1093,"
"2015","196641","4","6089","Gladsaxe Søborg","Charlottenlund 2","home","Internal server error","https://www.badmintonplayer.dk/DBF/HoldTurnering/Stilling/#5,2015,6089,4,1,8,,196641,1093,"
"2015","196645","4","6089","Gladsaxe Søborg","Vanløse","home","Internal server error","https://www.badmintonplayer.dk/DBF/HoldTurnering/Stilling/#5,2015,6089,4,1,8,,196645,1093,"
"2015","196646","4","6089","Gladsaxe Søborg","KMB2010 2","away","Internal server error","https://www.badmintonplayer.dk/DBF/HoldTurnering/Stilling/#5,2015,6089,4,1,8,,196646,1093,"
"2015","196362","4","6091","Gladsaxe Søborg 2","KFUM Badminton Kbh.","home","Internal server error","https://www.badmintonplayer.dk/DBF/HoldTurnering/Stilling/#5,2015,6091,4,1,8,,196362,1093,"
"2015","202114","4","6091","Gladsaxe Søborg 2","FKIF Frederiksberg 2","home","Internal server error","https://www.badmintonplayer.dk/DBF/HoldTurnering/Stilling/#5,2015,6091,4,1,8,,202114,1093,"
"2015","196369","4","6091","Gladsaxe Søborg 2","Tono Kbh. 2","away","Internal server error","https://www.badmintonplayer.dk/DBF/HoldTurnering/Stilling/#5,2015,6091,4,1,8,,196369,1093,"
"2015","196371","4","6091","Gladsaxe Søborg 2","Amager ABC 3","away","Internal server error","https://www.badmintonplayer.dk/DBF/HoldTurnering/Stilling/#5,2015,6091,4,1,8,,196371,1093,"
"2015","221618","4","6091","Gladsaxe Søborg 2","Hvidovre HB2000","away","Internal server error","https://www.badmintonplayer.dk/DBF/HoldTurnering/Stilling/#5,2015,6091,4,1,8,,221618,1093,"
"2015","196382","4","6091","Gladsaxe Søborg 2","Hvidovre 3","home","Internal server error","https://www.badmintonplayer.dk/DBF/HoldTurnering/Stilling/#5,2015,6091,4,1,8,,196382,1093,"
"2015","211645","4","6091","Gladsaxe Søborg 2","Vanløse 2","home","Could not find any players on match","https://www.badmintonplayer.dk/DBF/HoldTurnering/Stilling/#5,2015,6091,4,1,8,,211645,1093,"
"2015","196387","4","6091","Gladsaxe Søborg 2","Islands Brygge","away","Internal server error","https://www.badmintonplayer.dk/DBF/HoldTurnering/Stilling/#5,2015,6091,4,1,8,,196387,1093,"
"2015","195962","6","6099","Gladsaxe Søborg","Drive","home","Could not find any players on match","https://www.badmintonplayer.dk/DBF/HoldTurnering/Stilling/#5,2015,6099,6,1,8,,195962,1093,"
"2015","195964","6","6099","Gladsaxe Søborg","Lyngby 2","away","Could not find any players on match","https://www.badmintonplayer.dk/DBF/HoldTurnering/Stilling/#5,2015,6099,6,1,8,,195964,1093,"
"2015","195972","6","6099","Gladsaxe Søborg","Dragør","home","Could not find any players on match","https://www.badmintonplayer.dk/DBF/HoldTurnering/Stilling/#5,2015,6099,6,1,8,,195972,1093,"
"2015","195977","6","6099","Gladsaxe Søborg","Frederiksberg","home","Could not find any players on match","https://www.badmintonplayer.dk/DBF/HoldTurnering/Stilling/#5,2015,6099,6,1,8,,195977,1093,"
"2015","195979","6","6099","Gladsaxe Søborg","Vanløse","away","Could not find any players on match","https://www.badmintonplayer.dk/DBF/HoldTurnering/Stilling/#5,2015,6099,6,1,8,,195979,1093,"
"2015","195984","6","6099","Gladsaxe Søborg","Charlottenlund","away","Could not find any players on match","https://www.badmintonplayer.dk/DBF/HoldTurnering/Stilling/#5,2015,6099,6,1,8,,195984,1093,"
"2015","195992","6","6099","Gladsaxe Søborg","BC37 Amager","home","Could not find any players on match","https://www.badmintonplayer.dk/DBF/HoldTurnering/Stilling/#5,2015,6099,6,1,8,,195992,1093,"
"2015","195997","6","6099","Gladsaxe Søborg","FKIF Frederiksberg","home","Could not find any players on match","https://www.badmintonplayer.dk/DBF/HoldTurnering/Stilling/#5,2015,6099,6,1,8,,195997,1093,"
"2015","196002","6","6099","Gladsaxe Søborg","Valby BC","away","Could not find any players on match","https://www.badmintonplayer.dk/DBF/HoldTurnering/Stilling/#5,2015,6099,6,1,8,,196002,1093,"
"2015","193655","1","6013","Gladsaxe Søborg 3","Frederiksberg 5","away","Could not find any players on match","https://www.badmintonplayer.dk/DBF/HoldTurnering/Stilling/#5,2015,6013,1,1,8,,193655,1093,"
"2015","193743","1","6019","Gladsaxe Søborg 4","Frederiksberg 6","home","Could not find any players on match","https://www.badmintonplayer.dk/DBF/HoldTurnering/Stilling/#5,2015,6019,1,1,8,,193743,1093,"
"2015","204925","1","6022","Gladsaxe Søborg 5","Rødovre/KFUM KBH 2","home","Could not find any players on match","https://www.badmintonplayer.dk/DBF/HoldTurnering/Stilling/#5,2015,6022,1,1,8,,204925,1093,"
"2015","204931","1","6022","Gladsaxe Søborg 5","CBS Sport Badminton","home","Could not find any players on match","https://www.badmintonplayer.dk/DBF/HoldTurnering/Stilling/#5,2015,6022,1,1,8,,204931,1093,"
"2015","204934","1","6022","Gladsaxe Søborg 5","BC KVIK Kbh. 2","home","Could not find any players on match","https://www.badmintonplayer.dk/DBF/HoldTurnering/Stilling/#5,2015,6022,1,1,8,,204934,1093,"
"2015","193095","11","5984","Gladsaxe Søborg 2","Amager ABC","home","Could not find any players on match","https://www.badmintonplayer.dk/DBF/HoldTurnering/Stilling/#5,2015,5984,11,1,8,,193095,1093,"
"2014","142140","3","4253","Gladsaxe Søborg","Hvidovre HB2000","away","Internal server error","https://www.badmintonplayer.dk/DBF/HoldTurnering/Stilling/#5,2014,4253,3,1,8,,142140,1093,"
"2014","142144","3","4253","Gladsaxe Søborg","Skovshoved 2","home","Internal server error","https://www.badmintonplayer.dk/DBF/HoldTurnering/Stilling/#5,2014,4253,3,1,8,,142144,1093,"
"2014","142148","3","4253","Gladsaxe Søborg","Vanløse","away","Internal server error","https://www.badmintonplayer.dk/DBF/HoldTurnering/Stilling/#5,2014,4253,3,1,8,,142148,1093,"
"2014","142153","3","4253","Gladsaxe Søborg","Charlottenlund 2","away","Internal server error","https://www.badmintonplayer.dk/DBF/HoldTurnering/Stilling/#5,2014,4253,3,1,8,,142153,1093,"
"2014","142154","3","4253","Gladsaxe Søborg","Dragør 2","home","Internal server error","https://www.badmintonplayer.dk/DBF/HoldTurnering/Stilling/#5,2014,4253,3,1,8,,142154,1093,"
"2014","142158","3","4253","Gladsaxe Søborg","Tono Kbh.","away","Internal server error","https://www.badmintonplayer.dk/DBF/HoldTurnering/Stilling/#5,2014,4253,3,1,8,,142158,1093,"
"2014","142163","3","4253","Gladsaxe Søborg","FKIF Frederiksberg","home","Internal server error","https://www.badmintonplayer.dk/DBF/HoldTurnering/Stilling/#5,2014,4253,3,1,8,,142163,1093,"
"2014","142166","3","4254","Gladsaxe Søborg 2","KMB2010 2","away","Internal server error","https://www.badmintonplayer.dk/DBF/HoldTurnering/Stilling/#5,2014,4254,3,1,8,,142166,1093,"
"2014","142170","3","4254","Gladsaxe Søborg 2","Lyngby 2","home","Internal server error","https://www.badmintonplayer.dk/DBF/HoldTurnering/Stilling/#5,2014,4254,3,1,8,,142170,1093,"
"2014","142174","3","4254","Gladsaxe Søborg 2","FKIF Frederiksberg 2","away","Could not find any players on match","https://www.badmintonplayer.dk/DBF/HoldTurnering/Stilling/#5,2014,4254,3,1,8,,142174,1093,"
"2014","142176","3","4254","Gladsaxe Søborg 2","KBK Kbh. 3","home","Internal server error","https://www.badmintonplayer.dk/DBF/HoldTurnering/Stilling/#5,2014,4254,3,1,8,,142176,1093,"
"2014","142180","3","4254","Gladsaxe Søborg 2","KFUM Badminton Kbh.","home","Could not find any players on match","https://www.badmintonplayer.dk/DBF/HoldTurnering/Stilling/#5,2014,4254,3,1,8,,142180,1093,"
"2014","142184","3","4254","Gladsaxe Søborg 2","Charlottenlund 3","away","Could not find any players on match","https://www.badmintonplayer.dk/DBF/HoldTurnering/Stilling/#5,2014,4254,3,1,8,,142184,1093,"
"2014","142304","4","4260","Gladsaxe Søborg 2","FKIF Frederiksberg 2","home","Internal server error","https://www.badmintonplayer.dk/DBF/HoldTurnering/Stilling/#5,2014,4260,4,1,8,,142304,1093,"
"2014","142307","4","4260","Gladsaxe Søborg 2","BK36 Kbh.","away","Internal server error","https://www.badmintonplayer.dk/DBF/HoldTurnering/Stilling/#5,2014,4260,4,1,8,,142307,1093,"
"2014","142311","4","4260","Gladsaxe Søborg 2","Tono Kbh.","home","Internal server error","https://www.badmintonplayer.dk/DBF/HoldTurnering/Stilling/#5,2014,4260,4,1,8,,142311,1093,"
"2014","142316","4","4260","Gladsaxe Søborg 2","BC37 Amager","away","Internal server error","https://www.badmintonplayer.dk/DBF/HoldTurnering/Stilling/#5,2014,4260,4,1,8,,142316,1093,"
"2014","142321","4","4260","Gladsaxe Søborg 2","Dragør 2","away","Internal server error","https://www.badmintonplayer.dk/DBF/HoldTurnering/Stilling/#5,2014,4260,4,1,8,,142321,1093,"
"2014","142325","4","4260","Gladsaxe Søborg 2","Valby BC 3","home","Internal server error","https://www.badmintonplayer.dk/DBF/HoldTurnering/Stilling/#5,2014,4260,4,1,8,,142325,1093,"
"2014","142328","4","4260","Gladsaxe Søborg 2","Skovshoved 3","away","Internal server error","https://www.badmintonplayer.dk/DBF/HoldTurnering/Stilling/#5,2014,4260,4,1,8,,142328,1093,"
"2014","142945","5","4262","Gladsaxe Søborg","Drive","home","Internal server error","https://www.badmintonplayer.dk/DBF/HoldTurnering/Stilling/#5,2014,4262,5,1,8,,142945,1093,"
"2014","142947","5","4262","Gladsaxe Søborg","Dragør","away","Internal server error","https://www.badmintonplayer.dk/DBF/HoldTurnering/Stilling/#5,2014,4262,5,1,8,,142947,1093,"
"2014","142949","5","4262","Gladsaxe Søborg","NBK Amager","home","Internal server error","https://www.badmintonplayer.dk/DBF/HoldTurnering/Stilling/#5,2014,4262,5,1,8,,142949,1093,"
"2014","142953","5","4262","Gladsaxe Søborg","Charlottenlund","home","Internal server error","https://www.badmintonplayer.dk/DBF/HoldTurnering/Stilling/#5,2014,4262,5,1,8,,142953,1093,"
"2014","142955","5","4262","Gladsaxe Søborg","Lyngby 2","away","Internal server error","https://www.badmintonplayer.dk/DBF/HoldTurnering/Stilling/#5,2014,4262,5,1,8,,142955,1093,"
"2014","142958","5","4262","Gladsaxe Søborg","KBK Kbh. 2","home","Internal server error","https://www.badmintonplayer.dk/DBF/HoldTurnering/Stilling/#5,2014,4262,5,1,8,,142958,1093,"
"2014","142961","5","4262","Gladsaxe Søborg","Frederiksberg","away","Internal server error","https://www.badmintonplayer.dk/DBF/HoldTurnering/Stilling/#5,2014,4262,5,1,8,,142961,1093,"
"2014","143862","5","4264","Gladsaxe Søborg 2","Charlottenlund 3","home","Internal server error","https://www.badmintonplayer.dk/DBF/HoldTurnering/Stilling/#5,2014,4264,5,1,8,,143862,1093,"
"2014","143865","5","4264","Gladsaxe Søborg 2","FKIF Frederiksberg 2","away","Internal server error","https://www.badmintonplayer.dk/DBF/HoldTurnering/Stilling/#5,2014,4264,5,1,8,,143865,1093,"
"2014","143869","5","4264","Gladsaxe Søborg 2","KFUM Badminton Kbh.","home","Internal server error","https://www.badmintonplayer.dk/DBF/HoldTurnering/Stilling/#5,2014,4264,5,1,8,,143869,1093,"
"2014","143875","5","4264","Gladsaxe Søborg 2","Tono Kbh.","home","Internal server error","https://www.badmintonplayer.dk/DBF/HoldTurnering/Stilling/#5,2014,4264,5,1,8,,143875,1093,"
"2014","169020","5","4264","Gladsaxe Søborg 2","Hvidovre","away","Internal server error","https://www.badmintonplayer.dk/DBF/HoldTurnering/Stilling/#5,2014,4264,5,1,8,,169020,1093,"
"2014","143883","5","4264","Gladsaxe Søborg 2","Vanløse","home","Internal server error","https://www.badmintonplayer.dk/DBF/HoldTurnering/Stilling/#5,2014,4264,5,1,8,,143883,1093,"
"2014","143886","5","4264","Gladsaxe Søborg 2","Rødovre","away","Internal server error","https://www.badmintonplayer.dk/DBF/HoldTurnering/Stilling/#5,2014,4264,5,1,8,,143886,1093,"
"2014","142501","6","4266","Gladsaxe Søborg","Vanløse","away","Internal server error","https://www.badmintonplayer.dk/DBF/HoldTurnering/Stilling/#5,2014,4266,6,1,8,,142501,1093,"
"2014","143094","6","4266","Gladsaxe Søborg","KFUM Badminton Kbh.","away","Could not find any players on match","https://www.badmintonplayer.dk/DBF/HoldTurnering/Stilling/#5,2014,4266,6,1,8,,143094,1093,"
"2014","143096","6","4266","Gladsaxe Søborg","FKIF Frederiksberg","home","Could not find any players on match","https://www.badmintonplayer.dk/DBF/HoldTurnering/Stilling/#5,2014,4266,6,1,8,,143096,1093,"
"2014","142513","6","4266","Gladsaxe Søborg","BC37 Amager","away","Could not find any players on match","https://www.badmintonplayer.dk/DBF/HoldTurnering/Stilling/#5,2014,4266,6,1,8,,142513,1093,"
"2014","142521","6","4266","Gladsaxe Søborg","Dragør","home","Could not find any players on match","https://www.badmintonplayer.dk/DBF/HoldTurnering/Stilling/#5,2014,4266,6,1,8,,142521,1093,"
"2014","142523","6","4266","Gladsaxe Søborg","Amager ABC","away","Could not find any players on match","https://www.badmintonplayer.dk/DBF/HoldTurnering/Stilling/#5,2014,4266,6,1,8,,142523,1093,"
"2014","142531","6","4266","Gladsaxe Søborg","Charlottenlund","home","Could not find any players on match","https://www.badmintonplayer.dk/DBF/HoldTurnering/Stilling/#5,2014,4266,6,1,8,,142531,1093,"
"2014","142541","6","4266","Gladsaxe Søborg","KBK Kbh. 2","home","Could not find any players on match","https://www.badmintonplayer.dk/DBF/HoldTurnering/Stilling/#5,2014,4266,6,1,8,,142541,1093,"
"2014","142545","6","4266","Gladsaxe Søborg","Lyngby 2","away","Could not find any players on match","https://www.badmintonplayer.dk/DBF/HoldTurnering/Stilling/#5,2014,4266,6,1,8,,142545,1093,"
"2014","142550","6","4266","Gladsaxe Søborg","Drive","home","Could not find any players on match","https://www.badmintonplayer.dk/DBF/HoldTurnering/Stilling/#5,2014,4266,6,1,8,,142550,1093,"
"2014","142471","6","4267","Gladsaxe Søborg 2","FKIF Frederiksberg 2","home","Could not find any players on match","https://www.badmintonplayer.dk/DBF/HoldTurnering/Stilling/#5,2014,4267,6,1,8,,142471,1093,"
"2014","142978","6","4267","Gladsaxe Søborg 2","Valby BC","away","Could not find any players on match","https://www.badmintonplayer.dk/DBF/HoldTurnering/Stilling/#5,2014,4267,6,1,8,,142978,1093,"
"2014","142478","6","4267","Gladsaxe Søborg 2","KFUM Badminton Kbh. 2","home","Could not find any players on match","https://www.badmintonplayer.dk/DBF/HoldTurnering/Stilling/#5,2014,4267,6,1,8,,142478,1093,"
"2014","142484","6","4267","Gladsaxe Søborg 2","Sundby KFUM","home","Could not find any players on match","https://www.badmintonplayer.dk/DBF/HoldTurnering/Stilling/#5,2014,4267,6,1,8,,142484,1093,"
"2014","159975","6","4267","Gladsaxe Søborg 2","Charlottenlund 2","away","Could not find any players on match","https://www.badmintonplayer.dk/DBF/HoldTurnering/Stilling/#5,2014,4267,6,1,8,,159975,1093,"
"2014","142492","6","4267","Gladsaxe Søborg 2","Tono Kbh.","home","Could not find any players on match","https://www.badmintonplayer.dk/DBF/HoldTurnering/Stilling/#5,2014,4267,6,1,8,,142492,1093,"
"2014","142495","6","4267","Gladsaxe Søborg 2","Rødovre","away","Could not find any players on match","https://www.badmintonplayer.dk/DBF/HoldTurnering/Stilling/#5,2014,4267,6,1,8,,142495,1093,"
"2014","141993","9","4245","Gladsaxe Søborg 3","Sundby KFUM","away","Could not find any players on match","https://www.badmintonplayer.dk/DBF/HoldTurnering/Stilling/#5,2014,4245,9,1,8,,141993,1093,"
"2014","142053","9","4247","Gladsaxe Søborg 4","Lyngby 5","away","Could not find any players on match","https://www.badmintonplayer.dk/DBF/HoldTurnering/Stilling/#5,2014,4247,9,1,8,,142053,1093,"
"2013","95850","3","2644","Gladsaxe Søborg","Frederiksberg","away","Internal server error","https://www.badmintonplayer.dk/DBF/HoldTurnering/Stilling/#5,2013,2644,3,1,8,,95850,1093,"
"2013","95851","3","2644","Gladsaxe Søborg","Drive","home","Internal server error","https://www.badmintonplayer.dk/DBF/HoldTurnering/Stilling/#5,2013,2644,3,1,8,,95851,1093,"
"2013","95853","3","2644","Gladsaxe Søborg","Charlottenlund 2","home","Internal server error","https://www.badmintonplayer.dk/DBF/HoldTurnering/Stilling/#5,2013,2644,3,1,8,,95853,1093,"
"2013","95857","3","2644","Gladsaxe Søborg","KBK Kbh. 2","away","Internal server error","https://www.badmintonplayer.dk/DBF/HoldTurnering/Stilling/#5,2013,2644,3,1,8,,95857,1093,"
"2013","95859","3","2644","Gladsaxe Søborg","Frederiksberg","home","Internal server error","https://www.badmintonplayer.dk/DBF/HoldTurnering/Stilling/#5,2013,2644,3,1,8,,95859,1093,"
"2013","95861","3","2644","Gladsaxe Søborg","Drive","away","Internal server error","https://www.badmintonplayer.dk/DBF/HoldTurnering/Stilling/#5,2013,2644,3,1,8,,95861,1093,"
"2013","95863","3","2644","Gladsaxe Søborg","Charlottenlund 2","away","Internal server error","https://www.badmintonplayer.dk/DBF/HoldTurnering/Stilling/#5,2013,2644,3,1,8,,95863,1093,"
"2013","95867","3","2644","Gladsaxe Søborg","KBK Kbh. 2","home","Internal server error","https://www.badmintonplayer.dk/DBF/HoldTurnering/Stilling/#5,2013,2644,3,1,8,,95867,1093,"
"2013","95870","3","2645","Gladsaxe Søborg 2","Hvidovre 2","away","Internal server error","https://www.badmintonplayer.dk/DBF/HoldTurnering/Stilling/#5,2013,2645,3,1,8,,95870,1093,"
"2013","95873","3","2645","Gladsaxe Søborg 2","Lyngby 3","home","Internal server error","https://www.badmintonplayer.dk/DBF/HoldTurnering/Stilling/#5,2013,2645,3,1,8,,95873,1093,"
"2013","95876","3","2645","Gladsaxe Søborg 2","KMB2010 2","home","Internal server error","https://www.badmintonplayer.dk/DBF/HoldTurnering/Stilling/#5,2013,2645,3,1,8,,95876,1093,"
"2013","95883","3","2645","Gladsaxe Søborg 2","Skovshoved 2","away","Internal server error","https://www.badmintonplayer.dk/DBF/HoldTurnering/Stilling/#5,2013,2645,3,1,8,,95883,1093,"
"2013","95888","3","2645","Gladsaxe Søborg 2","FKIF Frederiksberg","home","Internal server error","https://www.badmintonplayer.dk/DBF/HoldTurnering/Stilling/#5,2013,2645,3,1,8,,95888,1093,"
"2013","96111","5","2686","Gladsaxe Søborg","Frederiksberg","away","Internal server error","https://www.badmintonplayer.dk/DBF/HoldTurnering/Stilling/#5,2013,2686,5,1,8,,96111,1093,"
"2013","96114","5","2686","Gladsaxe Søborg","Charlottenlund","home","Internal server error","https://www.badmintonplayer.dk/DBF/HoldTurnering/Stilling/#5,2013,2686,5,1,8,,96114,1093,"
"2013","96120","5","2686","Gladsaxe Søborg","Skovshoved 2","away","Internal server error","https://www.badmintonplayer.dk/DBF/HoldTurnering/Stilling/#5,2013,2686,5,1,8,,96120,1093,"
"2013","96126","5","2686","Gladsaxe Søborg","Dragør","away","Internal server error","https://www.badmintonplayer.dk/DBF/HoldTurnering/Stilling/#5,2013,2686,5,1,8,,96126,1093,"
"2013","96128","5","2686","Gladsaxe Søborg","Hvidovre","home","Internal server error","https://www.badmintonplayer.dk/DBF/HoldTurnering/Stilling/#5,2013,2686,5,1,8,,96128,1093,"
"2013","96133","5","2686","Gladsaxe Søborg","KMB2010","away","Internal server error","https://www.badmintonplayer.dk/DBF/HoldTurnering/Stilling/#5,2013,2686,5,1,8,,96133,1093,"
"2013","96139","5","2686","Gladsaxe Søborg","Lyngby","home","Internal server error","https://www.badmintonplayer.dk/DBF/HoldTurnering/Stilling/#5,2013,2686,5,1,8,,96139,1093,"
"2013","96145","5","2686","Gladsaxe Søborg","Drive","away","Internal server error","https://www.badmintonplayer.dk/DBF/HoldTurnering/Stilling/#5,2013,2686,5,1,8,,96145,1093,"
"2013","96149","5","2686","Gladsaxe Søborg","KBK Kbh. 2","home","Internal server error","https://www.badmintonplayer.dk/DBF/HoldTurnering/Stilling/#5,2013,2686,5,1,8,,96149,1093,"
"2013","96175","5","2688","Gladsaxe Søborg 2","Amager ABC","home","Internal server error","https://www.badmintonplayer.dk/DBF/HoldTurnering/Stilling/#5,2013,2688,5,1,8,,96175,1093,"
"2013","96178","5","2688","Gladsaxe Søborg 2","FKIF Frederiksberg","away","Internal server error","https://www.badmintonplayer.dk/DBF/HoldTurnering/Stilling/#5,2013,2688,5,1,8,,96178,1093,"
"2013","118590","5","2688","Gladsaxe Søborg 2","KFUM Badminton Kbh.","home","Could not find any players on match","https://www.badmintonplayer.dk/DBF/HoldTurnering/Stilling/#5,2013,2688,5,1,8,,118590,1093,"
"2013","96189","5","2688","Gladsaxe Søborg 2","SMASH","away","Internal server error","https://www.badmintonplayer.dk/DBF/HoldTurnering/Stilling/#5,2013,2688,5,1,8,,96189,1093,"
"2013","96193","5","2688","Gladsaxe Søborg 2","Sct. Jørgen Kbh.","home","Internal server error","https://www.badmintonplayer.dk/DBF/HoldTurnering/Stilling/#5,2013,2688,5,1,8,,96193,1093,"
"2013","96223","5","2690","Gladsaxe Søborg 3","Charlottenlund 3","away","Internal server error","https://www.badmintonplayer.dk/DBF/HoldTurnering/Stilling/#5,2013,2690,5,1,8,,96223,1093,"
"2013","96226","5","2690","Gladsaxe Søborg 3","Tono Kbh.","away","Internal server error","https://www.badmintonplayer.dk/DBF/HoldTurnering/Stilling/#5,2013,2690,5,1,8,,96226,1093,"
"2013","96231","5","2690","Gladsaxe Søborg 3","Frederiksberg 3","home","Could not find any players on match","https://www.badmintonplayer.dk/DBF/HoldTurnering/Stilling/#5,2013,2690,5,1,8,,96231,1093,"
"2013","96234","5","2690","Gladsaxe Søborg 3","Hvidovre HB2000 4","away","Internal server error","https://www.badmintonplayer.dk/DBF/HoldTurnering/Stilling/#5,2013,2690,5,1,8,,96234,1093,"
"2013","96237","5","2690","Gladsaxe Søborg 3","FKIF Frederiksberg 2","home","Internal server error","https://www.badmintonplayer.dk/DBF/HoldTurnering/Stilling/#5,2013,2690,5,1,8,,96237,1093,"
"2013","96240","5","2690","Gladsaxe Søborg 3","Valby BC 2","home","Could not find any players on match","https://www.badmintonplayer.dk/DBF/HoldTurnering/Stilling/#5,2013,2690,5,1,8,,96240,1093,"
"2013","96250","6","2692","Gladsaxe Søborg","Hvidovre","home","Internal server error","https://www.badmintonplayer.dk/DBF/HoldTurnering/Stilling/#5,2013,2692,6,1,8,,96250,1093,"
"2013","100355","6","2692","Gladsaxe Søborg","Drive","away","Internal server error","https://www.badmintonplayer.dk/DBF/HoldTurnering/Stilling/#5,2013,2692,6,1,8,,100355,1093,"
"2013","100357","6","2692","Gladsaxe Søborg","Charlottenlund","away","Internal server error","https://www.badmintonplayer.dk/DBF/HoldTurnering/Stilling/#5,2013,2692,6,1,8,,100357,1093,"
"2013","100358","6","2692","Gladsaxe Søborg","KBK Kbh.","home","Internal server error","https://www.badmintonplayer.dk/DBF/HoldTurnering/Stilling/#5,2013,2692,6,1,8,,100358,1093,"
"2013","96265","6","2693","Gladsaxe Søborg","SMASH","away","Internal server error","https://www.badmintonplayer.dk/DBF/HoldTurnering/Stilling/#5,2013,2693,6,1,8,,96265,1093,"
"2013","96272","6","2693","Gladsaxe Søborg","Tono Kbh.","away","Internal server error","https://www.badmintonplayer.dk/DBF/HoldTurnering/Stilling/#5,2013,2693,6,1,8,,96272,1093,"
"2013","96274","6","2693","Gladsaxe Søborg","BC37 Amager","home","Internal server error","https://www.badmintonplayer.dk/DBF/HoldTurnering/Stilling/#5,2013,2693,6,1,8,,96274,1093,"
"2013","96279","6","2693","Gladsaxe Søborg","Valby BC","away","Internal server error","https://www.badmintonplayer.dk/DBF/HoldTurnering/Stilling/#5,2013,2693,6,1,8,,96279,1093,"
"2013","96282","6","2693","Gladsaxe Søborg","Sundby KFUM","home","Internal server error","https://www.badmintonplayer.dk/DBF/HoldTurnering/Stilling/#5,2013,2693,6,1,8,,96282,1093,"
"2013","96286","6","2693","Gladsaxe Søborg","Amager ABC","away","Internal server error","https://www.badmintonplayer.dk/DBF/HoldTurnering/Stilling/#5,2013,2693,6,1,8,,96286,1093,"
"2012","49880","3","1311","Gladsaxe Søborg","Charlottenlund 2","away","Internal server error","https://www.badmintonplayer.dk/DBF/HoldTurnering/Stilling/#5,2012,1311,3,1,8,,49880,1093,"
"2012","49882","3","1311","Gladsaxe Søborg","Drive","home","Internal server error","https://www.badmintonplayer.dk/DBF/HoldTurnering/Stilling/#5,2012,1311,3,1,8,,49882,1093,"
"2012","49887","3","1311","Gladsaxe Søborg","Frederiksberg","home","Internal server error","https://www.badmintonplayer.dk/DBF/HoldTurnering/Stilling/#5,2012,1311,3,1,8,,49887,1093,"
"2012","49890","3","1311","Gladsaxe Søborg","Hvidovre","away","Internal server error","https://www.badmintonplayer.dk/DBF/HoldTurnering/Stilling/#5,2012,1311,3,1,8,,49890,1093,"
"2012","49896","3","1311","Gladsaxe Søborg","KBK Kbh. 3","home","Internal server error","https://www.badmintonplayer.dk/DBF/HoldTurnering/Stilling/#5,2012,1311,3,1,8,,49896,1093,"
"2012","49898","3","1311","Gladsaxe Søborg","Lyngby 2","away","Internal server error","https://www.badmintonplayer.dk/DBF/HoldTurnering/Stilling/#5,2012,1311,3,1,8,,49898,1093,"
"2012","50021","4","1318","Gladsaxe Søborg","BC37 Amager","away","Internal server error","https://www.badmintonplayer.dk/DBF/HoldTurnering/Stilling/#5,2012,1318,4,1,8,,50021,1093,"
"2012","50023","4","1318","Gladsaxe Søborg","KBK Kbh. 3","away","Internal server error","https://www.badmintonplayer.dk/DBF/HoldTurnering/Stilling/#5,2012,1318,4,1,8,,50023,1093,"
"2012","50027","4","1318","Gladsaxe Søborg","Lyngby 2","home","Internal server error","https://www.badmintonplayer.dk/DBF/HoldTurnering/Stilling/#5,2012,1318,4,1,8,,50027,1093,"
"2012","50032","4","1318","Gladsaxe Søborg","Frederiksberg 2","away","Internal server error","https://www.badmintonplayer.dk/DBF/HoldTurnering/Stilling/#5,2012,1318,4,1,8,,50032,1093,"
"2012","50036","4","1318","Gladsaxe Søborg","Drive 2","home","Internal server error","https://www.badmintonplayer.dk/DBF/HoldTurnering/Stilling/#5,2012,1318,4,1,8,,50036,1093,"
"2012","50041","4","1318","Gladsaxe Søborg","Frederiksberg 3","home","Internal server error","https://www.badmintonplayer.dk/DBF/HoldTurnering/Stilling/#5,2012,1318,4,1,8,,50041,1093,"
"2012","50044","4","1318","Gladsaxe Søborg","Hvidovre HB2000","away","Internal server error","https://www.badmintonplayer.dk/DBF/HoldTurnering/Stilling/#5,2012,1318,4,1,8,,50044,1093,"
"2012","50158","4","1322","Gladsaxe Søborg 2","NBK Amager","home","Internal server error","https://www.badmintonplayer.dk/DBF/HoldTurnering/Stilling/#5,2012,1322,4,1,8,,50158,1093,"
"2012","50160","4","1322","Gladsaxe Søborg 2","Vanløse","away","Internal server error","https://www.badmintonplayer.dk/DBF/HoldTurnering/Stilling/#5,2012,1322,4,1,8,,50160,1093,"
"2012","50167","4","1322","Gladsaxe Søborg 2","KBK Kbh. 4","away","Internal server error","https://www.badmintonplayer.dk/DBF/HoldTurnering/Stilling/#5,2012,1322,4,1,8,,50167,1093,"
"2012","50170","4","1322","Gladsaxe Søborg 2","Amager ABC","home","Could not find any players on match","https://www.badmintonplayer.dk/DBF/HoldTurnering/Stilling/#5,2012,1322,4,1,8,,50170,1093,"
"2012","50178","4","1322","Gladsaxe Søborg 2","KFUM Badminton Kbh.","away","Could not find any players on match","https://www.badmintonplayer.dk/DBF/HoldTurnering/Stilling/#5,2012,1322,4,1,8,,50178,1093,"
"2012","50181","4","1322","Gladsaxe Søborg 2","Valby BC","home","Could not find any players on match","https://www.badmintonplayer.dk/DBF/HoldTurnering/Stilling/#5,2012,1322,4,1,8,,50181,1093,"
"2012","50187","4","1322","Gladsaxe Søborg 2","Charlottenlund 2","away","Could not find any players on match","https://www.badmintonplayer.dk/DBF/HoldTurnering/Stilling/#5,2012,1322,4,1,8,,50187,1093,"
"2012","50191","4","1322","Gladsaxe Søborg 2","FKIF Frederiksberg","home","Could not find any players on match","https://www.badmintonplayer.dk/DBF/HoldTurnering/Stilling/#5,2012,1322,4,1,8,,50191,1093,"
"2012","50195","4","1322","Gladsaxe Søborg 2","Hvidovre HB2000 2","home","Could not find any players on match","https://www.badmintonplayer.dk/DBF/HoldTurnering/Stilling/#5,2012,1322,4,1,8,,50195,1093,"
"2012","50269","5","1326","Gladsaxe Søborg","KBK Kbh. 3","away","Internal server error","https://www.badmintonplayer.dk/DBF/HoldTurnering/Stilling/#5,2012,1326,5,1,8,,50269,1093,"
"2012","50273","5","1326","Gladsaxe Søborg","Drive","home","Internal server error","https://www.badmintonplayer.dk/DBF/HoldTurnering/Stilling/#5,2012,1326,5,1,8,,50273,1093,"
"2012","50279","5","1326","Gladsaxe Søborg","Lyngby","away","Internal server error","https://www.badmintonplayer.dk/DBF/HoldTurnering/Stilling/#5,2012,1326,5,1,8,,50279,1093,"
"2012","50281","5","1326","Gladsaxe Søborg","Frederiksberg","home","Internal server error","https://www.badmintonplayer.dk/DBF/HoldTurnering/Stilling/#5,2012,1326,5,1,8,,50281,1093,"
"2012","50284","5","1326","Gladsaxe Søborg","BC37 Amager","away","Internal server error","https://www.badmintonplayer.dk/DBF/HoldTurnering/Stilling/#5,2012,1326,5,1,8,,50284,1093,"
"2012","50289","5","1326","Gladsaxe Søborg","FKIF Frederiksberg","home","Internal server error","https://www.badmintonplayer.dk/DBF/HoldTurnering/Stilling/#5,2012,1326,5,1,8,,50289,1093,"
"2012","50292","5","1326","Gladsaxe Søborg","Charlottenlund 2","home","Internal server error","https://www.badmintonplayer.dk/DBF/HoldTurnering/Stilling/#5,2012,1326,5,1,8,,50292,1093,"
"2012","50296","5","1327","Gladsaxe Søborg 2","Amager ABC","home","Internal server error","https://www.badmintonplayer.dk/DBF/HoldTurnering/Stilling/#5,2012,1327,5,1,8,,50296,1093,"
"2012","50300","5","1327","Gladsaxe Søborg 2","Valby BC","home","Internal server error","https://www.badmintonplayer.dk/DBF/HoldTurnering/Stilling/#5,2012,1327,5,1,8,,50300,1093,"
"2012","50305","5","1327","Gladsaxe Søborg 2","FKIF Frederiksberg 2","away","Internal server error","https://www.badmintonplayer.dk/DBF/HoldTurnering/Stilling/#5,2012,1327,5,1,8,,50305,1093,"
"2012","50308","5","1327","Gladsaxe Søborg 2","Charlottenlund 3","home","Internal server error","https://www.badmintonplayer.dk/DBF/HoldTurnering/Stilling/#5,2012,1327,5,1,8,,50308,1093,"
"2012","50313","5","1327","Gladsaxe Søborg 2","Sct. Jørgen Kbh.","away","Internal server error","https://www.badmintonplayer.dk/DBF/HoldTurnering/Stilling/#5,2012,1327,5,1,8,,50313,1093,"
"2012","50316","5","1327","Gladsaxe Søborg 2","NBK Amager","home","Internal server error","https://www.badmintonplayer.dk/DBF/HoldTurnering/Stilling/#5,2012,1327,5,1,8,,50316,1093,"
"2012","50320","5","1327","Gladsaxe Søborg 2","KFUM Badminton Kbh.","away","Internal server error","https://www.badmintonplayer.dk/DBF/HoldTurnering/Stilling/#5,2012,1327,5,1,8,,50320,1093,"
"2012","50129","5","1321","Gladsaxe Søborg 3","SMASH","away","Internal server error","https://www.badmintonplayer.dk/DBF/HoldTurnering/Stilling/#5,2012,1321,5,1,8,,50129,1093,"
"2012","50133","5","1321","Gladsaxe Søborg 3","Sundby KFUM","away","Internal server error","https://www.badmintonplayer.dk/DBF/HoldTurnering/Stilling/#5,2012,1321,5,1,8,,50133,1093,"
"2012","50137","5","1321","Gladsaxe Søborg 3","Tono Kbh.","away","Internal server error","https://www.badmintonplayer.dk/DBF/HoldTurnering/Stilling/#5,2012,1321,5,1,8,,50137,1093,"
"2012","50139","5","1321","Gladsaxe Søborg 3","Valby BC 2","home","Could not find any players on match","https://www.badmintonplayer.dk/DBF/HoldTurnering/Stilling/#5,2012,1321,5,1,8,,50139,1093,"
"2012","50142","5","1321","Gladsaxe Søborg 3","Hvidovre HB2000","home","Internal server error","https://www.badmintonplayer.dk/DBF/HoldTurnering/Stilling/#5,2012,1321,5,1,8,,50142,1093,"
"2012","50146","5","1321","Gladsaxe Søborg 3","KFUM Badminton Kbh. 2","home","Internal server error","https://www.badmintonplayer.dk/DBF/HoldTurnering/Stilling/#5,2012,1321,5,1,8,,50146,1093,"
"2012","50335","6","1329","Gladsaxe Søborg","FKIF Frederiksberg","away","Internal server error","https://www.badmintonplayer.dk/DBF/HoldTurnering/Stilling/#5,2012,1329,6,1,8,,50335,1093,"
"2012","50339","6","1329","Gladsaxe Søborg","Drive","away","Internal server error","https://www.badmintonplayer.dk/DBF/HoldTurnering/Stilling/#5,2012,1329,6,1,8,,50339,1093,"
"2012","50343","6","1329","Gladsaxe Søborg","Hvidovre","home","Internal server error","https://www.badmintonplayer.dk/DBF/HoldTurnering/Stilling/#5,2012,1329,6,1,8,,50343,1093,"
"2012","50348","6","1329","Gladsaxe Søborg","Dragør","home","Internal server error","https://www.badmintonplayer.dk/DBF/HoldTurnering/Stilling/#5,2012,1329,6,1,8,,50348,1093,"
"2012","50354","6","1329","Gladsaxe Søborg","KBK Kbh. 2","away","Internal server error","https://www.badmintonplayer.dk/DBF/HoldTurnering/Stilling/#5,2012,1329,6,1,8,,50354,1093,"
"2012","50359","6","1329","Gladsaxe Søborg","BC37 Amager","home","Could not find any players on match","https://www.badmintonplayer.dk/DBF/HoldTurnering/Stilling/#5,2012,1329,6,1,8,,50359,1093,"
"2012","50364","6","1329","Gladsaxe Søborg","Valby BC","home","Internal server error","https://www.badmintonplayer.dk/DBF/HoldTurnering/Stilling/#5,2012,1329,6,1,8,,50364,1093,"
"2012","50368","6","1329","Gladsaxe Søborg","Frederiksberg","away","Could not find any players on match","https://www.badmintonplayer.dk/DBF/HoldTurnering/Stilling/#5,2012,1329,6,1,8,,50368,1093,"
"2012","49469","1","1285","Gladsaxe Søborg 3","Hvidovre 5","away","Could not find any players on match","https://www.badmintonplayer.dk/DBF/HoldTurnering/Stilling/#5,2012,1285,1,1,8,,49469,1093,"
"2012","49665","9","1301","Gladsaxe Søborg 2","Vanløse","home","Could not find any players on match","https://www.badmintonplayer.dk/DBF/HoldTurnering/Stilling/#5,2012,1301,9,1,8,,49665,1093,"
"2011","2162","3","97","Gladsaxe Søborg","KMB2010","away","Could not find any players on match","https://www.badmintonplayer.dk/DBF/HoldTurnering/Stilling/#5,2011,97,3,1,8,,2162,1093,"
"2011","2164","3","97","Gladsaxe Søborg","Skovshoved 2","home","Could not find any players on match","https://www.badmintonplayer.dk/DBF/HoldTurnering/Stilling/#5,2011,97,3,1,8,,2164,1093,"
"2011","2166","3","97","Gladsaxe Søborg","Frederiksberg","away","Could not find any players on match","https://www.badmintonplayer.dk/DBF/HoldTurnering/Stilling/#5,2011,97,3,1,8,,2166,1093,"
"2011","2168","3","97","Gladsaxe Søborg","Charlottenlund","home","Could not find any players on match","https://www.badmintonplayer.dk/DBF/HoldTurnering/Stilling/#5,2011,97,3,1,8,,2168,1093,"
"2011","2172","3","97","Gladsaxe Søborg","KMB2010","home","Could not find any players on match","https://www.badmintonplayer.dk/DBF/HoldTurnering/Stilling/#5,2011,97,3,1,8,,2172,1093,"
"2011","2173","3","97","Gladsaxe Søborg","Skovshoved 2","away","Could not find any players on match","https://www.badmintonplayer.dk/DBF/HoldTurnering/Stilling/#5,2011,97,3,1,8,,2173,1093,"
"2011","2176","3","97","Gladsaxe Søborg","Charlottenlund","away","Could not find any players on match","https://www.badmintonplayer.dk/DBF/HoldTurnering/Stilling/#5,2011,97,3,1,8,,2176,1093,"
"2011","2178","3","97","Gladsaxe Søborg","Frederiksberg","home","Could not find any players on match","https://www.badmintonplayer.dk/DBF/HoldTurnering/Stilling/#5,2011,97,3,1,8,,2178,1093,"
"2011","2182","3","98","Gladsaxe Søborg 2","Lyngby 2","away","Could not find any players on match","https://www.badmintonplayer.dk/DBF/HoldTurnering/Stilling/#5,2011,98,3,1,8,,2182,1093,"
"2011","2187","3","98","Gladsaxe Søborg 2","Frederiksberg 2","home","Could not find any players on match","https://www.badmintonplayer.dk/DBF/HoldTurnering/Stilling/#5,2011,98,3,1,8,,2187,1093,"
"2011","2190","3","98","Gladsaxe Søborg 2","Drive","away","Could not find any players on match","https://www.badmintonplayer.dk/DBF/HoldTurnering/Stilling/#5,2011,98,3,1,8,,2190,1093,"
"2011","2193","3","98","Gladsaxe Søborg 2","Charlottenlund 2","home","Could not find any players on match","https://www.badmintonplayer.dk/DBF/HoldTurnering/Stilling/#5,2011,98,3,1,8,,2193,1093,"
"2011","2195","3","98","Gladsaxe Søborg 2","KBK Kbh. 2","away","Could not find any players on match","https://www.badmintonplayer.dk/DBF/HoldTurnering/Stilling/#5,2011,98,3,1,8,,2195,1093,"
"2011","2199","3","98","Gladsaxe Søborg 2","FKIF Frederiksberg","home","Could not find any players on match","https://www.badmintonplayer.dk/DBF/HoldTurnering/Stilling/#5,2011,98,3,1,8,,2199,1093,"
"2011","2202","3","99","Gladsaxe Søborg 3","KBK Kbh. 3","away","Could not find any players on match","https://www.badmintonplayer.dk/DBF/HoldTurnering/Stilling/#5,2011,99,3,1,8,,2202,1093,"
"2011","2204","3","99","Gladsaxe Søborg 3","KMB2010 2","home","Could not find any players on match","https://www.badmintonplayer.dk/DBF/HoldTurnering/Stilling/#5,2011,99,3,1,8,,2204,1093,"
"2011","2211","3","99","Gladsaxe Søborg 3","Hvidovre","away","Could not find any players on match","https://www.badmintonplayer.dk/DBF/HoldTurnering/Stilling/#5,2011,99,3,1,8,,2211,1093,"
"2011","2215","3","99","Gladsaxe Søborg 3","Dragør","away","Could not find any players on match","https://www.badmintonplayer.dk/DBF/HoldTurnering/Stilling/#5,2011,99,3,1,8,,2215,1093,"
"2011","2216","3","99","Gladsaxe Søborg 3","Amager ABC","home","Could not find any players on match","https://www.badmintonplayer.dk/DBF/HoldTurnering/Stilling/#5,2011,99,3,1,8,,2216,1093,"
"2011","2220","3","99","Gladsaxe Søborg 3","Lyngby 3","home","Could not find any players on match","https://www.badmintonplayer.dk/DBF/HoldTurnering/Stilling/#5,2011,99,3,1,8,,2220,1093,"
"2011","2224","3","99","Gladsaxe Søborg 3","Charlottenlund 3","away","Could not find any players on match","https://www.badmintonplayer.dk/DBF/HoldTurnering/Stilling/#5,2011,99,3,1,8,,2224,1093,"
"2011","2231","3","100","Gladsaxe Søborg 4","KBK Kbh. 4","away","Could not find any players on match","https://www.badmintonplayer.dk/DBF/HoldTurnering/Stilling/#5,2011,100,3,1,8,,2231,1093,"
"2011","2233","3","100","Gladsaxe Søborg 4","Valby BC","home","Could not find any players on match","https://www.badmintonplayer.dk/DBF/HoldTurnering/Stilling/#5,2011,100,3,1,8,,2233,1093,"
"2011","2236","3","100","Gladsaxe Søborg 4","NBK Amager","home","Could not find any players on match","https://www.badmintonplayer.dk/DBF/HoldTurnering/Stilling/#5,2011,100,3,1,8,,2236,1093,"
"2011","2242","3","100","Gladsaxe Søborg 4","Skovshoved 3","away","Could not find any players on match","https://www.badmintonplayer.dk/DBF/HoldTurnering/Stilling/#5,2011,100,3,1,8,,2242,1093,"
"2011","2245","3","100","Gladsaxe Søborg 4","BK36 Kbh.","away","Could not find any players on match","https://www.badmintonplayer.dk/DBF/HoldTurnering/Stilling/#5,2011,100,3,1,8,,2245,1093,"
"2011","2249","3","100","Gladsaxe Søborg 4","Drive 2","home","Could not find any players on match","https://www.badmintonplayer.dk/DBF/HoldTurnering/Stilling/#5,2011,100,3,1,8,,2249,1093,"
"2011","2252","3","100","Gladsaxe Søborg 4","Hvidovre HB2000","home","Could not find any players on match","https://www.badmintonplayer.dk/DBF/HoldTurnering/Stilling/#5,2011,100,3,1,8,,2252,1093,"
"2011","2286","4","101","Gladsaxe Søborg","Hvidovre","home","Could not find any players on match","https://www.badmintonplayer.dk/DBF/HoldTurnering/Stilling/#5,2011,101,4,1,8,,2286,1093,"
"2011","2290","4","101","Gladsaxe Søborg","Charlottenlund 2","away","Could not find any players on match","https://www.badmintonplayer.dk/DBF/HoldTurnering/Stilling/#5,2011,101,4,1,8,,2290,1093,"
"2011","2294","4","101","Gladsaxe Søborg","Vanløse","away","Could not find any players on match","https://www.badmintonplayer.dk/DBF/HoldTurnering/Stilling/#5,2011,101,4,1,8,,2294,1093,"
"2011","2302","4","101","Gladsaxe Søborg","Drive","away","Could not find any players on match","https://www.badmintonplayer.dk/DBF/HoldTurnering/Stilling/#5,2011,101,4,1,8,,2302,1093,"
"2011","2308","4","101","Gladsaxe Søborg","Dragør","home","Could not find any players on match","https://www.badmintonplayer.dk/DBF/HoldTurnering/Stilling/#5,2011,101,4,1,8,,2308,1093,"
"2011","2312","4","101","Gladsaxe Søborg","KBK Kbh. 2","home","Could not find any players on match","https://www.badmintonplayer.dk/DBF/HoldTurnering/Stilling/#5,2011,101,4,1,8,,2312,1093,"
"2011","2316","4","101","Gladsaxe Søborg","FKIF Frederiksberg","away","Could not find any players on match","https://www.badmintonplayer.dk/DBF/HoldTurnering/Stilling/#5,2011,101,4,1,8,,2316,1093,"
"2011","2323","4","101","Gladsaxe Søborg","Frederiksberg","home","Could not find any players on match","https://www.badmintonplayer.dk/DBF/HoldTurnering/Stilling/#5,2011,101,4,1,8,,2323,1093,"
"2011","2327","4","101","Gladsaxe Søborg","Skovshoved 2","home","Could not find any players on match","https://www.badmintonplayer.dk/DBF/HoldTurnering/Stilling/#5,2011,101,4,1,8,,2327,1093,"
"2011","2329","4","102","Gladsaxe Søborg 2","KBK Kbh. 3","away","Could not find any players on match","https://www.badmintonplayer.dk/DBF/HoldTurnering/Stilling/#5,2011,102,4,1,8,,2329,1093,"
"2011","2336","4","102","Gladsaxe Søborg 2","Charlottenlund 3","home","Could not find any players on match","https://www.badmintonplayer.dk/DBF/HoldTurnering/Stilling/#5,2011,102,4,1,8,,2336,1093,"
"2011","2340","4","102","Gladsaxe Søborg 2","Drive 2","home","Could not find any players on match","https://www.badmintonplayer.dk/DBF/HoldTurnering/Stilling/#5,2011,102,4,1,8,,2340,1093,"
"2011","2344","4","102","Gladsaxe Søborg 2","Vanløse 2","away","Could not find any players on match","https://www.badmintonplayer.dk/DBF/HoldTurnering/Stilling/#5,2011,102,4,1,8,,2344,1093,"
"2011","2352","4","102","Gladsaxe Søborg 2","Lyngby 2","home","Could not find any players on match","https://www.badmintonplayer.dk/DBF/HoldTurnering/Stilling/#5,2011,102,4,1,8,,2352,1093,"
"2011","2353","4","102","Gladsaxe Søborg 2","Amager ABC","away","Could not find any players on match","https://www.badmintonplayer.dk/DBF/HoldTurnering/Stilling/#5,2011,102,4,1,8,,2353,1093,"
"2011","2360","4","102","Gladsaxe Søborg 2","Frederiksberg 2","home","Could not find any players on match","https://www.badmintonplayer.dk/DBF/HoldTurnering/Stilling/#5,2011,102,4,1,8,,2360,1093,"
"2011","2362","4","102","Gladsaxe Søborg 2","KFUM Badminton Kbh.","away","Could not find any players on match","https://www.badmintonplayer.dk/DBF/HoldTurnering/Stilling/#5,2011,102,4,1,8,,2362,1093,"
"2011","2365","4","103","Gladsaxe Søborg 3","Hvidovre HB2000","home","Could not find any players on match","https://www.badmintonplayer.dk/DBF/HoldTurnering/Stilling/#5,2011,103,4,1,8,,2365,1093,"
"2011","2372","4","103","Gladsaxe Søborg 3","KMB2010 2","away","Could not find any players on match","https://www.badmintonplayer.dk/DBF/HoldTurnering/Stilling/#5,2011,103,4,1,8,,2372,1093,"
"2011","2374","4","103","Gladsaxe Søborg 3","NBK Amager","away","Could not find any players on match","https://www.badmintonplayer.dk/DBF/HoldTurnering/Stilling/#5,2011,103,4,1,8,,2374,1093,"
"2011","2377","4","103","Gladsaxe Søborg 3","FKIF Frederiksberg","home","Could not find any players on match","https://www.badmintonplayer.dk/DBF/HoldTurnering/Stilling/#5,2011,103,4,1,8,,2377,1093,"
"2011","2382","4","103","Gladsaxe Søborg 3","BK36 Kbh.","home","Could not find any players on match","https://www.badmintonplayer.dk/DBF/HoldTurnering/Stilling/#5,2011,103,4,1,8,,2382,1093,"
"2011","2385","4","103","Gladsaxe Søborg 3","Vanløse 3","away","Could not find any players on match","https://www.badmintonplayer.dk/DBF/HoldTurnering/Stilling/#5,2011,103,4,1,8,,2385,1093,"
"2011","2390","4","103","Gladsaxe Søborg 3","KBK Kbh. 4","away","Could not find any players on match","https://www.badmintonplayer.dk/DBF/HoldTurnering/Stilling/#5,2011,103,4,1,8,,2390,1093,"
"2011","2396","4","104","Gladsaxe Søborg 4","Drive 3","away","Could not find any players on match","https://www.badmintonplayer.dk/DBF/HoldTurnering/Stilling/#5,2011,104,4,1,8,,2396,1093,"
"2011","2397","4","104","Gladsaxe Søborg 4","Sundby KFUM","home","Could not find any players on match","https://www.badmintonplayer.dk/DBF/HoldTurnering/Stilling/#5,2011,104,4,1,8,,2397,1093,"
"2011","2402","4","104","Gladsaxe Søborg 4","Dragør 2","home","Could not find any players on match","https://www.badmintonplayer.dk/DBF/HoldTurnering/Stilling/#5,2011,104,4,1,8,,2402,1093,"
"2011","2405","4","104","Gladsaxe Søborg 4","Valby BC","away","Could not find any players on match","https://www.badmintonplayer.dk/DBF/HoldTurnering/Stilling/#5,2011,104,4,1,8,,2405,1093,"
"2011","2410","4","104","Gladsaxe Søborg 4","Hvidovre HB2000 2","home","Could not find any players on match","https://www.badmintonplayer.dk/DBF/HoldTurnering/Stilling/#5,2011,104,4,1,8,,2410,1093,"
"2011","2417","4","104","Gladsaxe Søborg 4","Tono Kbh.","home","Could not find any players on match","https://www.badmintonplayer.dk/DBF/HoldTurnering/Stilling/#5,2011,104,4,1,8,,2417,1093,"
"2011","2421","4","104","Gladsaxe Søborg 4","KFUM Badminton Kbh. 2","away","Could not find any players on match","https://www.badmintonplayer.dk/DBF/HoldTurnering/Stilling/#5,2011,104,4,1,8,,2421,1093,"
"2011","2425","4","104","Gladsaxe Søborg 4","Amager ABC 2","away","Could not find any players on match","https://www.badmintonplayer.dk/DBF/HoldTurnering/Stilling/#5,2011,104,4,1,8,,2425,1093,"
"2011","2478","5","106","Gladsaxe Søborg","Drive","home","Could not find any players on match","https://www.badmintonplayer.dk/DBF/HoldTurnering/Stilling/#5,2011,106,5,1,8,,2478,1093,"
"2011","2481","5","106","Gladsaxe Søborg","Hvidovre HB2000","away","Could not find any players on match","https://www.badmintonplayer.dk/DBF/HoldTurnering/Stilling/#5,2011,106,5,1,8,,2481,1093,"
"2011","2487","5","106","Gladsaxe Søborg","BC37 Amager","home","Could not find any players on match","https://www.badmintonplayer.dk/DBF/HoldTurnering/Stilling/#5,2011,106,5,1,8,,2487,1093,"
"2011","2490","5","106","Gladsaxe Søborg","Vanløse 2","away","Could not find any players on match","https://www.badmintonplayer.dk/DBF/HoldTurnering/Stilling/#5,2011,106,5,1,8,,2490,1093,"
"2011","2493","5","106","Gladsaxe Søborg","Charlottenlund 3","away","Could not find any players on match","https://www.badmintonplayer.dk/DBF/HoldTurnering/Stilling/#5,2011,106,5,1,8,,2493,1093,"
"2011","2498","5","106","Gladsaxe Søborg","KBK Kbh. 3","away","Could not find any players on match","https://www.badmintonplayer.dk/DBF/HoldTurnering/Stilling/#5,2011,106,5,1,8,,2498,1093,"
"2011","2502","5","106","Gladsaxe Søborg","Frederiksberg","home","Could not find any players on match","https://www.badmintonplayer.dk/DBF/HoldTurnering/Stilling/#5,2011,106,5,1,8,,2502,1093,"
"2011","2507","5","106","Gladsaxe Søborg","Amager ABC","home","Could not find any players on match","https://www.badmintonplayer.dk/DBF/HoldTurnering/Stilling/#5,2011,106,5,1,8,,2507,1093,"
"2011","2509","5","107","Gladsaxe Søborg 2","KFUM Badminton Kbh.","away","Could not find any players on match","https://www.badmintonplayer.dk/DBF/HoldTurnering/Stilling/#5,2011,107,5,1,8,,2509,1093,"
"2011","2515","5","107","Gladsaxe Søborg 2","Valby BC","home","Could not find any players on match","https://www.badmintonplayer.dk/DBF/HoldTurnering/Stilling/#5,2011,107,5,1,8,,2515,1093,"
"2011","2516","5","107","Gladsaxe Søborg 2","FKIF Frederiksberg 2","away","Could not find any players on match","https://www.badmintonplayer.dk/DBF/HoldTurnering/Stilling/#5,2011,107,5,1,8,,2516,1093,"
"2011","2523","5","107","Gladsaxe Søborg 2","Rødovre","home","Could not find any players on match","https://www.badmintonplayer.dk/DBF/HoldTurnering/Stilling/#5,2011,107,5,1,8,,2523,1093,"
"2011","2526","5","107","Gladsaxe Søborg 2","BK36 Kbh.","away","Could not find any players on match","https://www.badmintonplayer.dk/DBF/HoldTurnering/Stilling/#5,2011,107,5,1,8,,2526,1093,"
"2011","2531","5","107","Gladsaxe Søborg 2","SMASH","home","Could not find any players on match","https://www.badmintonplayer.dk/DBF/HoldTurnering/Stilling/#5,2011,107,5,1,8,,2531,1093,"
"2011","2535","5","107","Gladsaxe Søborg 2","NBK Amager","home","Could not find any players on match","https://www.badmintonplayer.dk/DBF/HoldTurnering/Stilling/#5,2011,107,5,1,8,,2535,1093,"
"2011","30156","5","108","Gladsaxe Søborg 3","Hvidovre HB2000","home","Could not find any players on match","https://www.badmintonplayer.dk/DBF/HoldTurnering/Stilling/#5,2011,108,5,1,8,,30156,1093,"
"2011","2543","5","108","Gladsaxe Søborg 3","Vanløse 3","away","Could not find any players on match","https://www.badmintonplayer.dk/DBF/HoldTurnering/Stilling/#5,2011,108,5,1,8,,2543,1093,"
"2011","2545","5","108","Gladsaxe Søborg 3","KFUM Badminton Kbh. 2","away","Could not find any players on match","https://www.badmintonplayer.dk/DBF/HoldTurnering/Stilling/#5,2011,108,5,1,8,,2545,1093,"
"2011","2548","5","108","Gladsaxe Søborg 3","Valby BC 2","home","Could not find any players on match","https://www.badmintonplayer.dk/DBF/HoldTurnering/Stilling/#5,2011,108,5,1,8,,2548,1093,"
"2011","2553","5","108","Gladsaxe Søborg 3","Dragør 2","home","Could not find any players on match","https://www.badmintonplayer.dk/DBF/HoldTurnering/Stilling/#5,2011,108,5,1,8,,2553,1093,"
"2011","2556","5","108","Gladsaxe Søborg 3","Drive 2","away","Could not find any players on match","https://www.badmintonplayer.dk/DBF/HoldTurnering/Stilling/#5,2011,108,5,1,8,,2556,1093,"
"2011","2561","5","108","Gladsaxe Søborg 3","Sundby KFUM 2","away","Could not find any players on match","https://www.badmintonplayer.dk/DBF/HoldTurnering/Stilling/#5,2011,108,5,1,8,,2561,1093,"
"2011","2579","6","110","Gladsaxe Søborg","KBK Kbh. 2","away","Could not find any players on match","https://www.badmintonplayer.dk/DBF/HoldTurnering/Stilling/#5,2011,110,6,1,8,,2579,1093,"
"2011","2580","6","110","Gladsaxe Søborg","Lyngby","home","Could not find any players on match","https://www.badmintonplayer.dk/DBF/HoldTurnering/Stilling/#5,2011,110,6,1,8,,2580,1093,"
"2011","2585","6","110","Gladsaxe Søborg","Drive","home","Could not find any players on match","https://www.badmintonplayer.dk/DBF/HoldTurnering/Stilling/#5,2011,110,6,1,8,,2585,1093,"
"2011","2588","6","110","Gladsaxe Søborg","FKIF Frederiksberg","away","Could not find any players on match","https://www.badmintonplayer.dk/DBF/HoldTurnering/Stilling/#5,2011,110,6,1,8,,2588,1093,"
"2011","32396","6","110","Gladsaxe Søborg","Sundby KFUM","home","Could not find any players on match","https://www.badmintonplayer.dk/DBF/HoldTurnering/Stilling/#5,2011,110,6,1,8,,32396,1093,"
"2011","2600","6","110","Gladsaxe Søborg","BC37 Amager","home","Could not find any players on match","https://www.badmintonplayer.dk/DBF/HoldTurnering/Stilling/#5,2011,110,6,1,8,,2600,1093,"
"2011","2604","6","110","Gladsaxe Søborg","Hvidovre HB2000","away","Could not find any players on match","https://www.badmintonplayer.dk/DBF/HoldTurnering/Stilling/#5,2011,110,6,1,8,,2604,1093,"
"2011","2608","6","110","Gladsaxe Søborg","Charlottenlund","away","Could not find any players on match","https://www.badmintonplayer.dk/DBF/HoldTurnering/Stilling/#5,2011,110,6,1,8,,2608,1093,"
"2011","1903","1","71","Gladsaxe Søborg","Kalundborg","home","Internal server error","https://www.badmintonplayer.dk/DBF/HoldTurnering/Stilling/#5,2011,71,1,1,8,,1903,1093,"
"2011","1634","1","58","Gladsaxe Søborg 2","Gentofte 5","away","Could not find any players on match","https://www.badmintonplayer.dk/DBF/HoldTurnering/Stilling/#5,2011,58,1,1,8,,1634,1093,"
"2011","1636","1","58","Gladsaxe Søborg 2","SMASH 2","home","Could not find any players on match","https://www.badmintonplayer.dk/DBF/HoldTurnering/Stilling/#5,2011,58,1,1,8,,1636,1093,"
"2011","1639","1","58","Gladsaxe Søborg 2","Lyngby 4","home","Could not find any players on match","https://www.badmintonplayer.dk/DBF/HoldTurnering/Stilling/#5,2011,58,1,1,8,,1639,1093,"
"2011","1645","1","58","Gladsaxe Søborg 2","Amager ABC 2","away","Could not find any players on match","https://www.badmintonplayer.dk/DBF/HoldTurnering/Stilling/#5,2011,58,1,1,8,,1645,1093,"
"2011","1648","1","58","Gladsaxe Søborg 2","Frederiksberg 3","away","Could not find any players on match","https://www.badmintonplayer.dk/DBF/HoldTurnering/Stilling/#5,2011,58,1,1,8,,1648,1093,"
"2011","1652","1","58","Gladsaxe Søborg 2","Charlottenlund 3","home","Could not find any players on match","https://www.badmintonplayer.dk/DBF/HoldTurnering/Stilling/#5,2011,58,1,1,8,,1652,1093,"
"2011","1655","1","58","Gladsaxe Søborg 2","KBK Kbh. 5","home","Could not find any players on match","https://www.badmintonplayer.dk/DBF/HoldTurnering/Stilling/#5,2011,58,1,1,8,,1655,1093,"
"2011","1717","1","60","Gladsaxe Søborg 3","KSI Badmintonklub Kbh. 2","home","Could not find any players on match","https://www.badmintonplayer.dk/DBF/HoldTurnering/Stilling/#5,2011,60,1,1,8,,1717,1093,"
"2011","1720","1","60","Gladsaxe Søborg 3","Frederiksberg 4","away","Could not find any players on match","https://www.badmintonplayer.dk/DBF/HoldTurnering/Stilling/#5,2011,60,1,1,8,,1720,1093,"
"2011","1724","1","60","Gladsaxe Søborg 3","FKIF Frederiksberg 3","home","Could not find any players on match","https://www.badmintonplayer.dk/DBF/HoldTurnering/Stilling/#5,2011,60,1,1,8,,1724,1093,"
"2011","1728","1","60","Gladsaxe Søborg 3","Pan Kbh. 2","away","Could not find any players on match","https://www.badmintonplayer.dk/DBF/HoldTurnering/Stilling/#5,2011,60,1,1,8,,1728,1093,"
"2011","1733","1","60","Gladsaxe Søborg 3","KFUM Badminton Kbh.","home","Could not find any players on match","https://www.badmintonplayer.dk/DBF/HoldTurnering/Stilling/#5,2011,60,1,1,8,,1733,1093,"
"2011","1737","1","60","Gladsaxe Søborg 3","Hvidovre HB2000 2","away","Could not find any players on match","https://www.badmintonplayer.dk/DBF/HoldTurnering/Stilling/#5,2011,60,1,1,8,,1737,1093,"
"2011","1741","1","60","Gladsaxe Søborg 3","BC37 Amager 3","away","Could not find any players on match","https://www.badmintonplayer.dk/DBF/HoldTurnering/Stilling/#5,2011,60,1,1,8,,1741,1093,"
"2011","2664","9","74","Gladsaxe Søborg","KBK Kbh. 2","away","Could not find any players on match","https://www.badmintonplayer.dk/DBF/HoldTurnering/Stilling/#5,2011,74,9,1,8,,2664,1093,"
"2011","2668","9","74","Gladsaxe Søborg","Drive","away","Could not find any players on match","https://www.badmintonplayer.dk/DBF/HoldTurnering/Stilling/#5,2011,74,9,1,8,,2668,1093,"
"2011","2669","9","74","Gladsaxe Søborg","Rødovre 2","home","Could not find any players on match","https://www.badmintonplayer.dk/DBF/HoldTurnering/Stilling/#5,2011,74,9,1,8,,2669,1093,"
"2011","2676","9","74","Gladsaxe Søborg","Posten Kbh.","away","Could not find any players on match","https://www.badmintonplayer.dk/DBF/HoldTurnering/Stilling/#5,2011,74,9,1,8,,2676,1093,"
"2011","2677","9","74","Gladsaxe Søborg","ØBK/BK Kbh.","home","Could not find any players on match","https://www.badmintonplayer.dk/DBF/HoldTurnering/Stilling/#5,2011,74,9,1,8,,2677,1093,"
"2011","2681","9","74","Gladsaxe Søborg","Lyngby 2","home","Could not find any players on match","https://www.badmintonplayer.dk/DBF/HoldTurnering/Stilling/#5,2011,74,9,1,8,,2681,1093,"
"2011","2685","9","74","Gladsaxe Søborg","Tingbjerg","away","Could not find any players on match","https://www.badmintonplayer.dk/DBF/HoldTurnering/Stilling/#5,2011,74,9,1,8,,2685,1093,"
"2011","2689","9","77","Gladsaxe Søborg 2","Frederiksberg","home","Could not find any players on match","https://www.badmintonplayer.dk/DBF/HoldTurnering/Stilling/#5,2011,77,9,1,8,,2689,1093,"
"2011","2695","9","77","Gladsaxe Søborg 2","Hvidovre HB2000 2","home","Could not find any players on match","https://www.badmintonplayer.dk/DBF/HoldTurnering/Stilling/#5,2011,77,9,1,8,,2695,1093,"
"2011","2699","9","77","Gladsaxe Søborg 2","Sundby KFUM","away","Could not find any players on match","https://www.badmintonplayer.dk/DBF/HoldTurnering/Stilling/#5,2011,77,9,1,8,,2699,1093,"
"2011","2702","9","77","Gladsaxe Søborg 2","Gentofte 3","home","Could not find any players on match","https://www.badmintonplayer.dk/DBF/HoldTurnering/Stilling/#5,2011,77,9,1,8,,2702,1093,"
"2011","2706","9","77","Gladsaxe Søborg 2","Dragør 2","away","Could not find any players on match","https://www.badmintonplayer.dk/DBF/HoldTurnering/Stilling/#5,2011,77,9,1,8,,2706,1093,"
"2011","2709","9","77","Gladsaxe Søborg 2","Hvidovre 2","away","Could not find any players on match","https://www.badmintonplayer.dk/DBF/HoldTurnering/Stilling/#5,2011,77,9,1,8,,2709,1093,"
"2011","2714","9","77","Gladsaxe Søborg 2","NBK Amager","home","Could not find any players on match","https://www.badmintonplayer.dk/DBF/HoldTurnering/Stilling/#5,2011,77,9,1,8,,2714,1093,"
"2011","2747","9","79","Gladsaxe Søborg 3","FKIF Frederiksberg 3","away","Could not find any players on match","https://www.badmintonplayer.dk/DBF/HoldTurnering/Stilling/#5,2011,79,9,1,8,,2747,1093,"
"2011","2749","9","79","Gladsaxe Søborg 3","KBK Kbh. 3","home","Could not find any players on match","https://www.badmintonplayer.dk/DBF/HoldTurnering/Stilling/#5,2011,79,9,1,8,,2749,1093,"
"2011","2754","9","79","Gladsaxe Søborg 3","Hvidovre HB2000 3","home","Could not find any players on match","https://www.badmintonplayer.dk/DBF/HoldTurnering/Stilling/#5,2011,79,9,1,8,,2754,1093,"
"2011","2759","9","79","Gladsaxe Søborg 3","Amager ABC 3","away","Could not find any players on match","https://www.badmintonplayer.dk/DBF/HoldTurnering/Stilling/#5,2011,79,9,1,8,,2759,1093,"
"2011","2762","9","79","Gladsaxe Søborg 3","BK36 Kbh.","home","Could not find any players on match","https://www.badmintonplayer.dk/DBF/HoldTurnering/Stilling/#5,2011,79,9,1,8,,2762,1093,"
"2011","2766","9","79","Gladsaxe Søborg 3","Gentofte 4","away","Could not find any players on match","https://www.badmintonplayer.dk/DBF/HoldTurnering/Stilling/#5,2011,79,9,1,8,,2766,1093,"
"2011","2769","9","79","Gladsaxe Søborg 3","BC KVIK Kbh.","home","Could not find any players on match","https://www.badmintonplayer.dk/DBF/HoldTurnering/Stilling/#5,2011,79,9,1,8,,2769,1093,"
"2011","2832","9","82","Gladsaxe Søborg 4","KMB2010 3","away","Could not find any players on match","https://www.badmintonplayer.dk/DBF/HoldTurnering/Stilling/#5,2011,82,9,1,8,,2832,1093,"
"2011","2837","9","82","Gladsaxe Søborg 4","Lyngby 5","home","Could not find any players on match","https://www.badmintonplayer.dk/DBF/HoldTurnering/Stilling/#5,2011,82,9,1,8,,2837,1093,"
"2011","2840","9","82","Gladsaxe Søborg 4","FKIF Frederiksberg 4","away","Could not find any players on match","https://www.badmintonplayer.dk/DBF/HoldTurnering/Stilling/#5,2011,82,9,1,8,,2840,1093,"
"2011","2843","9","82","Gladsaxe Søborg 4","Hvidovre HB2000 4","home","Could not find any players on match","https://www.badmintonplayer.dk/DBF/HoldTurnering/Stilling/#5,2011,82,9,1,8,,2843,1093,"
"2011","2845","9","82","Gladsaxe Søborg 4","Drive 4","away","Could not find any players on match","https://www.badmintonplayer.dk/DBF/HoldTurnering/Stilling/#5,2011,82,9,1,8,,2845,1093,"
"2011","2849","9","82","Gladsaxe Søborg 4","Rødovre 3","home","Could not find any players on match","https://www.badmintonplayer.dk/DBF/HoldTurnering/Stilling/#5,2011,82,9,1,8,,2849,1093,"
"2011","2922","11","87","Gladsaxe Søborg","Rødovre","away","Could not find any players on match","https://www.badmintonplayer.dk/DBF/HoldTurnering/Stilling/#5,2011,87,11,1,8,,2922,1093,"
"2011","2924","11","87","Gladsaxe Søborg","Charlottenlund","home","Could not find any players on match","https://www.badmintonplayer.dk/DBF/HoldTurnering/Stilling/#5,2011,87,11,1,8,,2924,1093,"
"2011","2929","11","87","Gladsaxe Søborg","FKIF Frederiksberg","away","Could not find any players on match","https://www.badmintonplayer.dk/DBF/HoldTurnering/Stilling/#5,2011,87,11,1,8,,2929,1093,"
"2011","2933","11","87","Gladsaxe Søborg","KBK Kbh.","home","Could not find any players on match","https://www.badmintonplayer.dk/DBF/HoldTurnering/Stilling/#5,2011,87,11,1,8,,2933,1093,"
"2011","2935","11","87","Gladsaxe Søborg","Gentofte","home","Could not find any players on match","https://www.badmintonplayer.dk/DBF/HoldTurnering/Stilling/#5,2011,87,11,1,8,,2935,1093,"
"2011","2939","11","87","Gladsaxe Søborg","Lyngby","away","Could not find any players on match","https://www.badmintonplayer.dk/DBF/HoldTurnering/Stilling/#5,2011,87,11,1,8,,2939,1093,"
"2011","2943","11","87","Gladsaxe Søborg","Dragør","away","Could not find any players on match","https://www.badmintonplayer.dk/DBF/HoldTurnering/Stilling/#5,2011,87,11,1,8,,2943,1093,"
"2011","2950","11","88","Gladsaxe Søborg 2","Sundby KFUM","away","Could not find any players on match","https://www.badmintonplayer.dk/DBF/HoldTurnering/Stilling/#5,2011,88,11,1,8,,2950,1093,"
"2011","2953","11","88","Gladsaxe Søborg 2","Amager ABC","away","Could not find any players on match","https://www.badmintonplayer.dk/DBF/HoldTurnering/Stilling/#5,2011,88,11,1,8,,2953,1093,"
"2011","2956","11","88","Gladsaxe Søborg 2","FKIF Frederiksberg 2","home","Could not find any players on match","https://www.badmintonplayer.dk/DBF/HoldTurnering/Stilling/#5,2011,88,11,1,8,,2956,1093,"
"2011","2960","11","88","Gladsaxe Søborg 2","Tingbjerg","home","Could not find any players on match","https://www.badmintonplayer.dk/DBF/HoldTurnering/Stilling/#5,2011,88,11,1,8,,2960,1093,"
"2011","2963","11","88","Gladsaxe Søborg 2","Skovshoved","away","Could not find any players on match","https://www.badmintonplayer.dk/DBF/HoldTurnering/Stilling/#5,2011,88,11,1,8,,2963,1093,"
"2011","2968","11","88","Gladsaxe Søborg 2","Drive","home","Could not find any players on match","https://www.badmintonplayer.dk/DBF/HoldTurnering/Stilling/#5,2011,88,11,1,8,,2968,1093,"
"2011","2974","11","88","Gladsaxe Søborg 2","BK36 Kbh.","away","Could not find any players on match","https://www.badmintonplayer.dk/DBF/HoldTurnering/Stilling/#5,2011,88,11,1,8,,2974,1093,"
"2011","3042","11","91","Gladsaxe Søborg 3","Sporvejenes IF","home","Could not find any players on match","https://www.badmintonplayer.dk/DBF/HoldTurnering/Stilling/#5,2011,91,11,1,8,,3042,1093,"
"2011","3047","11","91","Gladsaxe Søborg 3","Rødovre 2","home","Could not find any players on match","https://www.badmintonplayer.dk/DBF/HoldTurnering/Stilling/#5,2011,91,11,1,8,,3047,1093,"
"2011","3049","11","91","Gladsaxe Søborg 3","Hvidovre HB2000 2","away","Could not find any players on match","https://www.badmintonplayer.dk/DBF/HoldTurnering/Stilling/#5,2011,91,11,1,8,,3049,1093,"
"2011","3054","11","91","Gladsaxe Søborg 3","BKPOINT Kbh.","home","Could not find any players on match","https://www.badmintonplayer.dk/DBF/HoldTurnering/Stilling/#5,2011,91,11,1,8,,3054,1093,"
"2011","3058","11","91","Gladsaxe Søborg 3","Dragør 3","away","Could not find any players on match","https://www.badmintonplayer.dk/DBF/HoldTurnering/Stilling/#5,2011,91,11,1,8,,3058,1093,"
"2011","3062","11","91","Gladsaxe Søborg 3","Lyngby 3","away","Could not find any players on match","https://www.badmintonplayer.dk/DBF/HoldTurnering/Stilling/#5,2011,91,11,1,8,,3062,1093,"
"2011","3066","11","91","Gladsaxe Søborg 3","Valby BC","home","Could not find any players on match","https://www.badmintonplayer.dk/DBF/HoldTurnering/Stilling/#5,2011,91,11,1,8,,3066,1093,"
"2011","3157","13","86","Gladsaxe Søborg","Charlottenlund 2","home","Could not find any players on match","https://www.badmintonplayer.dk/DBF/HoldTurnering/Stilling/#5,2011,86,13,1,8,,3157,1093,"
"2011","3161","13","86","Gladsaxe Søborg","BKPOINT Kbh.","away","Could not find any players on match","https://www.badmintonplayer.dk/DBF/HoldTurnering/Stilling/#5,2011,86,13,1,8,,3161,1093,"
"2011","3167","13","86","Gladsaxe Søborg","Posten Kbh.","home","Could not find any players on match","https://www.badmintonplayer.dk/DBF/HoldTurnering/Stilling/#5,2011,86,13,1,8,,3167,1093,"
"2011","3171","13","86","Gladsaxe Søborg","Valby BC","away","Could not find any players on match","https://www.badmintonplayer.dk/DBF/HoldTurnering/Stilling/#5,2011,86,13,1,8,,3171,1093,"
"2011","3172","13","86","Gladsaxe Søborg","Gentofte","away","Could not find any players on match","https://www.badmintonplayer.dk/DBF/HoldTurnering/Stilling/#5,2011,86,13,1,8,,3172,1093,"
"2011","3175","13","86","Gladsaxe Søborg","NBK Amager","home","Could not find any players on match","https://www.badmintonplayer.dk/DBF/HoldTurnering/Stilling/#5,2011,86,13,1,8,,3175,1093,"
"2010","23219","1","417","Gladsaxe Søborg 1","Taastrup Elite 1","away","Internal server error","https://www.badmintonplayer.dk/DBF/HoldTurnering/Stilling/#5,2010,417,1,1,8,,23219,1093,"
"2010","23222","1","417","Gladsaxe Søborg 1","Rødovre 1","home","Internal server error","https://www.badmintonplayer.dk/DBF/HoldTurnering/Stilling/#5,2010,417,1,1,8,,23222,1093,"
"2010","23227","1","417","Gladsaxe Søborg 1","Vordingborg 1","away","Internal server error","https://www.badmintonplayer.dk/DBF/HoldTurnering/Stilling/#5,2010,417,1,1,8,,23227,1093,"
"2010","23230","1","417","Gladsaxe Søborg 1","KBK Kbh. 3","home","Internal server error","https://www.badmintonplayer.dk/DBF/HoldTurnering/Stilling/#5,2010,417,1,1,8,,23230,1093,"
"2010","23522","1","431","Gladsaxe Søborg 1","Charlottenlund 1","away","Internal server error","https://www.badmintonplayer.dk/DBF/HoldTurnering/Stilling/#5,2010,431,1,1,8,,23522,1093,"
"2010","23526","1","431","Gladsaxe Søborg 1","Solrød Strand 4","home","Internal server error","https://www.badmintonplayer.dk/DBF/HoldTurnering/Stilling/#5,2010,431,1,1,8,,23526,1093,"
"2010","23531","1","431","Gladsaxe Søborg 1","SAIF Kbh. 1","away","Internal server error","https://www.badmintonplayer.dk/DBF/HoldTurnering/Stilling/#5,2010,431,1,1,8,,23531,1093,"
"2010","23535","1","431","Gladsaxe Søborg 1","Skibby 2","home","Internal server error","https://www.badmintonplayer.dk/DBF/HoldTurnering/Stilling/#5,2010,431,1,1,8,,23535,1093,"
"2010","23539","1","431","Gladsaxe Søborg 1","Team Roskilde 2","away","Internal server error","https://www.badmintonplayer.dk/DBF/HoldTurnering/Stilling/#5,2010,431,1,1,8,,23539,1093,"
"2010","23543","1","431","Gladsaxe Søborg 1","Herlev/Hjorten 2","home","Internal server error","https://www.badmintonplayer.dk/DBF/HoldTurnering/Stilling/#5,2010,431,1,1,8,,23543,1093,"
"2010","23546","1","431","Gladsaxe Søborg 1","Karlslunde 1","home","Internal server error","https://www.badmintonplayer.dk/DBF/HoldTurnering/Stilling/#5,2010,431,1,1,8,,23546,1093,"